{
	"parent": "block/cube",
	"ambientocclusion": false,
	"textures": {
    "front": "rsgauges:blocks/gauge/flatgauge4texture_s00",
    "side":  "rsgauges:blocks/gauge/flatgauge4texture_side",
		"particle": "rsgauges:blocks/common/darkgraymetal"
	},
	"elements": [
		{
			"from": [6, 3.7, 15.6],
			"to": [9, 12, 16],
			"faces": {
				"north": {"uv": [7, 4, 10, 12.3], "texture": "#front", "tintindex": 0},
				"east": {"uv": [0, 4, 0.4, 12.3], "texture": "#side"},
				"south": {"uv": [6, 4, 9, 12.3], "texture": "#side"},
				"west": {"uv": [15.6, 4, 16, 12.3], "texture": "#side"},
				"up": {"uv": [6, 15.6, 9, 16], "texture": "#side"},
				"down": {"uv": [6, 0, 9, 0.4], "texture": "#side"}
			}
		}
	],
	"display": {
		"thirdperson_righthand": {
			"rotation": [0, 63, 0],
			"translation": [-3.75, -1, -2.75],
			"scale": [0.6, 0.6, 0.6]
		},
		"firstperson_righthand": {
			"rotation": [-19, 80, 0],
			"translation": [-0.75, 0, -1.25],
			"scale": [0.6, 0.6, 0.6]
		},
		"ground": {
			"translation": [0, 0, -7],
			"scale": [0.75, 0.75, 0.75]
		},
		"gui": {
			"rotation": [30, -135, 0],
			"translation": [7.75, -4.25, 0],
			"scale": [1.5, 1.5, 1.5]
		},
		"fixed": {
			"translation": [0, 0, -7]
		}
	}
}