{
	"parent": "block/cube",
	"ambientocclusion": false,
	"textures": {
		"1": "rsgauges:blocks/common/old_gold",
		"3": "rsgauges:blocks/common/old_wood",
    "5": "rsgauges:blocks/common/old_iron",
		"particle": "rsgauges:blocks/common/old_iron"
	},
	"elements": [
		{
			"from": [9.25, 12.5, 13.5],
			"to": [10, 12.75, 16],
			"faces": {
				"north": {"uv": [7, 0, 7.75, 0.25], "texture": "#5"},
				"east": {"uv": [7, 0, 9.5, 0.25], "texture": "#5"},
				"south": {"uv": [7, 0, 7.75, 0.25], "texture": "#5"},
				"west": {"uv": [7, 0, 9.5, 0.25], "texture": "#5"},
				"up": {"uv": [7, 0, 7.75, 2.5], "texture": "#5"},
				"down": {"uv": [7, 0, 7.75, 2.5], "texture": "#5"}
			}
		},
		{
			"from": [9, 13, 13.25],
			"to": [10.25, 14.25, 13.5],
			"faces": {
				"north": {"uv": [10, 1, 11.25, 2.25], "texture": "#5"},
				"east": {"uv": [10, 1, 10.25, 2.25], "texture": "#5"},
				"south": {"uv": [10, 1, 11.25, 2.25], "texture": "#5"},
				"west": {"uv": [10, 1, 10.25, 2.25], "texture": "#5"},
				"up": {"uv": [10, 1, 11.25, 1.25], "texture": "#5"},
				"down": {"uv": [10, 1, 11.25, 1.25], "texture": "#5"}
			}
		},
		{
			"from": [9, 13, 13],
			"to": [10.25, 14.25, 13.25],
			"faces": {
				"north": {"uv": [10, 1, 11.25, 2.25], "texture": "#1"},
				"east": {"uv": [10, 1, 10.25, 2.25], "texture": "#1"},
				"south": {"uv": [10, 1, 11.25, 2.25], "texture": "#1"},
				"west": {"uv": [10, 1, 10.25, 2.25], "texture": "#1"},
				"up": {"uv": [10, 1, 11.25, 1.25], "texture": "#1"},
				"down": {"uv": [10, 1, 11.25, 1.25], "texture": "#1"}
			}
		},
		{
			"from": [9.25, 13.25, 12.5],
			"to": [10, 14, 13],
			"faces": {
				"north": {"uv": [10, 1, 10.75, 1.75], "texture": "#1"},
				"east": {"uv": [10, 1, 10.5, 1.75], "texture": "#1"},
				"south": {"uv": [10, 1, 10.75, 1.75], "texture": "#1"},
				"west": {"uv": [10, 1, 10.5, 1.75], "texture": "#1"},
				"up": {"uv": [10, 1, 10.75, 1.5], "texture": "#1"},
				"down": {"uv": [10, 1, 10.75, 1.5], "texture": "#1"}
			}
		},
		{
			"from": [9.25, 11.75, 13.75],
			"to": [10, 12.25, 16],
			"faces": {
				"north": {"uv": [7, 0, 7.75, 0.5], "texture": "#5"},
				"east": {"uv": [7, 0, 9.25, 0.5], "texture": "#5"},
				"south": {"uv": [7, 0, 7.75, 0.5], "texture": "#5"},
				"west": {"uv": [7, 0, 9.25, 0.5], "texture": "#5"},
				"up": {"uv": [7, 0, 7.75, 2.25], "texture": "#5"},
				"down": {"uv": [7, 0, 7.75, 2.25], "texture": "#5"}
			}
		},
		{
			"from": [9.25, 12.25, 13.5],
			"to": [10, 12.5, 16],
			"faces": {
				"north": {"uv": [6.25, 13.25, 7, 13.5], "texture": "#1"},
				"east": {"uv": [8.75, 7.25, 11.25, 7.5], "texture": "#1"},
				"south": {"uv": [6.25, 7.25, 7, 7.5], "texture": "#1"},
				"west": {"uv": [6.75, 7.25, 9.25, 7.5], "texture": "#1"},
				"up": {"uv": [10, 13.25, 10.75, 15.75], "texture": "#1"},
				"down": {"uv": [6.25, 8.75, 7, 11.25], "texture": "#1"}
			}
		},
		{
			"from": [9.25, 12.75, 13.5],
			"to": [10, 14, 13.75],
			"faces": {
				"north": {"uv": [7, 0, 7.75, 1.25], "texture": "#5"},
				"east": {"uv": [7, 0, 7.25, 1.25], "texture": "#5"},
				"south": {"uv": [7, 0, 7.75, 1.25], "texture": "#5"},
				"west": {"uv": [7, 0, 7.25, 1.25], "texture": "#5"},
				"up": {"uv": [7, 0, 7.75, 0.25], "texture": "#5"},
				"down": {"uv": [7, 0, 7.75, 0.25], "texture": "#5"}
			}
		},
		{
			"from": [9, 13, 12.25],
			"to": [10.25, 14.25, 12.5],
			"faces": {
				"north": {"uv": [10, 1, 11.25, 2.25], "texture": "#1"},
				"east": {"uv": [10, 1, 10.25, 2.25], "texture": "#1"},
				"south": {"uv": [10, 1, 11.25, 2.25], "texture": "#1"},
				"west": {"uv": [10, 1, 10.25, 2.25], "texture": "#1"},
				"up": {"uv": [10, 1, 11.25, 1.25], "texture": "#1"},
				"down": {"uv": [10, 1, 11.25, 1.25], "texture": "#1"}
			}
		},
		{
			"from": [9.25, 12.5, 13.25],
			"to": [10, 13, 13.5],
			"faces": {
				"north": {"uv": [6.25, 13.25, 7, 13.75], "texture": "#1"},
				"east": {"uv": [8.75, 7.25, 9, 7.75], "texture": "#1"},
				"south": {"uv": [6.25, 7.25, 7, 7.75], "texture": "#1"},
				"west": {"uv": [6.75, 7.25, 7, 7.75], "texture": "#1"},
				"up": {"uv": [10, 13.5, 10.75, 13.75], "texture": "#1"},
				"down": {"uv": [6.25, 8.75, 7, 9], "texture": "#1"}
			}
		},
		{
			"from": [9.25, 13.25, 12],
			"to": [10, 14, 12.25],
			"faces": {
				"north": {"uv": [7, 0, 7.75, 0.75], "texture": "#5"},
				"east": {"uv": [7, 0, 7.25, 0.75], "texture": "#5"},
				"south": {"uv": [7, 0, 7.75, 0.75], "texture": "#5"},
				"west": {"uv": [7, 0, 7.25, 0.75], "texture": "#5"},
				"up": {"uv": [7, 0, 7.75, 0.25], "texture": "#5"},
				"down": {"uv": [7, 0, 7.75, 0.25], "texture": "#5"}
			}
		},
		{
			"from": [7.75, 8.25, 13.25],
			"to": [8.25, 8.75, 15.5],
			"faces": {
				"north": {"uv": [6.25, 13.25, 6.75, 13.75], "texture": "#5"},
				"east": {"uv": [8.75, 7.25, 11, 7.75], "texture": "#5"},
				"south": {"uv": [6.25, 7.25, 6.75, 7.75], "texture": "#5"},
				"west": {"uv": [6.75, 7.25, 9, 7.75], "texture": "#5"},
				"up": {"uv": [6.25, 6.75, 6.75, 9], "texture": "#5"},
				"down": {"uv": [6.25, 8.75, 6.75, 11], "texture": "#5"}
			}
		},
		{
			"from": [7.75, 7.25, 13.25],
			"to": [8.25, 7.75, 15.5],
			"faces": {
				"north": {"uv": [6.25, 13.25, 6.75, 13.75], "texture": "#5"},
				"east": {"uv": [8.75, 7.25, 11, 7.75], "texture": "#5"},
				"south": {"uv": [6.25, 7.25, 6.75, 7.75], "texture": "#5"},
				"west": {"uv": [6.75, 7.25, 9, 7.75], "texture": "#5"},
				"up": {"uv": [6.25, 6.75, 6.75, 9], "texture": "#5"},
				"down": {"uv": [6.25, 8.75, 6.75, 11], "texture": "#5"}
			}
		},
		{
			"from": [8.25, 7.75, 13.25],
			"to": [8.75, 8.25, 15.5],
			"faces": {
				"north": {"uv": [6.25, 13.25, 6.75, 13.75], "texture": "#5"},
				"east": {"uv": [8.75, 7.25, 11, 7.75], "texture": "#5"},
				"south": {"uv": [6.25, 7.25, 6.75, 7.75], "texture": "#5"},
				"west": {"uv": [6.75, 7.25, 9, 7.75], "texture": "#5"},
				"up": {"uv": [6.25, 6.75, 6.75, 9], "texture": "#5"},
				"down": {"uv": [6.25, 8.75, 6.75, 11], "texture": "#5"}
			}
		},
		{
			"from": [7.25, 7.75, 13.25],
			"to": [7.75, 8.25, 15.5],
			"faces": {
				"north": {"uv": [6.25, 13.25, 6.75, 13.75], "texture": "#5"},
				"east": {"uv": [8.75, 7.25, 11, 7.75], "texture": "#5"},
				"south": {"uv": [6.25, 7.25, 6.75, 7.75], "texture": "#5"},
				"west": {"uv": [6.75, 7.25, 9, 7.75], "texture": "#5"},
				"up": {"uv": [6.25, 6.75, 6.75, 9], "texture": "#5"},
				"down": {"uv": [6.25, 8.75, 6.75, 11], "texture": "#5"}
			}
		},
		{
			"from": [7.75, 7.75, 13.25],
			"to": [8.25, 8.25, 15.5],
			"faces": {
				"north": {"uv": [6.25, 11.25, 6.75, 11.75], "texture": "#5"},
				"east": {"uv": [8.75, 7.25, 11, 7.75], "texture": "#5"},
				"south": {"uv": [6.25, 7.25, 6.75, 7.75], "texture": "#5"},
				"west": {"uv": [6.75, 7.25, 9, 7.75], "texture": "#5"},
				"up": {"uv": [6.25, 6.75, 6.75, 9], "texture": "#5"},
				"down": {"uv": [6.25, 8.75, 6.75, 11], "texture": "#5"}
			}
		},
		{
			"from": [8.25, 8.25, 13.25],
			"to": [8.5, 8.5, 15.5],
			"faces": {
				"north": {"uv": [6.25, 13.25, 6.5, 13.5], "texture": "#1"},
				"east": {"uv": [8.75, 7.25, 11, 7.5], "texture": "#1"},
				"south": {"uv": [6.25, 7.25, 6.5, 7.5], "texture": "#1"},
				"west": {"uv": [6.75, 7.25, 9, 7.5], "texture": "#1"},
				"up": {"uv": [10, 13.75, 10.25, 16], "texture": "#1"},
				"down": {"uv": [6.25, 8.75, 6.5, 11], "texture": "#1"}
			}
		},
		{
			"from": [7.5, 8.25, 13.25],
			"to": [7.75, 8.5, 15.5],
			"faces": {
				"north": {"uv": [6.25, 13.25, 6.5, 13.5], "texture": "#1"},
				"east": {"uv": [8.75, 7.25, 11, 7.5], "texture": "#1"},
				"south": {"uv": [6.25, 7.25, 6.5, 7.5], "texture": "#1"},
				"west": {"uv": [6.75, 7.25, 9, 7.5], "texture": "#1"},
				"up": {"uv": [10, 13.75, 10.25, 16], "texture": "#1"},
				"down": {"uv": [6.25, 8.75, 6.5, 11], "texture": "#1"}
			}
		},
		{
			"from": [7.5, 7.5, 13.25],
			"to": [7.75, 7.75, 15.5],
			"faces": {
				"north": {"uv": [6.25, 13.25, 6.5, 13.5], "texture": "#1"},
				"east": {"uv": [8.75, 7.25, 11, 7.5], "texture": "#1"},
				"south": {"uv": [6.25, 7.25, 6.5, 7.5], "texture": "#1"},
				"west": {"uv": [6.75, 7.25, 9, 7.5], "texture": "#1"},
				"up": {"uv": [10, 13.75, 10.25, 16], "texture": "#1"},
				"down": {"uv": [6.25, 8.75, 6.5, 11], "texture": "#1"}
			}
		},
		{
			"from": [8.25, 7.5, 13.25],
			"to": [8.5, 7.75, 15.5],
			"faces": {
				"north": {"uv": [6.25, 13.25, 6.5, 13.5], "texture": "#1"},
				"east": {"uv": [8.75, 7.25, 11, 7.5], "texture": "#1"},
				"south": {"uv": [6.25, 7.25, 6.5, 7.5], "texture": "#1"},
				"west": {"uv": [6.75, 7.25, 9, 7.5], "texture": "#1"},
				"up": {"uv": [10, 13.75, 10.25, 16], "texture": "#1"},
				"down": {"uv": [6.25, 8.75, 6.5, 11], "texture": "#1"}
			}
		},
		{
			"from": [7.5, 8.75, 15.5],
			"to": [8.5, 9, 16],
			"faces": {
				"north": {"uv": [7, 7, 8, 7.25], "texture": "#5"},
				"east": {"uv": [8.75, 7, 9.25, 7.25], "texture": "#5"},
				"south": {"uv": [7, 7, 8, 7.25], "texture": "#5"},
				"west": {"uv": [6.75, 7, 7.25, 7.25], "texture": "#5"},
				"up": {"uv": [7, 6.75, 8, 7.25], "texture": "#5"},
				"down": {"uv": [7, 8.75, 8, 9.25], "texture": "#5"}
			}
		},
		{
			"from": [7, 7.5, 15.5],
			"to": [7.25, 8.5, 16],
			"faces": {
				"north": {"uv": [7, 10, 7.25, 11], "texture": "#5"},
				"east": {"uv": [8.75, 8, 9.25, 9], "texture": "#5"},
				"south": {"uv": [6, 8, 6.25, 9], "texture": "#5"},
				"west": {"uv": [6.75, 8, 7.25, 9], "texture": "#5"},
				"up": {"uv": [6, 6.75, 6.25, 7.25], "texture": "#5"},
				"down": {"uv": [6, 8.75, 6.25, 9.25], "texture": "#5"}
			}
		},
		{
			"from": [8.75, 7.5, 15.5],
			"to": [9, 8.5, 16],
			"faces": {
				"north": {"uv": [8, 8, 8.25, 9], "texture": "#5"},
				"east": {"uv": [8, 8, 8.5, 9], "texture": "#5"},
				"south": {"uv": [8, 8, 8.25, 9], "texture": "#5"},
				"west": {"uv": [8, 8, 8.5, 9], "texture": "#5"},
				"up": {"uv": [8, 8, 8.25, 8.5], "texture": "#5"},
				"down": {"uv": [8, 8, 8.25, 8.5], "texture": "#5"}
			}
		},
		{
			"from": [7.25, 7.25, 15.5],
			"to": [8.75, 8.75, 16],
			"faces": {
				"north": {"uv": [6.25, 7.25, 7.75, 8.75], "texture": "#5"},
				"east": {"uv": [8.75, 7.25, 9.25, 8.75], "texture": "#5"},
				"south": {"uv": [6.25, 7.25, 7.75, 8.75], "texture": "#5"},
				"west": {"uv": [6.75, 7.25, 7.25, 8.75], "texture": "#5"},
				"up": {"uv": [6.25, 6.75, 7.75, 7.25], "texture": "#5"},
				"down": {"uv": [6.25, 8.75, 7.75, 9.25], "texture": "#5"}
			}
		},
		{
			"from": [7.5, 7, 15.5],
			"to": [8.5, 7.25, 16],
			"faces": {
				"north": {"uv": [7, 7, 8, 7.25], "texture": "#5"},
				"east": {"uv": [8.75, 7, 9.25, 7.25], "texture": "#5"},
				"south": {"uv": [7, 7, 8, 7.25], "texture": "#5"},
				"west": {"uv": [6.75, 7, 7.25, 7.25], "texture": "#5"},
				"up": {"uv": [7, 6.75, 8, 7.25], "texture": "#5"},
				"down": {"uv": [7, 8.75, 8, 9.25], "texture": "#5"}
			}
		},
		{
			"from": [9, 7.5, 12.25],
			"to": [10.25, 8.25, 13.25],
			"faces": {
				"north": {"uv": [5, 9, 6.25, 9.75], "texture": "#5"},
				"east": {"uv": [5, 9, 6, 9.75], "texture": "#5"},
				"south": {"uv": [5, 9, 6.25, 9.75], "texture": "#5"},
				"west": {"uv": [5, 9, 6, 9.75], "texture": "#5"},
				"up": {"uv": [5, 9, 6.25, 10], "texture": "#5"},
				"down": {"uv": [5, 9, 6.25, 10], "texture": "#5"}
			}
		},
		{
			"from": [10.25, 7.25, 12.25],
			"to": [14.75, 8.5, 13.25],
			"faces": {
				"north": {"uv": [0, 8, 4.5, 9.25], "texture": "#3"},
				"east": {"uv": [0, 6, 1, 7.25], "texture": "#3"},
				"south": {"uv": [0, 6, 4.5, 7.25], "texture": "#3"},
				"west": {"uv": [0, 6, 1, 7.25], "texture": "#3"},
				"up": {"uv": [0, 6, 4.5, 7], "texture": "#3"},
				"down": {"uv": [0, 6, 4.5, 7], "texture": "#3"}
			}
		},
		{
			"from": [10.25, 7.5, 12],
			"to": [14.75, 8.25, 12.25],
			"faces": {
				"north": {"uv": [2, 12, 6.5, 12.75], "texture": "#3"},
				"east": {"uv": [0, 6, 0.25, 6.75], "texture": "#3"},
				"south": {"uv": [0, 6, 4.5, 6.75], "texture": "#3"},
				"west": {"uv": [7, 5, 7.25, 5.75], "texture": "#3"},
				"up": {"uv": [0, 6, 4.5, 6.25], "texture": "#3"},
				"down": {"uv": [0, 8, 4.5, 8.25], "texture": "#3"}
			}
		},
		{
			"from": [10.25, 7.5, 13.25],
			"to": [14.75, 8.25, 13.5],
			"faces": {
				"north": {"uv": [0, 8, 4.5, 8.75], "texture": "#3"},
				"east": {"uv": [0, 6, 0.25, 6.75], "texture": "#3"},
				"south": {"uv": [0, 6, 4.5, 6.75], "texture": "#3"},
				"west": {"uv": [6, 8, 6.25, 8.75], "texture": "#3"},
				"up": {"uv": [0, 6, 4.5, 6.25], "texture": "#3"},
				"down": {"uv": [0, 10, 4.5, 10.25], "texture": "#3"}
			}
		},
		{
			"from": [14.75, 7.75, 12.5],
			"to": [15, 8, 13],
			"faces": {
				"north": {"uv": [5, 9, 5.25, 9.25], "texture": "#1"},
				"east": {"uv": [5, 9, 5.5, 9.25], "texture": "#1"},
				"south": {"uv": [5, 9, 5.25, 9.25], "texture": "#1"},
				"west": {"uv": [5, 9, 5.5, 9.25], "texture": "#1"},
				"up": {"uv": [11, 13, 11.25, 13.5], "texture": "#1"},
				"down": {"uv": [5, 9, 5.25, 9.5], "texture": "#1"}
			}
		},
		{
			"from": [14.75, 7.5, 12.25],
			"to": [15, 8.25, 12.5],
			"faces": {
				"north": {"uv": [6, 9, 6.25, 9.75], "texture": "#5"},
				"east": {"uv": [6, 9, 6.25, 9.75], "texture": "#5"},
				"south": {"uv": [6, 9, 6.25, 9.75], "texture": "#5"},
				"west": {"uv": [6, 9, 6.25, 9.75], "texture": "#5"},
				"up": {"uv": [6, 9, 6.25, 9.25], "texture": "#5"},
				"down": {"uv": [6, 9, 6.25, 9.25], "texture": "#5"}
			}
		},
		{
			"from": [14.75, 7.5, 13],
			"to": [15, 8.25, 13.25],
			"faces": {
				"north": {"uv": [5, 9, 5.25, 9.75], "texture": "#5"},
				"east": {"uv": [5, 9, 5.25, 9.75], "texture": "#5"},
				"south": {"uv": [5, 9, 5.25, 9.75], "texture": "#5"},
				"west": {"uv": [5, 9, 5.25, 9.75], "texture": "#5"},
				"up": {"uv": [5, 9, 5.25, 9.25], "texture": "#5"},
				"down": {"uv": [5, 9, 5.25, 9.25], "texture": "#5"}
			}
		},
		{
			"from": [14.75, 8, 12.5],
			"to": [15, 8.25, 13],
			"faces": {
				"north": {"uv": [5, 9, 5.25, 9.25], "texture": "#5"},
				"east": {"uv": [6, 10, 6.5, 10.25], "texture": "#5"},
				"south": {"uv": [5, 9, 5.25, 9.25], "texture": "#5"},
				"west": {"uv": [5, 9, 5.5, 9.25], "texture": "#5"},
				"up": {"uv": [5, 9, 5.25, 9.5], "texture": "#5"},
				"down": {"uv": [5, 9, 5.25, 9.5], "texture": "#5"}
			}
		},
		{
			"from": [14.75, 7.5, 12.5],
			"to": [15, 7.75, 13],
			"faces": {
				"north": {"uv": [5, 9, 5.25, 9.25], "texture": "#5"},
				"east": {"uv": [6, 10, 6.5, 10.25], "texture": "#5"},
				"south": {"uv": [5, 9, 5.25, 9.25], "texture": "#5"},
				"west": {"uv": [5, 9, 5.5, 9.25], "texture": "#5"},
				"up": {"uv": [5, 9, 5.25, 9.5], "texture": "#5"},
				"down": {"uv": [5, 9, 5.25, 9.5], "texture": "#5"}
			}
		},
		{
			"from": [3, 7.75, 12.25],
			"to": [7.5, 8.5, 13.25],
			"faces": {
				"north": {"uv": [0, 6, 4.5, 6.75], "texture": "#5"},
				"east": {"uv": [0, 6, 1, 6.75], "texture": "#5"},
				"south": {"uv": [0, 6, 4.5, 6.75], "texture": "#5"},
				"west": {"uv": [0, 6, 1, 6.75], "texture": "#5"},
				"up": {"uv": [0, 6, 4.5, 7], "texture": "#5"},
				"down": {"uv": [0, 6, 4.5, 7], "texture": "#5"}
			}
		},
		{
			"from": [8.75, 7.5, 12.25],
			"to": [9, 8.5, 13.25],
			"faces": {
				"north": {"uv": [8, 8, 8.25, 9], "texture": "#5"},
				"east": {"uv": [8, 8, 9, 9], "texture": "#5"},
				"south": {"uv": [8, 8, 8.25, 9], "texture": "#5"},
				"west": {"uv": [8, 8, 9, 9], "texture": "#5"},
				"up": {"uv": [8, 8, 8.25, 9], "texture": "#5"},
				"down": {"uv": [8, 8, 8.25, 9], "texture": "#5"}
			}
		},
		{
			"from": [7.5, 7.5, 12],
			"to": [8.5, 8.5, 13.25],
			"faces": {
				"north": {"uv": [7, 5, 8, 6], "texture": "#5"},
				"east": {"uv": [8.75, 7.25, 10, 8.25], "texture": "#5"},
				"south": {"uv": [6.25, 7.25, 7.25, 8.25], "texture": "#5"},
				"west": {"uv": [6.75, 7.25, 8, 8.25], "texture": "#5"},
				"up": {"uv": [6.25, 6.75, 7.25, 8], "texture": "#5"},
				"down": {"uv": [6.25, 8.75, 7.25, 10], "texture": "#5"}
			}
		},
		{
			"from": [2.25, 7.75, 12.25],
			"to": [3, 9.75, 13.25],
			"faces": {
				"north": {"uv": [2, 9, 2.75, 11], "texture": "#5"},
				"east": {"uv": [2, 6, 3, 8], "texture": "#5"},
				"south": {"uv": [2, 6, 2.75, 8], "texture": "#5"},
				"west": {"uv": [2, 6, 3, 8], "texture": "#5"},
				"up": {"uv": [2, 6, 2.75, 7], "texture": "#5"},
				"down": {"uv": [2, 6, 2.75, 7], "texture": "#5"}
			}
		},
		{
			"from": [7.5, 8.5, 12.25],
			"to": [8.5, 8.75, 13.25],
			"faces": {
				"north": {"uv": [5, 11, 6, 11.25], "texture": "#5"},
				"east": {"uv": [5, 11, 6, 11.25], "texture": "#5"},
				"south": {"uv": [5, 11, 6, 11.25], "texture": "#5"},
				"west": {"uv": [5, 11, 6, 11.25], "texture": "#5"},
				"up": {"uv": [5, 11, 6, 12], "texture": "#5"},
				"down": {"uv": [5, 11, 6, 12], "texture": "#5"}
			}
		},
		{
			"from": [7.5, 7.25, 12.25],
			"to": [8.5, 7.5, 13.25],
			"faces": {
				"north": {"uv": [5, 11, 6, 11.25], "texture": "#5"},
				"east": {"uv": [5, 11, 6, 11.25], "texture": "#5"},
				"south": {"uv": [5, 11, 6, 11.25], "texture": "#5"},
				"west": {"uv": [5, 11, 6, 11.25], "texture": "#5"},
				"up": {"uv": [5, 11, 6, 12], "texture": "#5"},
				"down": {"uv": [5, 11, 6, 12], "texture": "#5"}
			}
		},
		{
			"from": [8.5, 7.5, 12.25],
			"to": [8.75, 8.25, 13.25],
			"faces": {
				"north": {"uv": [8, 8, 8.25, 8.75], "texture": "#5"},
				"east": {"uv": [8, 8, 9, 8.75], "texture": "#5"},
				"south": {"uv": [8, 8, 8.25, 8.75], "texture": "#5"},
				"west": {"uv": [8, 8, 9, 8.75], "texture": "#5"},
				"up": {"uv": [8, 8, 8.25, 9], "texture": "#5"},
				"down": {"uv": [8, 8, 8.25, 9], "texture": "#5"}
			}
		},
		{
			"from": [4.25, 13.5, 12.5],
			"to": [5, 13.75, 13],
			"faces": {
				"north": {"uv": [4, 4, 4.75, 4.25], "texture": "#1"},
				"east": {"uv": [8.75, 7.25, 9.25, 7.5], "texture": "#1"},
				"south": {"uv": [6.25, 7.25, 7, 7.5], "texture": "#1"},
				"west": {"uv": [6.75, 7.25, 7.25, 7.5], "texture": "#1"},
				"up": {"uv": [10, 14, 10.75, 14.5], "texture": "#1"},
				"down": {"uv": [6.25, 8.75, 7, 9.25], "texture": "#1"}
			}
		},
		{
			"from": [4.25, 12.5, 12.5],
			"to": [4.75, 12.75, 13],
			"faces": {
				"north": {"uv": [4, 4, 4.5, 4.25], "texture": "#1"},
				"east": {"uv": [8.75, 7.25, 9.25, 7.5], "texture": "#1"},
				"south": {"uv": [6.25, 7.25, 6.75, 7.5], "texture": "#1"},
				"west": {"uv": [6.75, 7.25, 7.25, 7.5], "texture": "#1"},
				"up": {"uv": [10, 14, 10.5, 14.5], "texture": "#1"},
				"down": {"uv": [6.25, 8.75, 6.75, 9.25], "texture": "#1"}
			}
		},
		{
			"from": [4, 12.75, 12.5],
			"to": [4.25, 13.5, 13],
			"faces": {
				"north": {"uv": [4, 4, 4.25, 4.75], "texture": "#1"},
				"east": {"uv": [8.75, 7.25, 9.25, 8], "texture": "#1"},
				"south": {"uv": [6.25, 7.25, 6.5, 8], "texture": "#1"},
				"west": {"uv": [6.75, 7.25, 7.25, 8], "texture": "#1"},
				"up": {"uv": [10, 14, 10.25, 14.5], "texture": "#1"},
				"down": {"uv": [6.25, 8.75, 6.5, 9.25], "texture": "#1"}
			}
		},
		{
			"from": [4.25, 12.75, 12.5],
			"to": [4.75, 13.5, 13],
			"faces": {
				"north": {"uv": [4, 4, 4.5, 4.75], "texture": "#1"},
				"east": {"uv": [8.75, 7.25, 9.25, 8], "texture": "#1"},
				"south": {"uv": [6.25, 7.25, 6.75, 8], "texture": "#1"},
				"west": {"uv": [6.75, 7.25, 7.25, 8], "texture": "#1"},
				"up": {"uv": [10, 14, 10.5, 14.5], "texture": "#1"},
				"down": {"uv": [6.25, 8.75, 6.75, 9.25], "texture": "#1"}
			}
		},
		{
			"from": [4.75, 11.5, 12.5],
			"to": [5, 12.75, 13],
			"faces": {
				"north": {"uv": [4, 4, 4.25, 5.25], "texture": "#1"},
				"east": {"uv": [8.75, 7.25, 9.25, 8.5], "texture": "#1"},
				"south": {"uv": [6.25, 7.25, 6.5, 8.5], "texture": "#1"},
				"west": {"uv": [6.75, 7.25, 7.25, 8.5], "texture": "#1"},
				"up": {"uv": [10, 14, 10.25, 14.5], "texture": "#1"},
				"down": {"uv": [6.25, 8.75, 6.5, 9.25], "texture": "#1"}
			}
		},
		{
			"from": [2.75, 7.5, 12.5],
			"to": [7.25, 7.75, 13],
			"faces": {
				"north": {"uv": [4, 4, 8.5, 4.25], "texture": "#1"},
				"east": {"uv": [8.75, 7.25, 9.25, 7.5], "texture": "#1"},
				"south": {"uv": [6.25, 7.25, 10.75, 7.5], "texture": "#1"},
				"west": {"uv": [6.75, 7.25, 7.25, 7.5], "texture": "#1"},
				"up": {"uv": [10, 14, 14.5, 14.5], "texture": "#1"},
				"down": {"uv": [6.25, 8.75, 10.75, 9.25], "texture": "#1"}
			}
		},
		{
			"from": [3, 8.5, 12.5],
			"to": [7.25, 8.75, 13],
			"faces": {
				"north": {"uv": [4, 4, 8.25, 4.25], "texture": "#1"},
				"east": {"uv": [8.75, 7.25, 9.25, 7.5], "texture": "#1"},
				"south": {"uv": [6.25, 7.25, 10.5, 7.5], "texture": "#1"},
				"west": {"uv": [6.75, 7.25, 7.25, 7.5], "texture": "#1"},
				"up": {"uv": [10, 14, 14.25, 14.5], "texture": "#1"},
				"down": {"uv": [6.25, 8.75, 10.5, 9.25], "texture": "#1"}
			}
		},
		{
			"from": [3, 8.75, 12.5],
			"to": [3.25, 9.75, 13],
			"faces": {
				"north": {"uv": [4, 4, 4.25, 5], "texture": "#1"},
				"east": {"uv": [8.75, 7.25, 9.25, 8.25], "texture": "#1"},
				"south": {"uv": [6.25, 7.25, 6.5, 8.25], "texture": "#1"},
				"west": {"uv": [6.75, 7.25, 7.25, 8.25], "texture": "#1"},
				"up": {"uv": [10, 14, 10.25, 14.5], "texture": "#1"},
				"down": {"uv": [6.25, 8.75, 6.5, 9.25], "texture": "#1"}
			}
		},
		{
			"from": [3.25, 8.75, 12.5],
			"to": [3.5, 10.5, 13],
			"faces": {
				"north": {"uv": [4, 4, 4.25, 5.75], "texture": "#1"},
				"east": {"uv": [8.75, 7.25, 9.25, 9], "texture": "#1"},
				"south": {"uv": [6.25, 7.25, 6.5, 9], "texture": "#1"},
				"west": {"uv": [6.75, 7.25, 7.25, 9], "texture": "#1"},
				"up": {"uv": [10, 14, 10.25, 14.5], "texture": "#1"},
				"down": {"uv": [6.25, 8.75, 6.5, 9.25], "texture": "#1"}
			}
		},
		{
			"from": [3.5, 10.25, 12.5],
			"to": [3.75, 10.5, 13],
			"faces": {
				"north": {"uv": [4, 4, 4.25, 4.25], "texture": "#1"},
				"east": {"uv": [8.75, 7.25, 9.25, 7.5], "texture": "#1"},
				"south": {"uv": [6.25, 7.25, 6.5, 7.5], "texture": "#1"},
				"west": {"uv": [6.75, 7.25, 7.25, 7.5], "texture": "#1"},
				"up": {"uv": [10, 14, 10.25, 14.5], "texture": "#1"},
				"down": {"uv": [6.25, 8.75, 6.5, 9.25], "texture": "#1"}
			}
		},
		{
			"from": [3.75, 10.25, 12.5],
			"to": [4, 11.25, 13],
			"faces": {
				"north": {"uv": [4, 4, 4.25, 5], "texture": "#1"},
				"east": {"uv": [8.75, 7.25, 9.25, 8.25], "texture": "#1"},
				"south": {"uv": [6.25, 7.25, 6.5, 8.25], "texture": "#1"},
				"west": {"uv": [6.75, 7.25, 7.25, 8.25], "texture": "#1"},
				"up": {"uv": [10, 14, 10.25, 14.5], "texture": "#1"},
				"down": {"uv": [6.25, 8.75, 6.5, 9.25], "texture": "#1"}
			}
		},
		{
			"from": [4, 11, 12.5],
			"to": [4.25, 11.25, 13],
			"faces": {
				"north": {"uv": [4, 4, 4.25, 4.25], "texture": "#1"},
				"east": {"uv": [8.75, 7.25, 9.25, 7.5], "texture": "#1"},
				"south": {"uv": [6.25, 7.25, 6.5, 7.5], "texture": "#1"},
				"west": {"uv": [6.75, 7.25, 7.25, 7.5], "texture": "#1"},
				"up": {"uv": [10, 14, 10.25, 14.5], "texture": "#1"},
				"down": {"uv": [6.25, 8.75, 6.5, 9.25], "texture": "#1"}
			}
		},
		{
			"from": [4.25, 11, 12.5],
			"to": [4.5, 11.75, 13],
			"faces": {
				"north": {"uv": [4, 4, 4.25, 4.75], "texture": "#1"},
				"east": {"uv": [8.75, 7.25, 9.25, 8], "texture": "#1"},
				"south": {"uv": [6.25, 7.25, 6.5, 8], "texture": "#1"},
				"west": {"uv": [6.75, 7.25, 7.25, 8], "texture": "#1"},
				"up": {"uv": [10, 14, 10.25, 14.5], "texture": "#1"},
				"down": {"uv": [6.25, 8.75, 6.5, 9.25], "texture": "#1"}
			}
		},
		{
			"from": [4.5, 11.5, 12.5],
			"to": [4.75, 11.75, 13],
			"faces": {
				"north": {"uv": [4, 4, 4.25, 4.25], "texture": "#1"},
				"east": {"uv": [8.75, 7.25, 9.25, 7.5], "texture": "#1"},
				"south": {"uv": [6.25, 7.25, 6.5, 7.5], "texture": "#1"},
				"west": {"uv": [6.75, 7.25, 7.25, 7.5], "texture": "#1"},
				"up": {"uv": [10, 14, 10.25, 14.5], "texture": "#1"},
				"down": {"uv": [6.25, 8.75, 6.5, 9.25], "texture": "#1"}
			}
		},
		{
			"from": [8.5, 8.25, 12.5],
			"to": [8.75, 8.75, 13.25],
			"faces": {
				"north": {"uv": [6.25, 13.25, 6.5, 13.75], "texture": "#1"},
				"east": {"uv": [8.75, 7.25, 9.5, 7.75], "texture": "#1"},
				"south": {"uv": [6.25, 7.25, 6.5, 7.75], "texture": "#1"},
				"west": {"uv": [6.75, 7.25, 7.5, 7.75], "texture": "#1"},
				"up": {"uv": [10, 14, 10.25, 14.75], "texture": "#1"},
				"down": {"uv": [6.25, 8.75, 6.5, 9.5], "texture": "#1"}
			}
		},
		{
			"from": [7.25, 8.5, 12.5],
			"to": [7.5, 8.75, 13.25],
			"faces": {
				"north": {"uv": [6.25, 13.25, 6.5, 13.5], "texture": "#1"},
				"east": {"uv": [8.75, 7.25, 9.5, 7.5], "texture": "#1"},
				"south": {"uv": [6.25, 7.25, 6.5, 7.5], "texture": "#1"},
				"west": {"uv": [6.75, 7.25, 7.5, 7.5], "texture": "#1"},
				"up": {"uv": [10, 14, 10.25, 14.75], "texture": "#1"},
				"down": {"uv": [6.25, 8.75, 6.5, 9.5], "texture": "#1"}
			}
		},
		{
			"from": [7.25, 7.25, 12.5],
			"to": [7.5, 7.75, 13.25],
			"faces": {
				"north": {"uv": [6.25, 13.25, 6.5, 13.75], "texture": "#1"},
				"east": {"uv": [8.75, 7.25, 9.5, 7.75], "texture": "#1"},
				"south": {"uv": [6.25, 7.25, 6.5, 7.75], "texture": "#1"},
				"west": {"uv": [6.75, 7.25, 7.5, 7.75], "texture": "#1"},
				"up": {"uv": [10, 14, 10.25, 14.75], "texture": "#1"},
				"down": {"uv": [6.25, 8.75, 6.5, 9.5], "texture": "#1"}
			}
		},
		{
			"from": [8.5, 7.25, 12.5],
			"to": [8.75, 7.5, 13.25],
			"faces": {
				"north": {"uv": [6.25, 13.25, 6.5, 13.5], "texture": "#1"},
				"east": {"uv": [8.75, 7.25, 9.5, 7.5], "texture": "#1"},
				"south": {"uv": [6.25, 7.25, 6.5, 7.5], "texture": "#1"},
				"west": {"uv": [6.75, 7.25, 7.5, 7.5], "texture": "#1"},
				"up": {"uv": [10, 14, 10.25, 14.75], "texture": "#1"},
				"down": {"uv": [6.25, 8.75, 6.5, 9.5], "texture": "#1"}
			}
		},
		{
			"from": [7.5, 8.75, 12.5],
			"to": [8.5, 9, 13.25],
			"faces": {
				"north": {"uv": [6.25, 13.25, 7.25, 13.5], "texture": "#1"},
				"east": {"uv": [8.75, 7.25, 9.5, 7.5], "texture": "#1"},
				"south": {"uv": [6.25, 7.25, 7.25, 7.5], "texture": "#1"},
				"west": {"uv": [6.75, 7.25, 7.5, 7.5], "texture": "#1"},
				"up": {"uv": [10, 14, 11, 14.75], "texture": "#1"},
				"down": {"uv": [6.25, 8.75, 7.25, 9.5], "texture": "#1"}
			}
		},
		{
			"from": [7.5, 7, 12.5],
			"to": [8.5, 7.25, 13.25],
			"faces": {
				"north": {"uv": [6.25, 13.25, 7.25, 13.5], "texture": "#1"},
				"east": {"uv": [8.75, 7.25, 9.5, 7.5], "texture": "#1"},
				"south": {"uv": [6.25, 7.25, 7.25, 7.5], "texture": "#1"},
				"west": {"uv": [6.75, 7.25, 7.5, 7.5], "texture": "#1"},
				"up": {"uv": [10, 14, 11, 14.75], "texture": "#1"},
				"down": {"uv": [6.25, 8.75, 7.25, 9.5], "texture": "#1"}
			}
		},
		{
			"from": [4, 11.25, 12.25],
			"to": [4.25, 11.75, 13.25],
			"faces": {
				"north": {"uv": [8, 1, 8.25, 1.5], "texture": "#5"},
				"east": {"uv": [8, 1, 9, 1.5], "texture": "#5"},
				"south": {"uv": [8, 1, 8.25, 1.5], "texture": "#5"},
				"west": {"uv": [8, 1, 9, 1.5], "texture": "#5"},
				"up": {"uv": [8, 1, 8.25, 2], "texture": "#5"},
				"down": {"uv": [8, 1, 8.25, 2], "texture": "#5"}
			}
		},
		{
			"from": [3.5, 11.25, 12.25],
			"to": [4, 12, 13.25],
			"faces": {
				"north": {"uv": [8, 1, 8.5, 1.75], "texture": "#5"},
				"east": {"uv": [8, 1, 9, 1.75], "texture": "#5"},
				"south": {"uv": [8, 1, 8.5, 1.75], "texture": "#5"},
				"west": {"uv": [8, 1, 9, 1.75], "texture": "#5"},
				"up": {"uv": [8, 1, 8.5, 2], "texture": "#5"},
				"down": {"uv": [8, 1, 8.5, 2], "texture": "#5"}
			}
		},
		{
			"from": [4, 11.75, 12.25],
			"to": [4.75, 12.5, 13.25],
			"faces": {
				"north": {"uv": [6, 8, 6.75, 8.75], "texture": "#5"},
				"east": {"uv": [8, 1, 9, 1.75], "texture": "#5"},
				"south": {"uv": [8, 1, 8.75, 1.75], "texture": "#5"},
				"west": {"uv": [8, 1, 9, 1.75], "texture": "#5"},
				"up": {"uv": [8, 1, 8.75, 2], "texture": "#5"},
				"down": {"uv": [8, 1, 8.75, 2], "texture": "#5"}
			}
		},
		{
			"from": [3, 10.5, 12.25],
			"to": [3.75, 11.25, 13.25],
			"faces": {
				"north": {"uv": [8, 6, 8.75, 6.75], "texture": "#5"},
				"east": {"uv": [6, 6, 7, 6.75], "texture": "#5"},
				"south": {"uv": [6, 6, 6.75, 6.75], "texture": "#5"},
				"west": {"uv": [6, 6, 7, 6.75], "texture": "#5"},
				"up": {"uv": [6, 6, 6.75, 7], "texture": "#5"},
				"down": {"uv": [6, 6, 6.75, 7], "texture": "#5"}
			}
		},
		{
			"from": [2.5, 9.75, 12.25],
			"to": [3.25, 10.5, 13.25],
			"faces": {
				"north": {"uv": [1, 4, 1.75, 4.75], "texture": "#5"},
				"east": {"uv": [4, 6, 5, 6.75], "texture": "#5"},
				"south": {"uv": [4, 6, 4.75, 6.75], "texture": "#5"},
				"west": {"uv": [4, 6, 5, 6.75], "texture": "#5"},
				"up": {"uv": [4, 6, 4.75, 7], "texture": "#5"},
				"down": {"uv": [4, 6, 4.75, 7], "texture": "#5"}
			}
		}
	],
	"display": {
		"thirdperson_righthand": {
			"rotation": [-17, 91, 144],
			"translation": [-4.5, -1.25, -0.5],
			"scale": [0.75, 0.75, 0.75]
		},
		"firstperson_righthand": {
			"rotation": [0, 96, 71],
			"translation": [-1, -1, 0],
			"scale": [0.75, 0.75, 0.75]
		},
		"ground": {
			"translation": [0, -0.75, -2.25],
			"scale": [0.5, 0.5, 0.5]
		},
		"gui": {
			"rotation": [30, -135, 0],
			"translation": [5.5, -4.75, 0],
			"scale": [1.4, 1.4, 1.4]
		},
		"fixed": {
			"translation": [0, 0, -8]
		}
	}
}