{
  "parent": "block/cube",
  "ambientocclusion": false,
  "textures": {
    "1": "rsgauges:blocks/common/old_gold",
    "3": "rsgauges:blocks/common/old_wood",
    "5": "rsgauges:blocks/common/old_iron",
    "particle": "rsgauges:blocks/common/old_iron"
  },
  "display": {
    "gui":    { "rotation": [ 0, 180, 0 ], "translation": [  0.00, 0.50,   0.00 ], "scale": [ 1.00, 1.00, 1.00 ] },
    "fixed":  { "rotation": [ 0,   0, 0 ], "translation": [  0.00, 0.00, -11.00 ], "scale": [ 1.00, 1.00, 1.00 ] },
    "ground": { "rotation": [ 0,   0, 0 ], "translation": [  0.00, 0.00,  -7.00 ], "scale": [ 0.50, 0.50, 0.50 ] }
  },
	"elements": [
		{
			"from": [2.75, 8.75, 14],
			"to": [3.5, 9, 16],
			"faces": {
				"north": {"uv": [7, 0, 7.75, 0.25], "texture": "#5"},
				"east": {"uv": [7, 0, 9, 0.25], "texture": "#5"},
				"south": {"uv": [7, 0, 7.75, 0.25], "texture": "#5"},
				"west": {"uv": [7, 0, 9, 0.25], "texture": "#5"},
				"up": {"uv": [7, 0, 7.75, 2], "texture": "#5"},
				"down": {"uv": [7, 0, 7.75, 2], "texture": "#5"}
			}
		},
		{
			"from": [2.25, 7.75, 13.5],
			"to": [4, 9.5, 13.75],
			"faces": {
				"north": {"uv": [0, 0, 1.75, 1.75], "texture": "#1"},
				"east": {"uv": [0, 0, 0.25, 1.75], "texture": "#1"},
				"south": {"uv": [0, 0, 1.75, 1.75], "texture": "#1"},
				"west": {"uv": [0, 0, 0.25, 1.75], "texture": "#1"},
				"up": {"uv": [0, 0, 1.75, 0.25], "texture": "#1"},
				"down": {"uv": [0, 0, 1.75, 0.25], "texture": "#1"}
			}
		},
		{
			"from": [2, 7.5, 13],
			"to": [4.25, 9.75, 13.5],
			"faces": {
				"north": {"uv": [0, 0, 15.25, 15.25], "texture": "#1"},
				"east": {"uv": [0, 0, 15.25, 15.25], "texture": "#1"},
				"south": {"uv": [0, 0, 15.25, 15.25], "texture": "#1"},
				"west": {"uv": [0, 0, 15.25, 15.25], "texture": "#1"},
				"up": {"uv": [0, 0, 15.25, 15.25], "texture": "#1"},
				"down": {"uv": [0, 0, 15.25, 15.25], "texture": "#1"}
			}
		},
		{
			"from": [2.75, 8.25, 14],
			"to": [3.5, 8.5, 16],
			"faces": {
				"north": {"uv": [7, 0, 7.75, 0.25], "texture": "#5"},
				"east": {"uv": [7, 0, 9, 0.25], "texture": "#5"},
				"south": {"uv": [7, 0, 7.75, 0.25], "texture": "#5"},
				"west": {"uv": [7, 0, 9, 0.25], "texture": "#5"},
				"up": {"uv": [7, 0, 7.75, 2], "texture": "#5"},
				"down": {"uv": [7, 0, 7.75, 2], "texture": "#5"}
			}
		},
		{
			"from": [2.75, 8.5, 14],
			"to": [3.5, 8.75, 16],
			"faces": {
				"north": {"uv": [6.25, 13.25, 7, 13.5], "texture": "#1"},
				"east": {"uv": [8.75, 7.25, 10.75, 7.5], "texture": "#1"},
				"south": {"uv": [6.25, 7.25, 7, 7.5], "texture": "#1"},
				"west": {"uv": [6.75, 7.25, 8.75, 7.5], "texture": "#1"},
				"up": {"uv": [10, 13.25, 10.75, 15.25], "texture": "#1"},
				"down": {"uv": [6.25, 8.75, 7, 10.75], "texture": "#1"}
			}
		},
		{
			"from": [2.5, 8, 12.25],
			"to": [3.75, 9.25, 12.5],
			"faces": {
				"north": {"uv": [0, 0, 15.25, 15.25], "texture": "#1"},
				"east": {"uv": [0, 0, 15.25, 15.25], "texture": "#1"},
				"south": {"uv": [0, 0, 15.25, 15.25], "texture": "#1"},
				"west": {"uv": [0, 0, 15.25, 15.25], "texture": "#1"},
				"up": {"uv": [0, 0, 15.25, 15.25], "texture": "#1"},
				"down": {"uv": [0, 0, 15.25, 15.25], "texture": "#1"}
			}
		},
		{
			"from": [2.75, 8.25, 12],
			"to": [3.5, 9, 12.25],
			"faces": {
				"north": {"uv": [4, 6, 4.75, 6.75], "texture": "#5"},
				"east": {"uv": [7, 0, 7.25, 0.75], "texture": "#5"},
				"south": {"uv": [7, 0, 7.75, 0.75], "texture": "#5"},
				"west": {"uv": [7, 0, 7.25, 0.75], "texture": "#5"},
				"up": {"uv": [7, 0, 7.75, 0.25], "texture": "#5"},
				"down": {"uv": [7, 0, 7.75, 0.25], "texture": "#5"}
			}
		},
		{
			"from": [2.5, 8, 13.75],
			"to": [3.75, 9.25, 14],
			"faces": {
				"north": {"uv": [0, 0, 1.25, 1.25], "texture": "#1"},
				"east": {"uv": [0, 0, 0.25, 1.25], "texture": "#1"},
				"south": {"uv": [0, 0, 1.25, 1.25], "texture": "#1"},
				"west": {"uv": [0, 0, 0.25, 1.25], "texture": "#1"},
				"up": {"uv": [0, 0, 1.25, 0.25], "texture": "#1"},
				"down": {"uv": [0, 0, 1.25, 0.25], "texture": "#1"}
			}
		},
		{
			"from": [2.25, 7.75, 12.5],
			"to": [4, 9.5, 13],
			"faces": {
				"north": {"uv": [0, 0, 15.75, 15.75], "texture": "#1"},
				"east": {"uv": [0, 0, 15.75, 15.75], "texture": "#1"},
				"south": {"uv": [0, 0, 15.75, 15.75], "texture": "#1"},
				"west": {"uv": [0, 0, 15.75, 15.75], "texture": "#1"},
				"up": {"uv": [0, 0, 15.75, 15.75], "texture": "#1"},
				"down": {"uv": [0, 0, 15.75, 15.75], "texture": "#1"}
			}
		},
		{
			"from": [11.25, 7.75, 13.5],
			"to": [12, 8.5, 14.25],
			"rotation": {"angle": -22.5, "axis": "z", "origin": [7.87931, 8.125, 13.97845]},
			"faces": {
				"north": {"uv": [5, 2, 5.75, 2.75], "texture": "#5", "rotation": 90},
				"east": {"uv": [5, 2, 5.75, 2.75], "texture": "#5", "rotation": 270},
				"south": {"uv": [5, 2, 5.75, 2.75], "texture": "#5", "rotation": 270},
				"west": {"uv": [5, 2, 5.75, 2.75], "texture": "#5", "rotation": 270},
				"up": {"uv": [5, 2, 5.75, 2.75], "texture": "#5", "rotation": 270},
				"down": {"uv": [5, 2, 5.75, 2.75], "texture": "#5", "rotation": 270}
			}
		},
		{
			"from": [11.25, 7.5, 11.25],
			"to": [12, 8.75, 13.5],
			"rotation": {"angle": -22.5, "axis": "z", "origin": [7.87931, 8.125, 13.97845]},
			"faces": {
				"north": {"uv": [0, 8, 1.25, 8.75], "texture": "#3", "rotation": 90},
				"east": {"uv": [0, 6, 1.25, 8.25], "texture": "#3", "rotation": 270},
				"south": {"uv": [0, 6, 1.25, 6.75], "texture": "#3", "rotation": 270},
				"west": {"uv": [0, 6, 1.25, 8.25], "texture": "#3", "rotation": 270},
				"up": {"uv": [0, 6, 2.25, 6.75], "texture": "#3", "rotation": 270},
				"down": {"uv": [0, 6, 2.25, 6.75], "texture": "#3", "rotation": 270}
			}
		},
		{
			"from": [11, 7.75, 11.25],
			"to": [11.25, 8.5, 13.5],
			"rotation": {"angle": -22.5, "axis": "z", "origin": [7.87931, 8.125, 13.97845]},
			"faces": {
				"north": {"uv": [2, 12, 2.75, 12.25], "texture": "#3", "rotation": 90},
				"east": {"uv": [0, 8, 0.75, 10.25], "texture": "#3", "rotation": 270},
				"south": {"uv": [0, 6, 0.75, 6.25], "texture": "#3", "rotation": 270},
				"west": {"uv": [0, 6, 0.75, 8.25], "texture": "#3", "rotation": 270},
				"up": {"uv": [0, 6, 2.25, 6.25], "texture": "#3", "rotation": 270},
				"down": {"uv": [7, 5, 9.25, 5.25], "texture": "#3", "rotation": 270}
			}
		},
		{
			"from": [11.25, 7.75, 11],
			"to": [12, 8.5, 11.25],
			"rotation": {"angle": -22.5, "axis": "z", "origin": [7.87931, 8.125, 13.97845]},
			"faces": {
				"north": {"uv": [6, 9, 6.75, 9.75], "texture": "#5", "rotation": 90},
				"east": {"uv": [6, 9, 6.75, 9.25], "texture": "#5", "rotation": 270},
				"south": {"uv": [6, 9, 6.75, 9.75], "texture": "#5", "rotation": 270},
				"west": {"uv": [6, 9, 6.75, 9.25], "texture": "#5", "rotation": 270},
				"up": {"uv": [6, 9, 6.25, 9.75], "texture": "#5", "rotation": 270},
				"down": {"uv": [6, 9, 6.25, 9.75], "texture": "#5", "rotation": 270}
			}
		},
		{
			"from": [5.5, 7.75, 14.25],
			"to": [12, 8.5, 14.75],
			"rotation": {"angle": -22.5, "axis": "z", "origin": [7.87931, 8.125, 13.97845]},
			"faces": {
				"north": {"uv": [3, 4, 3.75, 10.5], "texture": "#5", "rotation": 90},
				"east": {"uv": [3, 4, 3.75, 4.5], "texture": "#5", "rotation": 270},
				"south": {"uv": [3, 4, 3.75, 10.5], "texture": "#5", "rotation": 270},
				"west": {"uv": [3, 4, 3.75, 4.5], "texture": "#5", "rotation": 270},
				"up": {"uv": [3, 4, 3.5, 10.5], "texture": "#5", "rotation": 270},
				"down": {"uv": [3, 4, 3.5, 10.5], "texture": "#5", "rotation": 270}
			}
		},
		{
			"from": [5.5, 7.5, 14.5],
			"to": [12, 7.75, 14.75],
			"rotation": {"angle": -22.5, "axis": "z", "origin": [7.87931, 8.125, 13.97845]},
			"faces": {
				"north": {"uv": [3, 4, 3.25, 10.5], "texture": "#5", "rotation": 90},
				"east": {"uv": [3, 4, 3.25, 4.25], "texture": "#5", "rotation": 270},
				"south": {"uv": [3, 4, 3.25, 10.5], "texture": "#5", "rotation": 270},
				"west": {"uv": [3, 4, 3.25, 4.25], "texture": "#5", "rotation": 270},
				"up": {"uv": [3, 4, 3.25, 10.5], "texture": "#5", "rotation": 270},
				"down": {"uv": [3, 4, 3.25, 10.5], "texture": "#5", "rotation": 270}
			}
		},
		{
			"from": [5.5, 8.5, 14.5],
			"to": [12, 8.75, 14.75],
			"rotation": {"angle": -22.5, "axis": "z", "origin": [7.87931, 8.125, 13.97845]},
			"faces": {
				"north": {"uv": [3, 4, 3.25, 10.5], "texture": "#5", "rotation": 90},
				"east": {"uv": [3, 4, 3.25, 4.25], "texture": "#5", "rotation": 270},
				"south": {"uv": [3, 4, 3.25, 10.5], "texture": "#5", "rotation": 270},
				"west": {"uv": [3, 4, 3.25, 4.25], "texture": "#5", "rotation": 270},
				"up": {"uv": [3, 4, 3.25, 10.5], "texture": "#5", "rotation": 270},
				"down": {"uv": [3, 4, 3.25, 10.5], "texture": "#5", "rotation": 270}
			}
		},
		{
			"from": [12, 7.75, 11.25],
			"to": [12.25, 8.5, 13.5],
			"rotation": {"angle": -22.5, "axis": "z", "origin": [7.87931, 8.125, 13.97845]},
			"faces": {
				"north": {"uv": [2, 12, 2.75, 12.25], "texture": "#3", "rotation": 90},
				"east": {"uv": [0, 8, 0.75, 10.25], "texture": "#3", "rotation": 270},
				"south": {"uv": [0, 6, 0.75, 6.25], "texture": "#3", "rotation": 270},
				"west": {"uv": [0, 6, 0.75, 8.25], "texture": "#3", "rotation": 270},
				"up": {"uv": [0, 6, 2.25, 6.25], "texture": "#3", "rotation": 270},
				"down": {"uv": [7, 5, 9.25, 5.25], "texture": "#3", "rotation": 270}
			}
		},
		{
			"from": [5.25, 7.75, 14.75],
			"to": [12, 8.5, 15],
			"rotation": {"angle": -22.5, "axis": "z", "origin": [7.87931, 8.125, 13.97845]},
			"faces": {
				"north": {"uv": [3, 4, 3.75, 10.75], "texture": "#1", "rotation": 90},
				"east": {"uv": [3, 4, 3.75, 4.25], "texture": "#1", "rotation": 270},
				"south": {"uv": [12, 0, 15.75, 15.75], "texture": "#1", "rotation": 270},
				"west": {"uv": [3, 4, 3.75, 4.25], "texture": "#1", "rotation": 270},
				"up": {"uv": [3, 4, 3.25, 10.75], "texture": "#1", "rotation": 270},
				"down": {"uv": [3, 4, 3.25, 10.75], "texture": "#1", "rotation": 270}
			}
		},
		{
			"from": [4.75, 7.75, 13.75],
			"to": [5, 8.5, 15],
			"rotation": {"angle": -22.5, "axis": "z", "origin": [7.87931, 8.125, 13.97845]},
			"faces": {
				"north": {"uv": [7, 0, 7.75, 0.25], "texture": "#5", "rotation": 90},
				"east": {"uv": [7, 0, 7.75, 1.25], "texture": "#5", "rotation": 270},
				"south": {"uv": [7, 0, 7.75, 0.25], "texture": "#5", "rotation": 270},
				"west": {"uv": [7, 0, 7.75, 1.25], "texture": "#5", "rotation": 270},
				"up": {"uv": [7, 0, 8.25, 0.25], "texture": "#5", "rotation": 270},
				"down": {"uv": [7, 0, 8.25, 0.25], "texture": "#5", "rotation": 270}
			}
		},
		{
			"from": [4.25, 7.25, 13],
			"to": [6, 9, 13.5],
			"rotation": {"angle": -22.5, "axis": "z", "origin": [7.87931, 8.125, 13.97845]},
			"faces": {
				"north": {"uv": [0, 0, 1.75, 1.75], "texture": "#1", "rotation": 90},
				"east": {"uv": [0, 0, 1.75, 0.5], "texture": "#1", "rotation": 270},
				"south": {"uv": [0, 0, 1.75, 1.75], "texture": "#1", "rotation": 270},
				"west": {"uv": [0, 0, 1.75, 0.5], "texture": "#1", "rotation": 270},
				"up": {"uv": [0, 0, 0.5, 1.75], "texture": "#1", "rotation": 270},
				"down": {"uv": [0, 0, 0.5, 1.75], "texture": "#1", "rotation": 270}
			}
		},
		{
			"from": [4, 7, 12.5],
			"to": [6.25, 9.25, 13],
			"rotation": {"angle": -22.5, "axis": "z", "origin": [7.87931, 8.125, 13.97845]},
			"faces": {
				"north": {"uv": [0, 0, 15.25, 15.25], "texture": "#1", "rotation": 90},
				"east": {"uv": [0, 0, 15.25, 15.25], "texture": "#1", "rotation": 90},
				"south": {"uv": [0, 0, 15.25, 15.25], "texture": "#1", "rotation": 90},
				"west": {"uv": [0, 0, 15.25, 15.25], "texture": "#1", "rotation": 90},
				"up": {"uv": [0, 0, 15.25, 15.25], "texture": "#1", "rotation": 90},
				"down": {"uv": [0, 0, 15.25, 15.25], "texture": "#1", "rotation": 90}
			}
		},
		{
			"from": [5.25, 7.75, 13.75],
			"to": [5.5, 8.5, 14.75],
			"rotation": {"angle": -22.5, "axis": "z", "origin": [7.87931, 8.125, 13.97845]},
			"faces": {
				"north": {"uv": [7, 0, 7.75, 0.25], "texture": "#5", "rotation": 90},
				"east": {"uv": [7, 0, 7.75, 1], "texture": "#5", "rotation": 270},
				"south": {"uv": [7, 0, 7.75, 0.25], "texture": "#5", "rotation": 270},
				"west": {"uv": [7, 0, 7.75, 1], "texture": "#5", "rotation": 270},
				"up": {"uv": [7, 0, 8, 0.25], "texture": "#5", "rotation": 270},
				"down": {"uv": [7, 0, 8, 0.25], "texture": "#5", "rotation": 270}
			}
		},
		{
			"from": [5, 7.75, 13.75],
			"to": [5.25, 8.5, 15],
			"rotation": {"angle": -22.5, "axis": "z", "origin": [7.87931, 8.125, 13.97845]},
			"faces": {
				"north": {"uv": [6.25, 13.25, 7, 13.5], "texture": "#1", "rotation": 90},
				"east": {"uv": [6.25, 8.75, 7, 10], "texture": "#1", "rotation": 270},
				"south": {"uv": [6.25, 7.25, 7, 7.5], "texture": "#1", "rotation": 270},
				"west": {"uv": [10, 13.25, 10.75, 14.5], "texture": "#1", "rotation": 270},
				"up": {"uv": [8.75, 7.25, 10, 7.5], "texture": "#1", "rotation": 270},
				"down": {"uv": [6.75, 7.25, 8, 7.5], "texture": "#1", "rotation": 270}
			}
		},
		{
			"from": [4.5, 7.5, 12],
			"to": [5.75, 8.75, 12.25],
			"rotation": {"angle": -22.5, "axis": "z", "origin": [7.87931, 8.125, 13.97845]},
			"faces": {
				"north": {"uv": [0, 0, 15.25, 15.25], "texture": "#1", "rotation": 90},
				"east": {"uv": [0, 0, 15.25, 15.25], "texture": "#1", "rotation": 90},
				"south": {"uv": [0, 0, 15.25, 15.25], "texture": "#1", "rotation": 90},
				"west": {"uv": [0, 0, 15.25, 15.25], "texture": "#1", "rotation": 90},
				"up": {"uv": [0, 0, 15.25, 15.25], "texture": "#1", "rotation": 90},
				"down": {"uv": [0, 0, 15.25, 15.25], "texture": "#1", "rotation": 90}
			}
		},
		{
			"from": [4.75, 7.75, 11.75],
			"to": [5.5, 8.5, 12],
			"rotation": {"angle": -22.5, "axis": "z", "origin": [7.87931, 8.125, 13.97845]},
			"faces": {
				"north": {"uv": [4, 6, 4.75, 6.75], "texture": "#5", "rotation": 90},
				"east": {"uv": [7, 0, 7.75, 0.25], "texture": "#5", "rotation": 270},
				"south": {"uv": [7, 0, 7.75, 0.75], "texture": "#5", "rotation": 270},
				"west": {"uv": [7, 0, 7.75, 0.25], "texture": "#5", "rotation": 270},
				"up": {"uv": [7, 0, 7.25, 0.75], "texture": "#5", "rotation": 270},
				"down": {"uv": [7, 0, 7.25, 0.75], "texture": "#5", "rotation": 270}
			}
		},
		{
			"from": [4.5, 7.5, 13.5],
			"to": [5.75, 8.75, 13.75],
			"rotation": {"angle": -22.5, "axis": "z", "origin": [7.87931, 8.125, 13.97845]},
			"faces": {
				"north": {"uv": [0, 0, 1.25, 1.25], "texture": "#1", "rotation": 90},
				"east": {"uv": [0, 0, 1.25, 0.25], "texture": "#1", "rotation": 270},
				"south": {"uv": [0, 0, 1.25, 1.25], "texture": "#1", "rotation": 270},
				"west": {"uv": [0, 0, 1.25, 0.25], "texture": "#1", "rotation": 270},
				"up": {"uv": [0, 0, 0.25, 1.25], "texture": "#1", "rotation": 270},
				"down": {"uv": [0, 0, 0.25, 1.25], "texture": "#1", "rotation": 270}
			}
		},
		{
			"from": [4.25, 7.25, 12.25],
			"to": [6, 9, 12.5],
			"rotation": {"angle": -22.5, "axis": "z", "origin": [7.87931, 8.125, 13.97845]},
			"faces": {
				"north": {"uv": [0, 0, 15.75, 15.75], "texture": "#1", "rotation": 90},
				"east": {"uv": [0, 0, 15.75, 15.75], "texture": "#1", "rotation": 90},
				"south": {"uv": [0, 0, 15.75, 15.75], "texture": "#1", "rotation": 90},
				"west": {"uv": [0, 0, 15.75, 15.75], "texture": "#1", "rotation": 90},
				"up": {"uv": [0, 0, 15.75, 15.75], "texture": "#1", "rotation": 90},
				"down": {"uv": [0, 0, 15.75, 15.75], "texture": "#1", "rotation": 90}
			}
		},
		{
			"from": [7.75, 7.25, 14.5],
			"to": [8.5, 7.5, 15.25],
			"rotation": {"angle": -22.5, "axis": "z", "origin": [7.87931, 8.125, 13.97845]},
			"faces": {
				"north": {"uv": [6.25, 10.25, 6.5, 11], "texture": "#5", "rotation": 90},
				"east": {"uv": [6.25, 8.75, 6.5, 9.5], "texture": "#5", "rotation": 270},
				"south": {"uv": [6.25, 7.25, 6.5, 8], "texture": "#5", "rotation": 270},
				"west": {"uv": [6.25, 6.75, 6.5, 7.5], "texture": "#5", "rotation": 270},
				"up": {"uv": [10, 3, 10.75, 3.75], "texture": "#5", "rotation": 270},
				"down": {"uv": [6.75, 7.25, 7.5, 8], "texture": "#5", "rotation": 270}
			}
		},
		{
			"from": [7.75, 8.75, 14.5],
			"to": [8.5, 9, 15.25],
			"rotation": {"angle": -22.5, "axis": "z", "origin": [7.87931, 8.125, 13.97845]},
			"faces": {
				"north": {"uv": [6.25, 10.25, 6.5, 11], "texture": "#5", "rotation": 90},
				"east": {"uv": [6.25, 8.75, 6.5, 9.5], "texture": "#5", "rotation": 270},
				"south": {"uv": [6.25, 7.25, 6.5, 8], "texture": "#5", "rotation": 270},
				"west": {"uv": [6.25, 6.75, 6.5, 7.5], "texture": "#5", "rotation": 270},
				"up": {"uv": [10, 3, 10.75, 3.75], "texture": "#5", "rotation": 270},
				"down": {"uv": [6.75, 7.25, 7.5, 8], "texture": "#5", "rotation": 270}
			}
		},
		{
			"from": [7.5, 7.5, 15],
			"to": [8.75, 8.75, 15.25],
			"rotation": {"angle": -22.5, "axis": "z", "origin": [7.87931, 8.125, 13.97845]},
			"faces": {
				"north": {"uv": [6.25, 10.25, 7.5, 11.5], "texture": "#5", "rotation": 90},
				"east": {"uv": [6.25, 8.75, 7.5, 9], "texture": "#5", "rotation": 270},
				"south": {"uv": [6.25, 7.25, 7.5, 8.5], "texture": "#5", "rotation": 270},
				"west": {"uv": [6.25, 6.75, 7.5, 7], "texture": "#5", "rotation": 270},
				"up": {"uv": [10, 3, 10.25, 4.25], "texture": "#5", "rotation": 270},
				"down": {"uv": [6.75, 7.25, 7, 8.5], "texture": "#5", "rotation": 270}
			}
		},
		{
			"from": [7.75, 7.75, 15.25],
			"to": [8.5, 8.5, 16],
			"rotation": {"angle": -22.5, "axis": "z", "origin": [7.87931, 8.125, 13.97845]},
			"faces": {
				"north": {"uv": [6.25, 10.25, 7, 11], "texture": "#5", "rotation": 90},
				"east": {"uv": [6.25, 8.75, 7, 9.5], "texture": "#5", "rotation": 270},
				"south": {"uv": [6.25, 7.25, 7, 8], "texture": "#5", "rotation": 270},
				"west": {"uv": [6.25, 6.75, 7, 7.5], "texture": "#5", "rotation": 270},
				"up": {"uv": [10, 3, 10.75, 3.75], "texture": "#5", "rotation": 270},
				"down": {"uv": [6.75, 7.25, 7.5, 8], "texture": "#5", "rotation": 270}
			}
		},
		{
			"from": [8, 8.5, 15.25],
			"to": [8.25, 8.75, 16],
			"rotation": {"angle": -22.5, "axis": "z", "origin": [7.87931, 8.125, 13.97845]},
			"faces": {
				"north": {"uv": [6.25, 10.25, 6.5, 10.5], "texture": "#5", "rotation": 90},
				"east": {"uv": [6.25, 8.75, 6.5, 9.5], "texture": "#5", "rotation": 270},
				"south": {"uv": [6.25, 7.25, 6.5, 7.5], "texture": "#5", "rotation": 270},
				"west": {"uv": [6.25, 6.75, 6.5, 7.5], "texture": "#5", "rotation": 270},
				"up": {"uv": [10, 3, 10.75, 3.25], "texture": "#5", "rotation": 270},
				"down": {"uv": [6.75, 7.25, 7.5, 7.5], "texture": "#5", "rotation": 270}
			}
		},
		{
			"from": [8, 7.5, 15.25],
			"to": [8.25, 7.75, 16],
			"rotation": {"angle": -22.5, "axis": "z", "origin": [7.87931, 8.125, 13.97845]},
			"faces": {
				"north": {"uv": [6.25, 10.25, 6.5, 10.5], "texture": "#5", "rotation": 90},
				"east": {"uv": [6.25, 8.75, 6.5, 9.5], "texture": "#5", "rotation": 270},
				"south": {"uv": [6.25, 7.25, 6.5, 7.5], "texture": "#5", "rotation": 270},
				"west": {"uv": [6.25, 6.75, 6.5, 7.5], "texture": "#5", "rotation": 270},
				"up": {"uv": [10, 3, 10.75, 3.25], "texture": "#5", "rotation": 270},
				"down": {"uv": [6.75, 7.25, 7.5, 7.5], "texture": "#5", "rotation": 270}
			}
		},
		{
			"from": [7.5, 8, 15.25],
			"to": [7.75, 8.25, 16],
			"rotation": {"angle": -22.5, "axis": "z", "origin": [7.87931, 8.125, 13.97845]},
			"faces": {
				"north": {"uv": [6.25, 10.25, 6.5, 10.5], "texture": "#5", "rotation": 90},
				"east": {"uv": [6.25, 8.75, 6.5, 9.5], "texture": "#5", "rotation": 270},
				"south": {"uv": [6.25, 7.25, 6.5, 7.5], "texture": "#5", "rotation": 270},
				"west": {"uv": [6.25, 6.75, 6.5, 7.5], "texture": "#5", "rotation": 270},
				"up": {"uv": [10, 3, 10.75, 3.25], "texture": "#5", "rotation": 270},
				"down": {"uv": [6.75, 7.25, 7.5, 7.5], "texture": "#5", "rotation": 270}
			}
		},
		{
			"from": [8.5, 8, 15.25],
			"to": [8.75, 8.25, 16],
			"rotation": {"angle": -22.5, "axis": "z", "origin": [7.87931, 8.125, 13.97845]},
			"faces": {
				"north": {"uv": [6.25, 10.25, 6.5, 10.5], "texture": "#5", "rotation": 90},
				"east": {"uv": [6.25, 8.75, 6.5, 9.5], "texture": "#5", "rotation": 270},
				"south": {"uv": [6.25, 7.25, 6.5, 7.5], "texture": "#5", "rotation": 270},
				"west": {"uv": [6.25, 6.75, 6.5, 7.5], "texture": "#5", "rotation": 270},
				"up": {"uv": [10, 3, 10.75, 3.25], "texture": "#5", "rotation": 270},
				"down": {"uv": [6.75, 7.25, 7.5, 7.5], "texture": "#5", "rotation": 270}
			}
		},
		{
			"from": [8, 7.75, 14],
			"to": [8.25, 8.5, 14.25],
			"rotation": {"angle": -22.5, "axis": "z", "origin": [7.87931, 8.125, 13.97845]},
			"faces": {
				"north": {"uv": [6.25, 10.25, 7, 10.5], "texture": "#5", "rotation": 90},
				"east": {"uv": [6.25, 8.75, 7, 9], "texture": "#5", "rotation": 270},
				"south": {"uv": [6.25, 7.25, 7, 7.5], "texture": "#5", "rotation": 270},
				"west": {"uv": [6.25, 6.75, 7, 7], "texture": "#5", "rotation": 270},
				"up": {"uv": [10, 3, 10.25, 3.25], "texture": "#5", "rotation": 270},
				"down": {"uv": [6.75, 7.25, 7, 7.5], "texture": "#5", "rotation": 270}
			}
		},
		{
			"from": [7.75, 8, 14],
			"to": [8, 8.25, 14.25],
			"rotation": {"angle": -22.5, "axis": "z", "origin": [7.87931, 8.125, 13.97845]},
			"faces": {
				"north": {"uv": [6.25, 10.25, 6.5, 10.5], "texture": "#5", "rotation": 90},
				"east": {"uv": [6.25, 8.75, 6.5, 9], "texture": "#5", "rotation": 270},
				"south": {"uv": [6.25, 7.25, 6.5, 7.5], "texture": "#5", "rotation": 270},
				"west": {"uv": [6.25, 6.75, 6.5, 7], "texture": "#5", "rotation": 270},
				"up": {"uv": [10, 3, 10.25, 3.25], "texture": "#5", "rotation": 270},
				"down": {"uv": [6.75, 7.25, 7, 7.5], "texture": "#5", "rotation": 270}
			}
		},
		{
			"from": [8.25, 8, 14],
			"to": [8.5, 8.25, 14.25],
			"rotation": {"angle": -22.5, "axis": "z", "origin": [7.87931, 8.125, 13.97845]},
			"faces": {
				"north": {"uv": [6.25, 10.25, 6.5, 10.5], "texture": "#5", "rotation": 90},
				"east": {"uv": [6.25, 8.75, 6.5, 9], "texture": "#5", "rotation": 270},
				"south": {"uv": [6.25, 7.25, 6.5, 7.5], "texture": "#5", "rotation": 270},
				"west": {"uv": [6.25, 6.75, 6.5, 7], "texture": "#5", "rotation": 270},
				"up": {"uv": [10, 3, 10.25, 3.25], "texture": "#5", "rotation": 270},
				"down": {"uv": [6.75, 7.25, 7, 7.5], "texture": "#5", "rotation": 270}
			}
		}
	]
}