{
	"parent": "block/cube",
	"ambientocclusion": false,
	"textures": {
		"1": "rsgauges:blocks/common/old_gold",
		"3": "rsgauges:blocks/common/old_wood",
    "5": "rsgauges:blocks/common/old_iron",
		"particle": "rsgauges:blocks/common/old_iron"
	},
	"elements": [
		{
			"from": [7.5, 9.5, 15.5],
			"to": [8.5, 9.75, 16],
			"faces": {
				"north": {"uv": [7, 7, 16, 8.25], "texture": "#5"},
				"east": {"uv": [8.75, 7, 9.25, 7.25], "texture": "#5"},
				"south": {"uv": [7, 7, 9, 7.25], "texture": "#5"},
				"west": {"uv": [6.75, 7, 7.25, 7.25], "texture": "#5"},
				"up": {"uv": [7, 6.75, 9, 7.25], "texture": "#5"},
				"down": {"uv": [7, 8.75, 9, 9.25], "texture": "#5"}
			}
		},
		{
			"from": [7, 6.75, 15.5],
			"to": [7.25, 9.25, 16],
			"faces": {
				"north": {"uv": [7, 10, 8, 15.25], "texture": "#5"},
				"east": {"uv": [8.75, 8, 9.25, 10.25], "texture": "#5"},
				"south": {"uv": [6, 8, 6.25, 10.25], "texture": "#5"},
				"west": {"uv": [6.75, 8, 7.25, 10.25], "texture": "#5"},
				"up": {"uv": [6, 6.75, 6.25, 7.25], "texture": "#5"},
				"down": {"uv": [6, 8.75, 6.25, 9.25], "texture": "#5"}
			}
		},
		{
			"from": [7.5, 9, 15.25],
			"to": [8.5, 9.5, 15.5],
			"faces": {
				"north": {"uv": [7.5, 8.75, 10.5, 11.25], "texture": "#5"},
				"east": {"uv": [7.5, 8.75, 10.5, 11.25], "texture": "#5"},
				"south": {"uv": [7.5, 8.75, 10.5, 11.25], "texture": "#5"},
				"west": {"uv": [7.5, 8.75, 10.5, 11.25], "texture": "#5"},
				"up": {"uv": [7.5, 8.75, 10.5, 11.25], "texture": "#5"},
				"down": {"uv": [7.5, 8.75, 10.5, 11.25], "texture": "#5"}
			}
		},
		{
			"from": [8.75, 6.75, 15.5],
			"to": [9, 9.25, 16],
			"faces": {
				"north": {"uv": [8, 8, 9.25, 15.25], "texture": "#5"},
				"east": {"uv": [8, 8, 9.25, 15.25], "texture": "#5"},
				"south": {"uv": [8, 8, 9.25, 15.25], "texture": "#5"},
				"west": {"uv": [8, 8, 9.25, 15.25], "texture": "#5"},
				"up": {"uv": [8, 8, 9.25, 15.25], "texture": "#5"},
				"down": {"uv": [8, 8, 9.25, 15.25], "texture": "#5"}
			}
		},
		{
			"from": [7.25, 6.75, 15.25],
			"to": [7.5, 9.25, 15.5],
			"faces": {
				"north": {"uv": [9, 7, 10.25, 11], "texture": "#5"},
				"east": {"uv": [9, 7, 10.25, 11], "texture": "#5"},
				"south": {"uv": [9, 7, 10.25, 11], "texture": "#5"},
				"west": {"uv": [9, 7, 10.25, 11], "texture": "#5"},
				"up": {"uv": [9, 7, 10.25, 11], "texture": "#5"},
				"down": {"uv": [9, 7, 10.25, 11], "texture": "#5"}
			}
		},
		{
			"from": [7.5, 6.5, 15.25],
			"to": [8.5, 7, 15.5],
			"faces": {
				"north": {"uv": [8, 5, 11.25, 8], "texture": "#5"},
				"east": {"uv": [10, 5, 11.25, 10], "texture": "#5"},
				"south": {"uv": [10, 5, 11.25, 10], "texture": "#5"},
				"west": {"uv": [10, 5, 11.25, 10], "texture": "#5"},
				"up": {"uv": [10, 5, 11.25, 10], "texture": "#5"},
				"down": {"uv": [10, 5, 11.25, 10], "texture": "#5"}
			}
		},
		{
			"from": [7.25, 6.5, 15.5],
			"to": [8.75, 9.5, 16],
			"faces": {
				"north": {"uv": [6.25, 7.25, 13.75, 15.5], "texture": "#5"},
				"east": {"uv": [8.75, 7.25, 9.25, 10.5], "texture": "#5"},
				"south": {"uv": [6.25, 7.25, 9.75, 10.5], "texture": "#5"},
				"west": {"uv": [6.75, 7.25, 7.25, 10.5], "texture": "#5"},
				"up": {"uv": [6.25, 6.75, 9.75, 7.25], "texture": "#5"},
				"down": {"uv": [6.25, 8.75, 9.75, 9.25], "texture": "#5"}
			}
		},
		{
			"from": [8.5, 6.75, 15.25],
			"to": [8.75, 9.25, 15.5],
			"faces": {
				"north": {"uv": [10, 5, 11.25, 10], "texture": "#5"},
				"east": {"uv": [10, 5, 11.25, 10], "texture": "#5"},
				"south": {"uv": [10, 5, 11.25, 10], "texture": "#5"},
				"west": {"uv": [10, 5, 11.25, 10], "texture": "#5"},
				"up": {"uv": [10, 5, 11.25, 10], "texture": "#5"},
				"down": {"uv": [10, 5, 11.25, 10], "texture": "#5"}
			}
		},
		{
			"from": [7.5, 6.25, 15.5],
			"to": [8.5, 6.5, 16],
			"faces": {
				"north": {"uv": [7, 7, 16, 8.25], "texture": "#5"},
				"east": {"uv": [8.75, 7, 9.25, 7.25], "texture": "#5"},
				"south": {"uv": [7, 7, 9, 7.25], "texture": "#5"},
				"west": {"uv": [6.75, 7, 7.25, 7.25], "texture": "#5"},
				"up": {"uv": [7, 6.75, 9, 7.25], "texture": "#5"},
				"down": {"uv": [7, 8.75, 9, 9.25], "texture": "#5"}
			}
		},
		{
			"from": [7.75, 10.25, 13],
			"to": [8.25, 10.75, 16.5],
			"rotation": {"angle": 45, "axis": "x", "origin": [8, 10.5, 13.13889]},
			"faces": {
				"north": {"uv": [10, 5, 11.25, 10], "rotation": 180, "texture": "#5"},
				"east": {"uv": [10, 5, 11.25, 10], "rotation": 270, "texture": "#5"},
				"south": {"uv": [10, 5, 12.25, 7], "texture": "#5"},
				"west": {"uv": [10, 5, 11.25, 10], "rotation": 90, "texture": "#5"},
				"up": {"uv": [8, 5, 11.25, 8], "rotation": 180, "texture": "#5"},
				"down": {"uv": [10, 5, 11.25, 10], "texture": "#5"}
			}
		},
		{
			"from": [7.75, 10.25, 9.75],
			"to": [8.25, 10.75, 10],
			"rotation": {"angle": 45, "axis": "x", "origin": [8, 10.5, 13.13889]},
			"faces": {
				"north": {"uv": [7.5, 11, 8.25, 11.75], "rotation": 180, "texture": "#5"},
				"east": {"uv": [11, 14.25, 11.75, 14.5], "rotation": 270, "texture": "#5"},
				"south": {"uv": [7.5, 4.25, 8.25, 5], "texture": "#5"},
				"west": {"uv": [4.25, 14.25, 5, 14.5], "rotation": 90, "texture": "#5"},
				"up": {"uv": [7, 11, 10.75, 15.25], "rotation": 180, "texture": "#5"},
				"down": {"uv": [7.5, 14.25, 8.25, 14.5], "texture": "#5"}
			}
		},
		{
			"from": [7.75, 10.75, 13],
			"to": [8.25, 11, 16.25],
			"rotation": {"angle": 45, "axis": "x", "origin": [8, 10.5, 13.13889]},
			"faces": {
				"north": {"uv": [10, 5, 11.25, 10], "rotation": 180, "texture": "#5"},
				"east": {"uv": [10, 5, 11.25, 10], "rotation": 270, "texture": "#5"},
				"south": {"uv": [9, 7, 11.25, 10], "texture": "#5"},
				"west": {"uv": [10, 5, 11.25, 10], "rotation": 90, "texture": "#5"},
				"up": {"uv": [8, 5, 11.25, 8], "rotation": 180, "texture": "#5"},
				"down": {"uv": [10, 5, 11.25, 10], "texture": "#5"}
			}
		},
		{
			"from": [7.5, 10.25, 13],
			"to": [7.75, 10.75, 16.5],
			"rotation": {"angle": 45, "axis": "x", "origin": [8, 10.5, 13.13889]},
			"faces": {
				"north": {"uv": [10, 5, 11.25, 10], "rotation": 180, "texture": "#5"},
				"east": {"uv": [10, 5, 11.25, 10], "rotation": 270, "texture": "#5"},
				"south": {"uv": [10, 5, 12.25, 8], "texture": "#5"},
				"west": {"uv": [10, 5, 11.25, 10], "rotation": 90, "texture": "#5"},
				"up": {"uv": [8, 5, 11.25, 8], "rotation": 180, "texture": "#5"},
				"down": {"uv": [10, 5, 11.25, 10], "texture": "#5"}
			}
		},
		{
			"from": [8.25, 10.25, 13],
			"to": [8.5, 10.75, 16.5],
			"rotation": {"angle": 45, "axis": "x", "origin": [8, 10.5, 13.13889]},
			"faces": {
				"north": {"uv": [10, 5, 11.25, 10], "rotation": 180, "texture": "#5"},
				"east": {"uv": [10, 5, 13.25, 10], "rotation": 270, "texture": "#5"},
				"south": {"uv": [10, 6, 12.25, 9], "texture": "#5"},
				"west": {"uv": [10, 5, 11.25, 10], "rotation": 90, "texture": "#5"},
				"up": {"uv": [8, 5, 11.25, 8], "rotation": 180, "texture": "#5"},
				"down": {"uv": [10, 5, 11.25, 10], "texture": "#5"}
			}
		},
		{
			"from": [7.75, 10, 13],
			"to": [8.25, 10.25, 16.75],
			"rotation": {"angle": 45, "axis": "x", "origin": [8, 10.5, 13.13889]},
			"faces": {
				"north": {"uv": [10, 5, 11.25, 10], "rotation": 180, "texture": "#5"},
				"east": {"uv": [10, 5, 11.25, 10], "rotation": 270, "texture": "#5"},
				"south": {"uv": [10, 5, 12.25, 8], "texture": "#5"},
				"west": {"uv": [10, 5, 11.25, 10], "rotation": 90, "texture": "#5"},
				"up": {"uv": [8, 5, 11.25, 8], "rotation": 180, "texture": "#5"},
				"down": {"uv": [10, 5, 11.25, 10], "texture": "#5"}
			}
		},
		{
			"from": [7.5, 10, 10.25],
			"to": [8.5, 11, 12.75],
			"rotation": {"angle": 45, "axis": "x", "origin": [8, 10.5, 13.13889]},
			"faces": {
				"north": {"uv": [6.75, 6.5, 9.5, 11], "rotation": 180, "texture": "#3"},
				"east": {"uv": [6.75, 6.5, 9.5, 11], "rotation": 270, "texture": "#3"},
				"south": {"uv": [6.75, 6.5, 9.5, 11], "texture": "#3"},
				"west": {"uv": [6.75, 6.5, 9.5, 11], "rotation": 90, "texture": "#3"},
				"up": {"uv": [6.75, 6.5, 9.5, 11], "rotation": 180, "texture": "#3"},
				"down": {"uv": [6.75, 6.5, 9.5, 11], "texture": "#3"}
			}
		},
		{
			"from": [7.5, 10, 12.75],
			"to": [8.5, 11, 13],
			"rotation": {"angle": 45, "axis": "x", "origin": [8, 10.5, 13.13889]},
			"faces": {
				"north": {"uv": [7.25, 1.75, 8.5, 3], "rotation": 180, "texture": "#1"},
				"east": {"uv": [1.75, 7.25, 3, 7.5], "rotation": 270, "texture": "#1"},
				"south": {"uv": [10, 10, 16.25, 16.25], "texture": "#1"},
				"west": {"uv": [13, 7.25, 14.25, 7.5], "rotation": 90, "texture": "#1"},
				"up": {"uv": [7.5, 7.25, 8.75, 7.5], "rotation": 180, "texture": "#1"},
				"down": {"uv": [7.25, 7.25, 8.5, 7.5], "texture": "#1"}
			}
		},
		{
			"from": [7.5, 10, 10],
			"to": [8.5, 11, 10.25],
			"rotation": {"angle": 45, "axis": "x", "origin": [8, 10.5, 13.13889]},
			"faces": {
				"north": {"uv": [7.25, 1.75, 8.5, 3], "rotation": 180, "texture": "#1"},
				"east": {"uv": [1.75, 10, 3, 10.25], "rotation": 270, "texture": "#1"},
				"south": {"uv": [10, 10, 16.25, 16.25], "texture": "#1"},
				"west": {"uv": [13, 10, 14.25, 10.25], "rotation": 90, "texture": "#1"},
				"up": {"uv": [7.5, 10, 8.75, 10.25], "rotation": 180, "texture": "#1"},
				"down": {"uv": [7.25, 10, 8.5, 10.25], "texture": "#1"}
			}
		}
	],
	"display": {
		"thirdperson_righthand": {
			"rotation": [63, 8, -12],
			"translation": [-1.25, 3, -4]
		},
		"firstperson_righthand": {
			"rotation": [1, -14, -8],
			"translation": [1.5, 0.5, -1.75],
			"scale": [0.7, 0.7, 0.7]
		},
		"ground": {
			"translation": [0, -1.75, -4],
			"scale": [0.6, 0.6, 0.6]
		},
		"gui": {
			"rotation": [30, -135, 0],
			"translation": [8.25, -6.25, 0],
			"scale": [2, 2, 2]
		},
		"fixed": {
			"translation": [0, 0, -9.5],
			"scale": [1.2, 1.2, 1.2]
		}
	}
}