{
	"parent": "block/cube",
	"ambientocclusion": false,
	"textures": {
		"1": "rsgauges:blocks/common/old_gold",
		"3": "rsgauges:blocks/common/old_wood",
    "5": "rsgauges:blocks/common/old_iron",
		"particle": "rsgauges:blocks/common/old_iron"
	},
	"elements": [
		{
			"from": [3.5, 9.25, 14],
			"to": [4.25, 9.5, 16],
			"faces": {
				"north": {"uv": [7, 0, 7.75, 0.25], "texture": "#5"},
				"east": {"uv": [7, 0, 9, 0.25], "texture": "#5"},
				"south": {"uv": [7, 0, 7.75, 0.25], "texture": "#5"},
				"west": {"uv": [7, 0, 9, 0.25], "texture": "#5"},
				"up": {"uv": [7, 0, 7.75, 2], "texture": "#5"},
				"down": {"uv": [7, 0, 7.75, 2], "texture": "#5"}
			}
		},
		{
			"from": [3, 8.25, 13.5],
			"to": [4.75, 10, 13.75],
			"faces": {
				"north": {"uv": [0, 0, 1.75, 1.75], "texture": "#1"},
				"east": {"uv": [0, 0, 0.25, 1.75], "texture": "#1"},
				"south": {"uv": [0, 0, 1.75, 1.75], "texture": "#1"},
				"west": {"uv": [0, 0, 0.25, 1.75], "texture": "#1"},
				"up": {"uv": [0, 0, 1.75, 0.25], "texture": "#1"},
				"down": {"uv": [0, 0, 1.75, 0.25], "texture": "#1"}
			}
		},
		{
			"from": [2.75, 8, 13],
			"to": [5, 10.25, 13.5],
			"faces": {
				"north": {"uv": [0, 0, 2.25, 2.25], "texture": "#1"},
				"east": {"uv": [0, 0, 0.5, 2.25], "texture": "#1"},
				"south": {"uv": [0, 0, 2.25, 2.25], "texture": "#1"},
				"west": {"uv": [0, 0, 0.5, 2.25], "texture": "#1"},
				"up": {"uv": [0, 0, 2.25, 0.5], "texture": "#1"},
				"down": {"uv": [0, 0, 2.25, 0.5], "texture": "#1"}
			}
		},
		{
			"from": [3.5, 8.75, 14],
			"to": [4.25, 9, 16],
			"faces": {
				"north": {"uv": [7, 0, 7.75, 0.25], "texture": "#5"},
				"east": {"uv": [7, 0, 9, 0.25], "texture": "#5"},
				"south": {"uv": [7, 0, 7.75, 0.25], "texture": "#5"},
				"west": {"uv": [7, 0, 9, 0.25], "texture": "#5"},
				"up": {"uv": [7, 0, 7.75, 2], "texture": "#5"},
				"down": {"uv": [7, 0, 7.75, 2], "texture": "#5"}
			}
		},
		{
			"from": [3.5, 9, 14],
			"to": [4.25, 9.25, 16],
			"faces": {
				"north": {"uv": [6.25, 13.25, 7, 13.5], "texture": "#1"},
				"east": {"uv": [8.75, 7.25, 10.75, 7.5], "texture": "#1"},
				"south": {"uv": [6.25, 7.25, 7, 7.5], "texture": "#1"},
				"west": {"uv": [6.75, 7.25, 8.75, 7.5], "texture": "#1"},
				"up": {"uv": [10, 13.25, 10.75, 15.25], "texture": "#1"},
				"down": {"uv": [6.25, 8.75, 7, 10.75], "texture": "#1"}
			}
		},
		{
			"from": [3.25, 8.5, 12.25],
			"to": [4.5, 9.75, 12.5],
			"faces": {
				"north": {"uv": [0, 0, 1.25, 1.25], "texture": "#1"},
				"east": {"uv": [0, 0, 0.25, 1.25], "texture": "#1"},
				"south": {"uv": [0, 0, 1.25, 1.25], "texture": "#1"},
				"west": {"uv": [0, 0, 0.25, 1.25], "texture": "#1"},
				"up": {"uv": [0, 0, 1.25, 0.25], "texture": "#1"},
				"down": {"uv": [0, 0, 1.25, 0.25], "texture": "#1"}
			}
		},
		{
			"from": [3.5, 8.75, 12],
			"to": [4.25, 9.5, 12.25],
			"faces": {
				"north": {"uv": [4, 6, 4.75, 6.75], "texture": "#5"},
				"east": {"uv": [7, 0, 7.25, 0.75], "texture": "#5"},
				"south": {"uv": [7, 0, 7.75, 0.75], "texture": "#5"},
				"west": {"uv": [7, 0, 7.25, 0.75], "texture": "#5"},
				"up": {"uv": [7, 0, 7.75, 0.25], "texture": "#5"},
				"down": {"uv": [7, 0, 7.75, 0.25], "texture": "#5"}
			}
		},
		{
			"from": [3.25, 8.5, 13.75],
			"to": [4.5, 9.75, 14],
			"faces": {
				"north": {"uv": [0, 0, 1.25, 1.25], "texture": "#1"},
				"east": {"uv": [0, 0, 0.25, 1.25], "texture": "#1"},
				"south": {"uv": [0, 0, 1.25, 1.25], "texture": "#1"},
				"west": {"uv": [0, 0, 0.25, 1.25], "texture": "#1"},
				"up": {"uv": [0, 0, 1.25, 0.25], "texture": "#1"},
				"down": {"uv": [0, 0, 1.25, 0.25], "texture": "#1"}
			}
		},
		{
			"from": [3, 8.25, 12.5],
			"to": [4.75, 10, 13],
			"faces": {
				"north": {"uv": [0, 0, 1.75, 1.75], "texture": "#1"},
				"east": {"uv": [0, 0, 0.5, 1.75], "texture": "#1"},
				"south": {"uv": [0, 0, 1.75, 1.75], "texture": "#1"},
				"west": {"uv": [0, 0, 0.5, 1.75], "texture": "#1"},
				"up": {"uv": [0, 0, 1.75, 0.5], "texture": "#1"},
				"down": {"uv": [0, 0, 1.75, 0.5], "texture": "#1"}
			}
		},
		{
			"from": [10.75, 8.25, 14.5],
			"to": [11, 8.5, 16],
			"faces": {
				"north": {"uv": [7, 0, 7.25, 0.25], "texture": "#5"},
				"east": {"uv": [7, 0, 8.5, 0.25], "texture": "#5"},
				"south": {"uv": [7, 0, 7.25, 0.25], "texture": "#5"},
				"west": {"uv": [7, 0, 8.5, 0.25], "texture": "#5"},
				"up": {"uv": [7, 0, 7.25, 1.5], "texture": "#5"},
				"down": {"uv": [7, 0, 7.25, 1.5], "texture": "#5"}
			}
		},
		{
			"from": [10.5, 8, 14.5],
			"to": [10.75, 8.75, 16],
			"faces": {
				"north": {"uv": [3, 4, 3.5, 6.75], "texture": "#5"},
				"east": {"uv": [7, 0, 10.5, 2.75], "texture": "#5"},
				"south": {"uv": [7, 0, 10.5, 2.75], "texture": "#5"},
				"west": {"uv": [7, 0, 10.5, 2.75], "texture": "#5"},
				"up": {"uv": [7, 0, 10.5, 2.75], "texture": "#5"},
				"down": {"uv": [7, 0, 10.5, 2.75], "texture": "#5"}
			}
		},
		{
			"from": [10.25, 8.25, 14.5],
			"to": [10.5, 8.5, 16],
			"faces": {
				"north": {"uv": [7, 0, 7.25, 0.25], "texture": "#5"},
				"east": {"uv": [7, 0, 8.5, 0.25], "texture": "#5"},
				"south": {"uv": [7, 0, 7.25, 0.25], "texture": "#5"},
				"west": {"uv": [7, 0, 8.5, 0.25], "texture": "#5"},
				"up": {"uv": [7, 0, 7.25, 1.5], "texture": "#5"},
				"down": {"uv": [7, 0, 7.25, 1.5], "texture": "#5"}
			}
		},
		{
			"from": [9, 10.5, 11],
			"to": [9.75, 11.25, 12],
			"rotation": {"angle": -22.5, "axis": "z", "origin": [9.375, 8.00446, 13.60268]},
			"faces": {
				"north": {"uv": [5, 2, 5.75, 2.75], "texture": "#5"},
				"east": {"uv": [5, 2, 6, 2.75], "texture": "#5"},
				"south": {"uv": [5, 2, 5.75, 2.75], "texture": "#5"},
				"west": {"uv": [5, 2, 6, 2.75], "texture": "#5"},
				"up": {"uv": [5, 2, 5.75, 3], "texture": "#5"},
				"down": {"uv": [5, 2, 5.75, 3], "texture": "#5"}
			}
		},
		{
			"from": [8.75, 10.5, 8.75],
			"to": [10, 11.25, 11],
			"rotation": {"angle": -22.5, "axis": "z", "origin": [9.375, 8.00446, 13.60268]},
			"faces": {
				"north": {"uv": [0, 8, 1.25, 8.75], "texture": "#3"},
				"east": {"uv": [0, 6, 2.25, 6.75], "texture": "#3"},
				"south": {"uv": [0, 6, 1.25, 6.75], "texture": "#3"},
				"west": {"uv": [0, 6, 2.25, 6.75], "texture": "#3"},
				"up": {"uv": [0, 6, 1.25, 8.25], "texture": "#3"},
				"down": {"uv": [0, 6, 1.25, 8.25], "texture": "#3"}
			}
		},
		{
			"from": [9, 11.25, 8.75],
			"to": [9.75, 11.5, 11],
			"rotation": {"angle": -22.5, "axis": "z", "origin": [9.375, 8.00446, 13.60268]},
			"faces": {
				"north": {"uv": [2, 12, 2.75, 12.25], "texture": "#3"},
				"east": {"uv": [0, 6, 2.25, 6.25], "texture": "#3"},
				"south": {"uv": [0, 6, 0.75, 6.25], "texture": "#3"},
				"west": {"uv": [7, 5, 9.25, 5.25], "texture": "#3"},
				"up": {"uv": [0, 6, 0.75, 8.25], "texture": "#3"},
				"down": {"uv": [0, 8, 0.75, 10.25], "texture": "#3"}
			}
		},
		{
			"from": [9, 10.5, 8.5],
			"to": [9.75, 11.25, 8.75],
			"rotation": {"angle": -22.5, "axis": "z", "origin": [9.375, 8.00446, 13.60268]},
			"faces": {
				"north": {"uv": [6, 9, 6.75, 9.75], "texture": "#5"},
				"east": {"uv": [6, 9, 6.25, 9.75], "texture": "#5"},
				"south": {"uv": [6, 9, 6.75, 9.75], "texture": "#5"},
				"west": {"uv": [6, 9, 6.25, 9.75], "texture": "#5"},
				"up": {"uv": [6, 9, 6.75, 9.25], "texture": "#5"},
				"down": {"uv": [6, 9, 6.75, 9.25], "texture": "#5"}
			}
		},
		{
			"from": [9, 4, 14.25],
			"to": [9.75, 10.5, 14.75],
			"rotation": {"angle": -22.5, "axis": "z", "origin": [9.375, 8.00446, 13.60268]},
			"faces": {
				"north": {"uv": [6, 3, 6.75, 9.5], "texture": "#5"},
				"east": {"uv": [3, 4, 3.5, 10.5], "texture": "#5"},
				"south": {"uv": [3, 4, 3.75, 10.5], "texture": "#5"},
				"west": {"uv": [3, 4, 3.5, 10.5], "texture": "#5"},
				"up": {"uv": [3, 4, 3.75, 4.5], "texture": "#5"},
				"down": {"uv": [3, 4, 3.75, 4.5], "texture": "#5"}
			}
		},
		{
			"from": [8.75, 4, 14.5],
			"to": [9, 10.5, 14.75],
			"rotation": {"angle": -22.5, "axis": "z", "origin": [9.375, 8.00446, 13.60268]},
			"faces": {
				"north": {"uv": [3, 4, 3.25, 10.5], "texture": "#5"},
				"east": {"uv": [3, 4, 3.25, 10.5], "texture": "#5"},
				"south": {"uv": [3, 4, 3.25, 10.5], "texture": "#5"},
				"west": {"uv": [3, 4, 3.25, 10.5], "texture": "#5"},
				"up": {"uv": [3, 4, 3.25, 4.25], "texture": "#5"},
				"down": {"uv": [3, 4, 3.25, 4.25], "texture": "#5"}
			}
		},
		{
			"from": [9.75, 4, 14.5],
			"to": [10, 10.5, 14.75],
			"rotation": {"angle": -22.5, "axis": "z", "origin": [9.375, 8.00446, 13.60268]},
			"faces": {
				"north": {"uv": [3, 4, 3.25, 10.5], "texture": "#5"},
				"east": {"uv": [3, 4, 3.25, 10.5], "texture": "#5"},
				"south": {"uv": [3, 4, 3.25, 10.5], "texture": "#5"},
				"west": {"uv": [3, 4, 3.25, 10.5], "texture": "#5"},
				"up": {"uv": [3, 4, 3.25, 4.25], "texture": "#5"},
				"down": {"uv": [3, 4, 3.25, 4.25], "texture": "#5"}
			}
		},
		{
			"from": [9, 10.25, 8.75],
			"to": [9.75, 10.5, 11],
			"rotation": {"angle": -22.5, "axis": "z", "origin": [9.375, 8.00446, 13.60268]},
			"faces": {
				"north": {"uv": [2, 12, 2.75, 12.25], "texture": "#3"},
				"east": {"uv": [0, 6, 2.25, 6.25], "texture": "#3"},
				"south": {"uv": [0, 6, 0.75, 6.25], "texture": "#3"},
				"west": {"uv": [7, 5, 9.25, 5.25], "texture": "#3"},
				"up": {"uv": [0, 6, 0.75, 8.25], "texture": "#3"},
				"down": {"uv": [0, 8, 0.75, 10.25], "texture": "#3"}
			}
		},
		{
			"from": [9, 4, 14.75],
			"to": [9.75, 10.75, 15],
			"rotation": {"angle": -22.5, "axis": "z", "origin": [9.375, 8.00446, 13.60268]},
			"faces": {
				"north": {"uv": [3, 4, 3.75, 10.75], "texture": "#1"},
				"east": {"uv": [3, 4, 3.25, 10.75], "texture": "#1"},
				"south": {"uv": [12, 0, 12.75, 6.75], "texture": "#1"},
				"west": {"uv": [3, 4, 3.25, 10.75], "texture": "#1"},
				"up": {"uv": [3, 4, 3.75, 4.25], "texture": "#1"},
				"down": {"uv": [3, 4, 3.75, 4.25], "texture": "#1"}
			}
		},
		{
			"from": [9, 11, 13.75],
			"to": [9.75, 11.25, 15],
			"rotation": {"angle": -22.5, "axis": "z", "origin": [9.375, 8.00446, 13.60268]},
			"faces": {
				"north": {"uv": [7, 0, 7.75, 0.25], "texture": "#5"},
				"east": {"uv": [7, 0, 8.25, 0.25], "texture": "#5"},
				"south": {"uv": [7, 0, 7.75, 0.25], "texture": "#5"},
				"west": {"uv": [7, 0, 8.25, 0.25], "texture": "#5"},
				"up": {"uv": [7, 0, 7.75, 1.25], "texture": "#5"},
				"down": {"uv": [7, 0, 7.75, 1.25], "texture": "#5"}
			}
		},
		{
			"from": [8.5, 10, 13],
			"to": [10.25, 11.75, 13.5],
			"rotation": {"angle": -22.5, "axis": "z", "origin": [9.375, 8.00446, 13.60268]},
			"faces": {
				"north": {"uv": [0, 0, 1.75, 1.75], "texture": "#1"},
				"east": {"uv": [0, 0, 0.5, 1.75], "texture": "#1"},
				"south": {"uv": [0, 0, 1.75, 1.75], "texture": "#1"},
				"west": {"uv": [0, 0, 0.5, 1.75], "texture": "#1"},
				"up": {"uv": [0, 0, 1.75, 0.5], "texture": "#1"},
				"down": {"uv": [0, 0, 1.75, 0.5], "texture": "#1"}
			}
		},
		{
			"from": [8.25, 9.75, 12.5],
			"to": [10.5, 12, 13],
			"rotation": {"angle": -22.5, "axis": "z", "origin": [9.375, 8.00446, 13.60268]},
			"faces": {
				"north": {"uv": [0, 0, 2.25, 2.25], "texture": "#1"},
				"east": {"uv": [0, 0, 0.5, 2.25], "rotation": 180, "texture": "#1"},
				"south": {"uv": [0, 0, 2.25, 2.25], "rotation": 180, "texture": "#1"},
				"west": {"uv": [0, 0, 0.5, 2.25], "rotation": 180, "texture": "#1"},
				"up": {"uv": [0, 0, 2.25, 0.5], "rotation": 180, "texture": "#1"},
				"down": {"uv": [0, 0, 2.25, 0.5], "rotation": 180, "texture": "#1"}
			}
		},
		{
			"from": [9, 10.5, 13.75],
			"to": [9.75, 10.75, 14.75],
			"rotation": {"angle": -22.5, "axis": "z", "origin": [9.375, 8.00446, 13.60268]},
			"faces": {
				"north": {"uv": [7, 0, 7.75, 0.25], "texture": "#5"},
				"east": {"uv": [7, 0, 8, 0.25], "texture": "#5"},
				"south": {"uv": [7, 0, 7.75, 0.25], "texture": "#5"},
				"west": {"uv": [7, 0, 8, 0.25], "texture": "#5"},
				"up": {"uv": [7, 0, 7.75, 1], "texture": "#5"},
				"down": {"uv": [7, 0, 7.75, 1], "texture": "#5"}
			}
		},
		{
			"from": [9, 10.75, 13.75],
			"to": [9.75, 11, 15],
			"rotation": {"angle": -22.5, "axis": "z", "origin": [9.375, 8.00446, 13.60268]},
			"faces": {
				"north": {"uv": [6.25, 13.25, 7, 13.5], "texture": "#1"},
				"east": {"uv": [8.75, 7.25, 10, 7.5], "texture": "#1"},
				"south": {"uv": [6.25, 7.25, 7, 7.5], "texture": "#1"},
				"west": {"uv": [6.75, 7.25, 8, 7.5], "texture": "#1"},
				"up": {"uv": [10, 13.25, 10.75, 14.5], "texture": "#1"},
				"down": {"uv": [6.25, 8.75, 7, 10], "texture": "#1"}
			}
		},
		{
			"from": [8.75, 10.25, 12],
			"to": [10, 11.5, 12.25],
			"rotation": {"angle": -22.5, "axis": "z", "origin": [9.375, 8.00446, 13.60268]},
			"faces": {
				"north": {"uv": [0, 0, 1.25, 1.25], "texture": "#1"},
				"east": {"uv": [0, 0, 0.25, 1.25], "rotation": 180, "texture": "#1"},
				"south": {"uv": [0, 0, 1.25, 1.25], "rotation": 180, "texture": "#1"},
				"west": {"uv": [0, 0, 0.25, 1.25], "rotation": 180, "texture": "#1"},
				"up": {"uv": [0, 0, 1.25, 0.25], "rotation": 180, "texture": "#1"},
				"down": {"uv": [0, 0, 1.25, 0.25], "rotation": 180, "texture": "#1"}
			}
		},
		{
			"from": [8.75, 10.25, 13.5],
			"to": [10, 11.5, 13.75],
			"rotation": {"angle": -22.5, "axis": "z", "origin": [9.375, 8.00446, 13.60268]},
			"faces": {
				"north": {"uv": [0, 0, 1.25, 1.25], "texture": "#1"},
				"east": {"uv": [0, 0, 0.25, 1.25], "texture": "#1"},
				"south": {"uv": [0, 0, 1.25, 1.25], "texture": "#1"},
				"west": {"uv": [0, 0, 0.25, 1.25], "texture": "#1"},
				"up": {"uv": [0, 0, 1.25, 0.25], "texture": "#1"},
				"down": {"uv": [0, 0, 1.25, 0.25], "texture": "#1"}
			}
		},
		{
			"from": [8.5, 10, 12.25],
			"to": [10.25, 11.75, 12.5],
			"rotation": {"angle": -22.5, "axis": "z", "origin": [9.375, 8.00446, 13.60268]},
			"faces": {
				"north": {"uv": [0, 0, 1.75, 1.75], "texture": "#1"},
				"east": {"uv": [0, 0, 0.25, 1.75], "rotation": 180, "texture": "#1"},
				"south": {"uv": [0, 0, 1.75, 1.75], "rotation": 180, "texture": "#1"},
				"west": {"uv": [0, 0, 0.25, 1.75], "rotation": 180, "texture": "#1"},
				"up": {"uv": [0, 0, 1.75, 0.25], "rotation": 180, "texture": "#1"},
				"down": {"uv": [0, 0, 1.75, 0.25], "rotation": 180, "texture": "#1"}
			}
		},
		{
			"from": [8.5, 4.5, 14.5],
			"to": [8.75, 5.25, 15.25],
			"rotation": {"angle": -22.5, "axis": "z", "origin": [9.375, 8.00446, 13.60268]},
			"faces": {
				"north": {"uv": [6.25, 10.25, 6.5, 11], "texture": "#5"},
				"east": {"uv": [10, 3, 10.75, 3.75], "texture": "#5"},
				"south": {"uv": [6.25, 7.25, 6.5, 8], "texture": "#5"},
				"west": {"uv": [6.75, 7.25, 7.5, 8], "texture": "#5"},
				"up": {"uv": [6.25, 6.75, 6.5, 7.5], "texture": "#5"},
				"down": {"uv": [6.25, 8.75, 6.5, 9.5], "texture": "#5"}
			}
		},
		{
			"from": [10, 4.5, 14.5],
			"to": [10.25, 5.25, 15.25],
			"rotation": {"angle": -22.5, "axis": "z", "origin": [9.375, 8.00446, 13.60268]},
			"faces": {
				"north": {"uv": [6.25, 10.25, 6.5, 11], "texture": "#5"},
				"east": {"uv": [10, 3, 10.75, 3.75], "texture": "#5"},
				"south": {"uv": [6.25, 7.25, 6.5, 8], "texture": "#5"},
				"west": {"uv": [6.75, 7.25, 7.5, 8], "texture": "#5"},
				"up": {"uv": [6.25, 6.75, 6.5, 7.5], "texture": "#5"},
				"down": {"uv": [6.25, 8.75, 6.5, 9.5], "texture": "#5"}
			}
		},
		{
			"from": [8.75, 4.25, 15],
			"to": [10, 5.5, 15.25],
			"rotation": {"angle": -22.5, "axis": "z", "origin": [9.375, 8.00446, 13.60268]},
			"faces": {
				"north": {"uv": [6.25, 10.25, 7.5, 11.5], "texture": "#5"},
				"east": {"uv": [10, 3, 10.25, 4.25], "texture": "#5"},
				"south": {"uv": [6.25, 7.25, 7.5, 8.5], "texture": "#5"},
				"west": {"uv": [6.75, 7.25, 7, 8.5], "texture": "#5"},
				"up": {"uv": [6.25, 6.75, 7.5, 7], "texture": "#5"},
				"down": {"uv": [6.25, 8.75, 7.5, 9], "texture": "#5"}
			}
		},
		{
			"from": [9, 4.5, 15.25],
			"to": [9.75, 5.25, 16],
			"rotation": {"angle": -22.5, "axis": "z", "origin": [9.375, 8.00446, 13.60268]},
			"faces": {
				"north": {"uv": [6.25, 10.25, 7, 11], "texture": "#5"},
				"east": {"uv": [10, 3, 10.75, 3.75], "texture": "#5"},
				"south": {"uv": [6.25, 7.25, 7, 8], "texture": "#5"},
				"west": {"uv": [6.75, 7.25, 7.5, 8], "texture": "#5"},
				"up": {"uv": [6.25, 6.75, 7, 7.5], "texture": "#5"},
				"down": {"uv": [6.25, 8.75, 7, 9.5], "texture": "#5"}
			}
		},
		{
			"from": [9.75, 4.75, 15.25],
			"to": [10, 5, 16],
			"rotation": {"angle": -22.5, "axis": "z", "origin": [9.375, 8.00446, 13.60268]},
			"faces": {
				"north": {"uv": [6.25, 10.25, 6.5, 10.5], "texture": "#5"},
				"east": {"uv": [10, 3, 10.75, 3.25], "texture": "#5"},
				"south": {"uv": [6.25, 7.25, 6.5, 7.5], "texture": "#5"},
				"west": {"uv": [6.75, 7.25, 7.5, 7.5], "texture": "#5"},
				"up": {"uv": [6.25, 6.75, 6.5, 7.5], "texture": "#5"},
				"down": {"uv": [6.25, 8.75, 6.5, 9.5], "texture": "#5"}
			}
		},
		{
			"from": [8.75, 4.75, 15.25],
			"to": [9, 5, 16],
			"rotation": {"angle": -22.5, "axis": "z", "origin": [9.375, 8.00446, 13.60268]},
			"faces": {
				"north": {"uv": [6.25, 10.25, 6.5, 10.5], "texture": "#5"},
				"east": {"uv": [10, 3, 10.75, 3.25], "texture": "#5"},
				"south": {"uv": [6.25, 7.25, 6.5, 7.5], "texture": "#5"},
				"west": {"uv": [6.75, 7.25, 7.5, 7.5], "texture": "#5"},
				"up": {"uv": [6.25, 6.75, 6.5, 7.5], "texture": "#5"},
				"down": {"uv": [6.25, 8.75, 6.5, 9.5], "texture": "#5"}
			}
		},
		{
			"from": [9.25, 5.25, 15.25],
			"to": [9.5, 5.5, 16],
			"rotation": {"angle": -22.5, "axis": "z", "origin": [9.375, 8.00446, 13.60268]},
			"faces": {
				"north": {"uv": [6.25, 10.25, 6.5, 10.5], "texture": "#5"},
				"east": {"uv": [10, 3, 10.75, 3.25], "texture": "#5"},
				"south": {"uv": [6.25, 7.25, 6.5, 7.5], "texture": "#5"},
				"west": {"uv": [6.75, 7.25, 7.5, 7.5], "texture": "#5"},
				"up": {"uv": [6.25, 6.75, 6.5, 7.5], "texture": "#5"},
				"down": {"uv": [6.25, 8.75, 6.5, 9.5], "texture": "#5"}
			}
		},
		{
			"from": [9.25, 4.25, 15.25],
			"to": [9.5, 4.5, 16],
			"rotation": {"angle": -22.5, "axis": "z", "origin": [9.375, 8.00446, 13.60268]},
			"faces": {
				"north": {"uv": [6.25, 10.25, 6.5, 10.5], "texture": "#5"},
				"east": {"uv": [10, 3, 10.75, 3.25], "texture": "#5"},
				"south": {"uv": [6.25, 7.25, 6.5, 7.5], "texture": "#5"},
				"west": {"uv": [6.75, 7.25, 7.5, 7.5], "texture": "#5"},
				"up": {"uv": [6.25, 6.75, 6.5, 7.5], "texture": "#5"},
				"down": {"uv": [6.25, 8.75, 6.5, 9.5], "texture": "#5"}
			}
		},
		{
			"from": [9, 4.75, 14],
			"to": [9.75, 5, 14.25],
			"rotation": {"angle": -22.5, "axis": "z", "origin": [9.375, 8.00446, 13.60268]},
			"faces": {
				"north": {"uv": [6.25, 10.25, 7, 10.5], "texture": "#5"},
				"east": {"uv": [10, 3, 10.25, 3.25], "texture": "#5"},
				"south": {"uv": [6.25, 7.25, 7, 7.5], "texture": "#5"},
				"west": {"uv": [6.75, 7.25, 7, 7.5], "texture": "#5"},
				"up": {"uv": [6.25, 6.75, 7, 7], "texture": "#5"},
				"down": {"uv": [6.25, 8.75, 7, 9], "texture": "#5"}
			}
		},
		{
			"from": [9.25, 5, 14],
			"to": [9.5, 5.25, 14.25],
			"rotation": {"angle": -22.5, "axis": "z", "origin": [9.375, 8.00446, 13.60268]},
			"faces": {
				"north": {"uv": [6.25, 10.25, 6.5, 10.5], "texture": "#5"},
				"east": {"uv": [10, 3, 10.25, 3.25], "texture": "#5"},
				"south": {"uv": [6.25, 7.25, 6.5, 7.5], "texture": "#5"},
				"west": {"uv": [6.75, 7.25, 7, 7.5], "texture": "#5"},
				"up": {"uv": [6.25, 6.75, 6.5, 7], "texture": "#5"},
				"down": {"uv": [6.25, 8.75, 6.5, 9], "texture": "#5"}
			}
		},
		{
			"from": [9.25, 4.5, 14],
			"to": [9.5, 4.75, 14.25],
			"rotation": {"angle": -22.5, "axis": "z", "origin": [9.375, 8.00446, 13.60268]},
			"faces": {
				"north": {"uv": [6.25, 10.25, 6.5, 10.5], "texture": "#5"},
				"east": {"uv": [10, 3, 10.25, 3.25], "texture": "#5"},
				"south": {"uv": [6.25, 7.25, 6.5, 7.5], "texture": "#5"},
				"west": {"uv": [6.75, 7.25, 7, 7.5], "texture": "#5"},
				"up": {"uv": [6.25, 6.75, 6.5, 7], "texture": "#5"},
				"down": {"uv": [6.25, 8.75, 6.5, 9], "texture": "#5"}
			}
		}
	],
	"display": {
		"thirdperson_righthand": {
			"rotation": [-3, 91, 41],
			"translation": [-4.5, 0, 1.25],
			"scale": [0.75, 0.75, 0.75]
		},
		"firstperson_righthand": {
			"rotation": [0, 69, 0],
			"translation": [-2, -0.5, 0],
			"scale": [0.75, 0.75, 0.75]
		},
		"ground": {
			"translation": [0.25, -1.75, -2.5],
			"scale": [0.5, 0.5, 0.5]
		},
		"gui": {
			"rotation": [30, -135, 0],
			"translation": [5.75, -3.5, 0],
			"scale": [1.6, 1.6, 1.6]
		},
		"fixed": {
			"translation": [0, 0, -7.75]
		}
	}
}