{
  "parent": "block/cube",
  "ambientocclusion": false,
	"textures": {
		"1": "rsgauges:blocks/common/old_gold",
		"3": "rsgauges:blocks/common/old_wood",
		"5": "rsgauges:blocks/common/old_iron",
		"particle": "rsgauges:blocks/common/old_iron"
	},
  "display": {
    "gui":    { "rotation": [ 0, 180, 0 ], "translation": [  0.00, 0.50,   0.00 ], "scale": [ 1.20, 1.20, 1.20 ] },
    "fixed":  { "rotation": [ 0,   0, 0 ], "translation": [  0.00, 0.00, -11.00 ], "scale": [ 1.20, 1.20, 1.20 ] },
    "ground": { "rotation": [ 0,   0, 0 ], "translation": [  0.00, 0.00,  -7.00 ], "scale": [ 0.75, 0.75, 0.75 ] }
  },
	"elements": [
		{
			"from": [6.5, 9.75, 15.5],
			"to": [9.5, 10, 16],
			"faces": {
				"north": {"uv": [6.5, 6, 9.5, 6.25], "texture": "#5"},
				"east": {"uv": [0, 6, 0.5, 6.25], "texture": "#5"},
				"south": {"uv": [6.5, 6, 9.5, 6.25], "texture": "#5"},
				"west": {"uv": [15.5, 6, 16, 6.25], "texture": "#5"},
				"up": {"uv": [6.5, 15.5, 9.5, 16], "texture": "#5"},
				"down": {"uv": [6.5, 0, 9.5, 0.5], "texture": "#5"}
			}
		},
		{
			"from": [6, 6.5, 15.5],
			"to": [6.25, 9.5, 16],
			"faces": {
				"north": {"uv": [9.75, 6.5, 10, 9.5], "texture": "#5"},
				"east": {"uv": [0, 6.5, 0.5, 9.5], "texture": "#5"},
				"south": {"uv": [6, 6.5, 6.25, 9.5], "texture": "#5"},
				"west": {"uv": [15.5, 6.5, 16, 9.5], "texture": "#5"},
				"up": {"uv": [6, 15.5, 6.25, 16], "texture": "#5"},
				"down": {"uv": [6, 0, 6.25, 0.5], "texture": "#5"}
			}
		},
		{
			"from": [9.75, 6.5, 15.5],
			"to": [10, 9.5, 16],
			"rotation": {"angle": 0, "axis": "y", "origin": [9.875, 8, 15.75]},
			"faces": {
				"north": {"uv": [6, 6.5, 6.25, 9.5], "texture": "#5"},
				"east": {"uv": [0, 6.5, 0.5, 9.5], "texture": "#5"},
				"south": {"uv": [9.75, 6.5, 10, 9.5], "texture": "#5"},
				"west": {"uv": [15.5, 6.5, 16, 9.5], "texture": "#5"},
				"up": {"uv": [9.75, 15.5, 10, 16], "texture": "#5"},
				"down": {"uv": [9.75, 0, 10, 0.5], "texture": "#5"}
			}
		},
		{
			"from": [6.25, 6.25, 15.5],
			"to": [9.75, 9.75, 16],
			"rotation": {"angle": 0, "axis": "y", "origin": [8, 8, 15.75]},
			"faces": {
				"north": {"uv": [6.25, 6.25, 9.75, 9.75], "texture": "#5"},
				"east": {"uv": [0, 6.25, 0.5, 9.75], "texture": "#5"},
				"south": {"uv": [6.25, 6.25, 9.75, 9.75], "texture": "#5"},
				"west": {"uv": [15.5, 6.25, 16, 9.75], "texture": "#5"},
				"up": {"uv": [6.25, 15.5, 9.75, 16], "texture": "#5"},
				"down": {"uv": [6.25, 0, 9.75, 0.5], "texture": "#5"}
			}
		},
		{
			"from": [6.5, 6, 15.5],
			"to": [9.5, 6.25, 16],
			"faces": {
				"north": {"uv": [6.5, 9.75, 9.5, 10], "texture": "#5"},
				"east": {"uv": [0, 9.75, 0.5, 10], "texture": "#5"},
				"south": {"uv": [6.5, 9.75, 9.5, 10], "texture": "#5"},
				"west": {"uv": [15.5, 9.75, 16, 10], "texture": "#5"},
				"up": {"uv": [6.5, 15.5, 9.5, 16], "texture": "#5"},
				"down": {"uv": [6.5, 0, 9.5, 0.5], "texture": "#5"}
			}
		},
		{
			"from": [7.75, 7.75, 15.25],
			"to": [8.25, 8.25, 15.5],
			"rotation": {"angle": 0, "axis": "y", "origin": [8, 8, 15.125]},
			"faces": {
				"north": {"uv": [7.75, 7.75, 8.25, 8.25], "texture": "#5", "rotation": 180},
				"east": {"uv": [0.5, 7.75, 1.25, 8.25], "texture": "#5", "rotation": 270},
				"south": {"uv": [7.75, 7.75, 8.25, 8.25], "texture": "#5"},
				"west": {"uv": [14.75, 7.75, 15.5, 8.25], "texture": "#5", "rotation": 90},
				"up": {"uv": [7.75, 14.75, 8.25, 15.5], "texture": "#5", "rotation": 180},
				"down": {"uv": [7.75, 0.5, 8.25, 1.25], "texture": "#5"}
			}
		},
		{
			"from": [6.75, 6.25, 15.25],
			"to": [9.25, 6.5, 15.5],
			"faces": {
				"north": {"uv": [6.75, 9.5, 9.25, 9.75], "texture": "#5"},
				"east": {"uv": [0.5, 9.5, 0.75, 9.75], "texture": "#5"},
				"south": {"uv": [6.75, 9.5, 9.25, 9.75], "texture": "#5"},
				"west": {"uv": [15.25, 9.5, 15.5, 9.75], "texture": "#5"},
				"up": {"uv": [6.75, 15.25, 9.25, 15.5], "texture": "#5"},
				"down": {"uv": [6.75, 0.5, 9.25, 0.75], "texture": "#5"}
			}
		},
		{
			"from": [6.75, 9.5, 15.25],
			"to": [9.25, 9.75, 15.5],
			"faces": {
				"north": {"uv": [6.75, 6.25, 9.25, 6.5], "texture": "#5"},
				"east": {"uv": [0.5, 6.25, 0.75, 6.5], "texture": "#5"},
				"south": {"uv": [6.75, 6.25, 9.25, 6.5], "texture": "#5"},
				"west": {"uv": [15.25, 6.25, 15.5, 6.5], "texture": "#5"},
				"up": {"uv": [6.75, 15.25, 9.25, 15.5], "texture": "#5"},
				"down": {"uv": [6.75, 0.5, 9.25, 0.75], "texture": "#5"}
			}
		},
		{
			"from": [9.5, 6.75, 15.25],
			"to": [9.75, 9.25, 15.5],
			"faces": {
				"north": {"uv": [6.25, 6.75, 6.5, 9.25], "texture": "#5"},
				"east": {"uv": [0.5, 6.75, 0.75, 9.25], "texture": "#5"},
				"south": {"uv": [9.5, 6.75, 9.75, 9.25], "texture": "#5"},
				"west": {"uv": [15.25, 6.75, 15.5, 9.25], "texture": "#5"},
				"up": {"uv": [9.5, 15.25, 9.75, 15.5], "texture": "#5"},
				"down": {"uv": [9.5, 0.5, 9.75, 0.75], "texture": "#5"}
			}
		},
		{
			"from": [6.25, 6.75, 15.25],
			"to": [6.5, 9.25, 15.5],
			"faces": {
				"north": {"uv": [9.5, 6.75, 9.75, 9.25], "texture": "#5"},
				"east": {"uv": [0.5, 6.75, 0.75, 9.25], "texture": "#5"},
				"south": {"uv": [6.25, 6.75, 6.5, 9.25], "texture": "#5"},
				"west": {"uv": [15.25, 6.75, 15.5, 9.25], "texture": "#5"},
				"up": {"uv": [6.25, 15.25, 6.5, 15.5], "texture": "#5"},
				"down": {"uv": [6.25, 0.5, 6.5, 0.75], "texture": "#5"}
			}
		},
		{
			"from": [6.5, 9.25, 15.25],
			"to": [7.25, 9.5, 15.5],
			"faces": {
				"north": {"uv": [8.75, 6.5, 9.5, 6.75], "texture": "#5"},
				"east": {"uv": [0.5, 6.5, 0.75, 6.75], "texture": "#5"},
				"south": {"uv": [6.5, 6.5, 7.25, 6.75], "texture": "#5"},
				"west": {"uv": [15.25, 6.5, 15.5, 6.75], "texture": "#5"},
				"up": {"uv": [6.5, 15.25, 7.25, 15.5], "texture": "#5"},
				"down": {"uv": [6.5, 0.5, 7.25, 0.75], "texture": "#5"}
			}
		},
		{
			"from": [6.5, 9, 15.25],
			"to": [7, 9.25, 15.5],
			"faces": {
				"north": {"uv": [9, 6.75, 9.5, 7], "texture": "#5"},
				"east": {"uv": [0.5, 6.75, 0.75, 7], "texture": "#5"},
				"south": {"uv": [6.5, 6.75, 7, 7], "texture": "#5"},
				"west": {"uv": [15.25, 6.75, 15.5, 7], "texture": "#5"},
				"up": {"uv": [6.5, 15.25, 7, 15.5], "texture": "#5"},
				"down": {"uv": [6.5, 0.5, 7, 0.75], "texture": "#5"}
			}
		},
		{
			"from": [6.5, 8.75, 15.25],
			"to": [6.75, 9, 15.5],
			"faces": {
				"north": {"uv": [9.25, 7, 9.5, 7.25], "texture": "#5"},
				"east": {"uv": [0.5, 7, 0.75, 7.25], "texture": "#5"},
				"south": {"uv": [6.5, 7, 6.75, 7.25], "texture": "#5"},
				"west": {"uv": [15.25, 7, 15.5, 7.25], "texture": "#5"},
				"up": {"uv": [6.5, 15.25, 6.75, 15.5], "texture": "#5"},
				"down": {"uv": [6.5, 0.5, 6.75, 0.75], "texture": "#5"}
			}
		},
		{
			"from": [6.5, 7, 15.25],
			"to": [6.75, 7.25, 15.5],
			"faces": {
				"north": {"uv": [9.25, 8.75, 9.5, 9], "texture": "#5"},
				"east": {"uv": [0.5, 8.75, 0.75, 9], "texture": "#5"},
				"south": {"uv": [6.5, 8.75, 6.75, 9], "texture": "#5"},
				"west": {"uv": [15.25, 8.75, 15.5, 9], "texture": "#5"},
				"up": {"uv": [6.5, 15.25, 6.75, 15.5], "texture": "#5"},
				"down": {"uv": [6.5, 0.5, 6.75, 0.75], "texture": "#5"}
			}
		},
		{
			"from": [6.5, 6.75, 15.25],
			"to": [7, 7, 15.5],
			"faces": {
				"north": {"uv": [9, 9, 9.5, 9.25], "texture": "#5"},
				"east": {"uv": [0.5, 9, 0.75, 9.25], "texture": "#5"},
				"south": {"uv": [6.5, 9, 7, 9.25], "texture": "#5"},
				"west": {"uv": [15.25, 9, 15.5, 9.25], "texture": "#5"},
				"up": {"uv": [6.5, 15.25, 7, 15.5], "texture": "#5"},
				"down": {"uv": [6.5, 0.5, 7, 0.75], "texture": "#5"}
			}
		},
		{
			"from": [6.5, 6.5, 15.25],
			"to": [7.25, 6.75, 15.5],
			"faces": {
				"north": {"uv": [8.75, 9.25, 9.5, 9.5], "texture": "#5"},
				"east": {"uv": [0.5, 9.25, 0.75, 9.5], "texture": "#5"},
				"south": {"uv": [6.5, 9.25, 7.25, 9.5], "texture": "#5"},
				"west": {"uv": [15.25, 9.25, 15.5, 9.5], "texture": "#5"},
				"up": {"uv": [6.5, 15.25, 7.25, 15.5], "texture": "#5"},
				"down": {"uv": [6.5, 0.5, 7.25, 0.75], "texture": "#5"}
			}
		},
		{
			"from": [8.75, 6.5, 15.25],
			"to": [9.5, 6.75, 15.5],
			"faces": {
				"north": {"uv": [6.5, 9.25, 7.25, 9.5], "texture": "#5"},
				"east": {"uv": [0.5, 9.25, 0.75, 9.5], "texture": "#5"},
				"south": {"uv": [8.75, 9.25, 9.5, 9.5], "texture": "#5"},
				"west": {"uv": [15.25, 9.25, 15.5, 9.5], "texture": "#5"},
				"up": {"uv": [8.75, 15.25, 9.5, 15.5], "texture": "#5"},
				"down": {"uv": [8.75, 0.5, 9.5, 0.75], "texture": "#5"}
			}
		},
		{
			"from": [9, 6.75, 15.25],
			"to": [9.5, 7, 15.5],
			"faces": {
				"north": {"uv": [6.5, 9, 7, 9.25], "texture": "#5"},
				"east": {"uv": [0.5, 9, 0.75, 9.25], "texture": "#5"},
				"south": {"uv": [9, 9, 9.5, 9.25], "texture": "#5"},
				"west": {"uv": [15.25, 9, 15.5, 9.25], "texture": "#5"},
				"up": {"uv": [9, 15.25, 9.5, 15.5], "texture": "#5"},
				"down": {"uv": [9, 0.5, 9.5, 0.75], "texture": "#5"}
			}
		},
		{
			"from": [9.25, 7, 15.25],
			"to": [9.5, 7.25, 15.5],
			"faces": {
				"north": {"uv": [6.5, 8.75, 6.75, 9], "texture": "#5"},
				"east": {"uv": [0.5, 8.75, 0.75, 9], "texture": "#5"},
				"south": {"uv": [9.25, 8.75, 9.5, 9], "texture": "#5"},
				"west": {"uv": [15.25, 8.75, 15.5, 9], "texture": "#5"},
				"up": {"uv": [9.25, 15.25, 9.5, 15.5], "texture": "#5"},
				"down": {"uv": [9.25, 0.5, 9.5, 0.75], "texture": "#5"}
			}
		},
		{
			"from": [9.25, 8.75, 15.25],
			"to": [9.5, 9, 15.5],
			"faces": {
				"north": {"uv": [6.5, 7, 6.75, 7.25], "texture": "#5"},
				"east": {"uv": [0.5, 7, 0.75, 7.25], "texture": "#5"},
				"south": {"uv": [9.25, 7, 9.5, 7.25], "texture": "#5"},
				"west": {"uv": [15.25, 7, 15.5, 7.25], "texture": "#5"},
				"up": {"uv": [9.25, 15.25, 9.5, 15.5], "texture": "#5"},
				"down": {"uv": [9.25, 0.5, 9.5, 0.75], "texture": "#5"}
			}
		},
		{
			"from": [9, 9, 15.25],
			"to": [9.5, 9.25, 15.5],
			"faces": {
				"north": {"uv": [6.5, 6.75, 7, 7], "texture": "#5"},
				"east": {"uv": [0.5, 6.75, 0.75, 7], "texture": "#5"},
				"south": {"uv": [9, 6.75, 9.5, 7], "texture": "#5"},
				"west": {"uv": [15.25, 6.75, 15.5, 7], "texture": "#5"},
				"up": {"uv": [9, 15.25, 9.5, 15.5], "texture": "#5"},
				"down": {"uv": [9, 0.5, 9.5, 0.75], "texture": "#5"}
			}
		},
		{
			"from": [8.75, 9.25, 15.25],
			"to": [9.5, 9.5, 15.5],
			"faces": {
				"north": {"uv": [6.5, 6.5, 7.25, 6.75], "texture": "#5"},
				"east": {"uv": [0.5, 6.5, 0.75, 6.75], "texture": "#5"},
				"south": {"uv": [8.75, 6.5, 9.5, 6.75], "texture": "#5"},
				"west": {"uv": [15.25, 6.5, 15.5, 6.75], "texture": "#5"},
				"up": {"uv": [8.75, 15.25, 9.5, 15.5], "texture": "#5"},
				"down": {"uv": [8.75, 0.5, 9.5, 0.75], "texture": "#5"}
			}
		},
		{
			"from": [6.75, 7, 15.25],
			"to": [7, 7.25, 15.5],
			"rotation": {"angle": 0, "axis": "y", "origin": [6.875, 7.125, 15.375]},
			"faces": {
				"north": {"uv": [9, 8.75, 9.25, 9], "texture": "#1", "rotation": 180},
				"east": {"uv": [0.5, 8.75, 0.75, 9], "texture": "#1", "rotation": 270},
				"south": {"uv": [6.75, 8.75, 7, 9], "texture": "#1"},
				"west": {"uv": [15.25, 8.75, 15.5, 9], "texture": "#1", "rotation": 90},
				"up": {"uv": [6.75, 15.25, 7, 15.5], "texture": "#1", "rotation": 180},
				"down": {"uv": [6.75, 0.5, 7, 0.75], "texture": "#1"}
			}
		},
		{
			"from": [9.25, 7.25, 15.25],
			"to": [9.5, 8.75, 15.5],
			"rotation": {"angle": 0, "axis": "y", "origin": [9.375, 8, 15.375]},
			"faces": {
				"north": {"uv": [6.5, 7.25, 6.75, 8.75], "texture": "#1", "rotation": 270},
				"east": {"uv": [0.5, 7.25, 0.75, 8.75], "texture": "#1", "rotation": 270},
				"south": {"uv": [9.25, 7.25, 9.5, 8.75], "texture": "#1", "rotation": 270},
				"west": {"uv": [15.25, 7.25, 15.5, 8.75], "texture": "#1", "rotation": 270},
				"up": {"uv": [9.25, 15.25, 9.5, 15.5], "texture": "#1", "rotation": 270},
				"down": {"uv": [9.25, 0.5, 9.5, 0.75], "texture": "#1", "rotation": 270}
			}
		},
		{
			"from": [6.5, 7.25, 15.25],
			"to": [6.75, 8.75, 15.5],
			"rotation": {"angle": 0, "axis": "y", "origin": [6.625, 8, 15.375]},
			"faces": {
				"north": {"uv": [9.25, 7.25, 9.5, 8.75], "texture": "#1", "rotation": 180},
				"east": {"uv": [0.5, 7.25, 0.75, 8.75], "texture": "#1", "rotation": 270},
				"south": {"uv": [6.5, 7.25, 6.75, 8.75], "texture": "#1"},
				"west": {"uv": [15.25, 7.25, 15.5, 8.75], "texture": "#1", "rotation": 90},
				"up": {"uv": [6.5, 15.25, 6.75, 15.5], "texture": "#1", "rotation": 180},
				"down": {"uv": [6.5, 0.5, 6.75, 0.75], "texture": "#1"}
			}
		},
		{
			"from": [7.25, 6.5, 15.25],
			"to": [8.75, 6.75, 15.5],
			"rotation": {"angle": 0, "axis": "y", "origin": [8, 6.625, 15.375]},
			"faces": {
				"north": {"uv": [7.25, 9.25, 8.75, 9.5], "texture": "#1", "rotation": 180},
				"east": {"uv": [0.5, 9.25, 0.75, 9.5], "texture": "#1", "rotation": 270},
				"south": {"uv": [7.25, 9.25, 8.75, 9.5], "texture": "#1"},
				"west": {"uv": [15.25, 9.25, 15.5, 9.5], "texture": "#1", "rotation": 90},
				"up": {"uv": [7.25, 15.25, 8.75, 15.5], "texture": "#1", "rotation": 180},
				"down": {"uv": [7.25, 0.5, 8.75, 0.75], "texture": "#1"}
			}
		},
		{
			"from": [7.25, 9.25, 15.25],
			"to": [8.75, 9.5, 15.5],
			"rotation": {"angle": 0, "axis": "y", "origin": [8, 9.375, 15.375]},
			"faces": {
				"north": {"uv": [7.25, 6.5, 8.75, 6.75], "texture": "#1", "rotation": 180},
				"east": {"uv": [0.5, 6.5, 0.75, 6.75], "texture": "#1", "rotation": 180},
				"south": {"uv": [7.25, 6.5, 8.75, 6.75], "texture": "#1", "rotation": 180},
				"west": {"uv": [15.25, 6.5, 15.5, 6.75], "texture": "#1", "rotation": 180},
				"up": {"uv": [7.25, 15.25, 8.75, 15.5], "texture": "#1", "rotation": 180},
				"down": {"uv": [7.25, 0.5, 8.75, 0.75], "texture": "#1", "rotation": 180}
			}
		},
		{
			"from": [7, 6.75, 15.25],
			"to": [7.25, 7, 15.5],
			"rotation": {"angle": 0, "axis": "y", "origin": [7.125, 6.875, 15.375]},
			"faces": {
				"north": {"uv": [8.75, 9, 9, 9.25], "texture": "#1", "rotation": 180},
				"east": {"uv": [0.5, 9, 0.75, 9.25], "texture": "#1", "rotation": 270},
				"south": {"uv": [7, 9, 7.25, 9.25], "texture": "#1"},
				"west": {"uv": [15.25, 9, 15.5, 9.25], "texture": "#1", "rotation": 90},
				"up": {"uv": [7, 15.25, 7.25, 15.5], "texture": "#1", "rotation": 180},
				"down": {"uv": [7, 0.5, 7.25, 0.75], "texture": "#1"}
			}
		},
		{
			"from": [8.75, 6.75, 15.25],
			"to": [9, 7, 15.5],
			"rotation": {"angle": 0, "axis": "y", "origin": [8.875, 6.875, 15.375]},
			"faces": {
				"north": {"uv": [7, 9, 7.25, 9.25], "texture": "#1", "rotation": 180},
				"east": {"uv": [0.5, 9, 0.75, 9.25], "texture": "#1", "rotation": 270},
				"south": {"uv": [8.75, 9, 9, 9.25], "texture": "#1"},
				"west": {"uv": [15.25, 9, 15.5, 9.25], "texture": "#1", "rotation": 90},
				"up": {"uv": [8.75, 15.25, 9, 15.5], "texture": "#1", "rotation": 180},
				"down": {"uv": [8.75, 0.5, 9, 0.75], "texture": "#1"}
			}
		},
		{
			"from": [9, 8.75, 15.25],
			"to": [9.25, 9, 15.5],
			"rotation": {"angle": 0, "axis": "y", "origin": [9.125, 8.875, 15.375]},
			"faces": {
				"north": {"uv": [6.75, 7, 7, 7.25], "texture": "#1", "rotation": 180},
				"east": {"uv": [0.5, 7, 0.75, 7.25], "texture": "#1", "rotation": 270},
				"south": {"uv": [9, 7, 9.25, 7.25], "texture": "#1"},
				"west": {"uv": [15.25, 7, 15.5, 7.25], "texture": "#1", "rotation": 90},
				"up": {"uv": [9, 15.25, 9.25, 15.5], "texture": "#1", "rotation": 180},
				"down": {"uv": [9, 0.5, 9.25, 0.75], "texture": "#1"}
			}
		},
		{
			"from": [7, 9, 15.25],
			"to": [7.25, 9.25, 15.5],
			"rotation": {"angle": 0, "axis": "y", "origin": [7.125, 9.125, 15.375]},
			"faces": {
				"north": {"uv": [8.75, 6.75, 9, 7], "texture": "#1", "rotation": 180},
				"east": {"uv": [0.5, 6.75, 0.75, 7], "texture": "#1", "rotation": 270},
				"south": {"uv": [7, 6.75, 7.25, 7], "texture": "#1"},
				"west": {"uv": [15.25, 6.75, 15.5, 7], "texture": "#1", "rotation": 90},
				"up": {"uv": [7, 15.25, 7.25, 15.5], "texture": "#1", "rotation": 180},
				"down": {"uv": [7, 0.5, 7.25, 0.75], "texture": "#1"}
			}
		},
		{
			"from": [8.75, 9, 15.25],
			"to": [9, 9.25, 15.5],
			"rotation": {"angle": 0, "axis": "y", "origin": [8.875, 9.125, 15.375]},
			"faces": {
				"north": {"uv": [7, 6.75, 7.25, 7], "texture": "#1", "rotation": 180},
				"east": {"uv": [0.5, 6.75, 0.75, 7], "texture": "#1", "rotation": 270},
				"south": {"uv": [8.75, 6.75, 9, 7], "texture": "#1"},
				"west": {"uv": [15.25, 6.75, 15.5, 7], "texture": "#1", "rotation": 90},
				"up": {"uv": [8.75, 15.25, 9, 15.5], "texture": "#1", "rotation": 180},
				"down": {"uv": [8.75, 0.5, 9, 0.75], "texture": "#1"}
			}
		},
		{
			"from": [6.75, 8.75, 15.25],
			"to": [7, 9, 15.5],
			"rotation": {"angle": 0, "axis": "y", "origin": [6.875, 8.875, 15.375]},
			"faces": {
				"north": {"uv": [9, 7, 9.25, 7.25], "texture": "#1", "rotation": 180},
				"east": {"uv": [0.5, 7, 0.75, 7.25], "texture": "#1", "rotation": 270},
				"south": {"uv": [6.75, 7, 7, 7.25], "texture": "#1"},
				"west": {"uv": [15.25, 7, 15.5, 7.25], "texture": "#1", "rotation": 90},
				"up": {"uv": [6.75, 15.25, 7, 15.5], "texture": "#1", "rotation": 180},
				"down": {"uv": [6.75, 0.5, 7, 0.75], "texture": "#1"}
			}
		},
		{
			"from": [9, 7, 15.25],
			"to": [9.25, 7.25, 15.5],
			"rotation": {"angle": 0, "axis": "y", "origin": [9.125, 7.125, 15.375]},
			"faces": {
				"north": {"uv": [6.75, 8.75, 7, 9], "texture": "#1", "rotation": 180},
				"east": {"uv": [0.5, 8.75, 0.75, 9], "texture": "#1", "rotation": 270},
				"south": {"uv": [9, 8.75, 9.25, 9], "texture": "#1"},
				"west": {"uv": [15.25, 8.75, 15.5, 9], "texture": "#1", "rotation": 90},
				"up": {"uv": [9, 15.25, 9.25, 15.5], "texture": "#1", "rotation": 180},
				"down": {"uv": [9, 0.5, 9.25, 0.75], "texture": "#1"}
			}
		},
		{
			"from": [7.25, 8.75, 15.25],
			"to": [8.75, 9.25, 15.5],
			"faces": {
				"north": {"uv": [7.25, 6.75, 9.75, 7.25], "texture": "#3"},
				"east": {"uv": [0.5, 6.75, 1.25, 7.25], "texture": "#3"},
				"south": {"uv": [7.25, 6.75, 8.75, 7.25], "texture": "#3"},
				"west": {"uv": [14.75, 6.75, 15.5, 7.25], "texture": "#3"},
				"up": {"uv": [7.25, 14.75, 8.75, 15.5], "texture": "#3"},
				"down": {"uv": [7.25, 0.5, 8.75, 1.25], "texture": "#3"}
			}
		},
		{
			"from": [6.75, 7.25, 15.25],
			"to": [7.75, 8.75, 15.5],
			"faces": {
				"north": {"uv": [9, 11, 12, 12.5], "texture": "#3"},
				"east": {"uv": [0.5, 7.25, 1.25, 8.75], "texture": "#3"},
				"south": {"uv": [6.75, 7.25, 7.75, 8.75], "texture": "#3"},
				"west": {"uv": [14.75, 7.25, 15.5, 8.75], "texture": "#3"},
				"up": {"uv": [6.75, 14.75, 7.75, 15.5], "texture": "#3"},
				"down": {"uv": [6.75, 0.5, 7.75, 1.25], "texture": "#3"}
			}
		},
		{
			"from": [7, 8.75, 15.25],
			"to": [7.25, 9, 15.5],
			"faces": {
				"north": {"uv": [8.75, 6, 9, 6.25], "texture": "#3"},
				"east": {"uv": [0.5, 7, 1.25, 7.25], "texture": "#3"},
				"south": {"uv": [7, 7, 7.25, 7.25], "texture": "#3"},
				"west": {"uv": [14.75, 7, 15.5, 7.25], "texture": "#3"},
				"up": {"uv": [7, 14.75, 7.25, 15.5], "texture": "#3"},
				"down": {"uv": [7, 0.5, 7.25, 1.25], "texture": "#3"}
			}
		},
		{
			"from": [8.75, 8.75, 15.25],
			"to": [9, 9, 15.5],
			"faces": {
				"north": {"uv": [7, 7, 7.25, 7.25], "texture": "#3"},
				"east": {"uv": [0.5, 7, 1.25, 7.25], "texture": "#3"},
				"south": {"uv": [8.75, 7, 9, 7.25], "texture": "#3"},
				"west": {"uv": [14.75, 7, 15.5, 7.25], "texture": "#3"},
				"up": {"uv": [8.75, 14.75, 9, 15.5], "texture": "#3"},
				"down": {"uv": [8.75, 0.5, 9, 1.25], "texture": "#3"}
			}
		},
		{
			"from": [8.25, 7.25, 15.25],
			"to": [9.25, 8.75, 15.5],
			"faces": {
				"north": {"uv": [8, 10, 11, 12.5], "texture": "#3"},
				"east": {"uv": [0.5, 7.25, 1.25, 8.75], "texture": "#3"},
				"south": {"uv": [8.25, 7.25, 9.25, 8.75], "texture": "#3"},
				"west": {"uv": [14.75, 7.25, 15.5, 8.75], "texture": "#3"},
				"up": {"uv": [8.25, 14.75, 9.25, 15.5], "texture": "#3"},
				"down": {"uv": [8.25, 0.5, 9.25, 1.25], "texture": "#3"}
			}
		},
		{
			"from": [7.75, 8.25, 15.25],
			"to": [8.25, 8.75, 15.5],
			"faces": {
				"north": {"uv": [7.75, 9.25, 8.25, 9.75], "texture": "#3"},
				"east": {"uv": [0.5, 7.25, 1.25, 7.75], "texture": "#3"},
				"south": {"uv": [7.75, 7.25, 8.25, 7.75], "texture": "#3"},
				"west": {"uv": [14.75, 7.25, 15.5, 7.75], "texture": "#3"},
				"up": {"uv": [7.75, 14.75, 8.25, 15.5], "texture": "#3"},
				"down": {"uv": [7.75, 0.5, 8.25, 1.25], "texture": "#3"}
			}
		},
		{
			"from": [7.75, 7.25, 15.25],
			"to": [8.25, 7.75, 15.5],
			"faces": {
				"north": {"uv": [7.75, 8.25, 9.25, 9.75], "texture": "#3"},
				"east": {"uv": [0.5, 8.25, 1.25, 8.75], "texture": "#3"},
				"south": {"uv": [7.75, 8.25, 8.25, 8.75], "texture": "#3"},
				"west": {"uv": [14.75, 8.25, 15.5, 8.75], "texture": "#3"},
				"up": {"uv": [7.75, 14.75, 8.25, 15.5], "texture": "#3"},
				"down": {"uv": [7.75, 0.5, 8.25, 1.25], "texture": "#3"}
			}
		},
		{
			"from": [7.25, 6.75, 15.25],
			"to": [8.75, 7.25, 15.5],
			"faces": {
				"north": {"uv": [7.25, 9.75, 8.75, 10.25], "texture": "#3"},
				"east": {"uv": [0.5, 8.75, 1.25, 9.25], "texture": "#3"},
				"south": {"uv": [7.25, 8.75, 8.75, 9.25], "texture": "#3"},
				"west": {"uv": [14.75, 8.75, 15.5, 9.25], "texture": "#3"},
				"up": {"uv": [7.25, 14.75, 8.75, 15.5], "texture": "#3"},
				"down": {"uv": [7.25, 0.5, 8.75, 1.25], "texture": "#3"}
			}
		},
		{
			"from": [8.75, 7, 15.25],
			"to": [9, 7.25, 15.5],
			"faces": {
				"north": {"uv": [7, 8.75, 7.25, 9], "texture": "#3"},
				"east": {"uv": [0.5, 8.75, 1.25, 9], "texture": "#3"},
				"south": {"uv": [8.75, 8.75, 9, 9], "texture": "#3"},
				"west": {"uv": [14.75, 8.75, 15.5, 9], "texture": "#3"},
				"up": {"uv": [8.75, 14.75, 9, 15.5], "texture": "#3"},
				"down": {"uv": [8.75, 0.5, 9, 1.25], "texture": "#3"}
			}
		},
		{
			"from": [7, 7, 15.25],
			"to": [7.25, 7.25, 15.5],
			"faces": {
				"north": {"uv": [8.75, 8.75, 9, 9], "texture": "#3"},
				"east": {"uv": [0.5, 8.75, 1.25, 9], "texture": "#3"},
				"south": {"uv": [7, 8.75, 7.25, 9], "texture": "#3"},
				"west": {"uv": [14.75, 8.75, 15.5, 9], "texture": "#3"},
				"up": {"uv": [7, 14.75, 7.25, 15.5], "texture": "#3"},
				"down": {"uv": [7, 0.5, 7.25, 1.25], "texture": "#3"}
			}
		}
	]
}