{
  "parent": "block/cube",
  "ambientocclusion": false,
	"textures": {
		"1": "rsgauges:blocks/common/old_gold",
		"3": "rsgauges:blocks/common/old_wood",
		"5": "rsgauges:blocks/common/old_iron",
		"particle": "rsgauges:blocks/common/old_iron"
	},
  "display": {
    "gui":    { "rotation": [ 0, 180, 0 ], "translation": [  0.00, 0.50,   0.00 ], "scale": [ 1.20, 1.20, 1.20 ] },
    "fixed":  { "rotation": [ 0,   0, 0 ], "translation": [  0.00, 0.00, -11.00 ], "scale": [ 1.20, 1.20, 1.20 ] },
    "ground": { "rotation": [ 0,   0, 0 ], "translation": [  0.00, 0.00,  -7.00 ], "scale": [ 0.75, 0.75, 0.75 ] }
  },
	"elements": [
		{
			"from": [6.75, 7.25, 15.75],
			"to": [7, 8.75, 16],
			"faces": {
				"north": {"uv": [9, 7.25, 9.25, 8.75], "texture": "#5"},
				"east": {"uv": [0, 7.25, 0.25, 8.75], "texture": "#5"},
				"south": {"uv": [6.75, 7.25, 7, 8.75], "texture": "#5"},
				"west": {"uv": [15.75, 7.25, 16, 8.75], "texture": "#5"},
				"up": {"uv": [6.75, 15.75, 7, 16], "texture": "#5"},
				"down": {"uv": [6.75, 0, 7, 0.25], "texture": "#5"}
			}
		},
		{
			"from": [9, 7.25, 15.75],
			"to": [9.25, 8.75, 16],
			"rotation": {"angle": 0, "axis": "y", "origin": [9.125, 8, 16]},
			"faces": {
				"north": {"uv": [6.75, 7.25, 7, 8.75], "texture": "#5"},
				"east": {"uv": [0, 7.25, 0.25, 8.75], "texture": "#5"},
				"south": {"uv": [9, 7.25, 9.25, 8.75], "texture": "#5"},
				"west": {"uv": [15.75, 7.25, 16, 8.75], "texture": "#5"},
				"up": {"uv": [9, 15.75, 9.25, 16], "texture": "#5"},
				"down": {"uv": [9, 0, 9.25, 0.25], "texture": "#5"}
			}
		},
		{
			"from": [7, 7, 15.75],
			"to": [9, 9, 16],
			"rotation": {"angle": 0, "axis": "y", "origin": [8, 8, 16]},
			"faces": {
				"north": {"uv": [7, 7, 9, 9], "texture": "#5"},
				"east": {"uv": [0, 7, 0.25, 9], "texture": "#5"},
				"south": {"uv": [7, 7, 9, 9], "texture": "#5"},
				"west": {"uv": [15.75, 7, 16, 9], "texture": "#5"},
				"up": {"uv": [7, 15.75, 9, 16], "texture": "#5"},
				"down": {"uv": [7, 0, 9, 0.25], "texture": "#5"}
			}
		},
		{
			"from": [7.25, 6.75, 15.75],
			"to": [8.75, 7, 16],
			"faces": {
				"north": {"uv": [7.25, 9, 8.75, 9.25], "texture": "#5"},
				"east": {"uv": [0, 9, 0.25, 9.25], "texture": "#5"},
				"south": {"uv": [7.25, 9, 8.75, 9.25], "texture": "#5"},
				"west": {"uv": [15.75, 9, 16, 9.25], "texture": "#5"},
				"up": {"uv": [7.25, 15.75, 8.75, 16], "texture": "#5"},
				"down": {"uv": [7.25, 0, 8.75, 0.25], "texture": "#5"}
			}
		},
		{
			"from": [8.75, 7.25, 15.5],
			"to": [9, 8.75, 15.75],
			"rotation": {"angle": 0, "axis": "y", "origin": [8.5, 8.25, 18.63889]},
			"faces": {
				"north": {"uv": [7, 9.25, 8.25, 10.75], "texture": "#1", "rotation": 270},
				"east": {"uv": [0.25, 7.25, 0.5, 8.75], "texture": "#1", "rotation": 270},
				"south": {"uv": [8.75, 7.25, 9, 8.75], "texture": "#1", "rotation": 270},
				"west": {"uv": [15.5, 7.25, 15.75, 8.75], "texture": "#1", "rotation": 270},
				"up": {"uv": [8.75, 15.5, 9, 15.75], "texture": "#1", "rotation": 270},
				"down": {"uv": [8.75, 0.25, 9, 0.5], "texture": "#1", "rotation": 270}
			}
		},
		{
			"from": [7, 7.25, 15.5],
			"to": [7.25, 8.75, 15.75],
			"rotation": {"angle": 0, "axis": "y", "origin": [6.75, 8.25, 18.63889]},
			"faces": {
				"north": {"uv": [7.75, 7.25, 9, 9.75], "texture": "#1", "rotation": 180},
				"east": {"uv": [0.25, 7.25, 0.5, 8.75], "texture": "#1", "rotation": 270},
				"south": {"uv": [7, 7.25, 7.25, 8.75], "texture": "#1"},
				"west": {"uv": [15.5, 7.25, 15.75, 8.75], "texture": "#1", "rotation": 90},
				"up": {"uv": [7, 15.5, 7.25, 15.75], "texture": "#1", "rotation": 180},
				"down": {"uv": [7, 0.25, 7.25, 0.5], "texture": "#1"}
			}
		},
		{
			"from": [7.25, 7, 15.5],
			"to": [8.75, 7.25, 15.75],
			"rotation": {"angle": 0, "axis": "y", "origin": [8.5, 8, 18.63889]},
			"faces": {
				"north": {"uv": [7.25, 8.75, 8.75, 10], "texture": "#1", "rotation": 180},
				"east": {"uv": [0.25, 8.75, 0.5, 9], "texture": "#1", "rotation": 270},
				"south": {"uv": [7.25, 8.75, 8.75, 9], "texture": "#1"},
				"west": {"uv": [15.5, 8.75, 15.75, 9], "texture": "#1", "rotation": 90},
				"up": {"uv": [7.25, 15.5, 8.75, 15.75], "texture": "#1", "rotation": 180},
				"down": {"uv": [7.25, 0.25, 8.75, 0.5], "texture": "#1"}
			}
		},
		{
			"from": [7.25, 8.75, 15.5],
			"to": [8.75, 9, 15.75],
			"rotation": {"angle": 0, "axis": "y", "origin": [8.5, 9.75, 18.63889]},
			"faces": {
				"north": {"uv": [7.25, 9, 8.75, 9.25], "texture": "#1", "rotation": 180},
				"east": {"uv": [0.25, 7, 0.5, 7.25], "texture": "#1", "rotation": 180},
				"south": {"uv": [7.25, 7, 8.75, 7.25], "texture": "#1", "rotation": 180},
				"west": {"uv": [15.5, 7, 15.75, 7.25], "texture": "#1", "rotation": 180},
				"up": {"uv": [7.25, 15.5, 8.75, 15.75], "texture": "#1", "rotation": 180},
				"down": {"uv": [7.25, 0.25, 8.75, 0.5], "texture": "#1", "rotation": 180}
			}
		},
		{
			"from": [7.25, 9, 15.75],
			"to": [8.75, 9.25, 16],
			"faces": {
				"north": {"uv": [7.25, 6.75, 8.75, 7], "texture": "#5"},
				"east": {"uv": [0, 6.75, 0.25, 7], "texture": "#5"},
				"south": {"uv": [7.25, 6.75, 8.75, 7], "texture": "#5"},
				"west": {"uv": [15.75, 6.75, 16, 7], "texture": "#5"},
				"up": {"uv": [7.25, 15.75, 8.75, 16], "texture": "#5"},
				"down": {"uv": [7.25, 0, 8.75, 0.25], "texture": "#5"}
			}
		},
		{
			"from": [7.25, 7.25, 15.5],
			"to": [7.5, 7.5, 15.75],
			"rotation": {"angle": 0, "axis": "y", "origin": [8.5, 8.25, 18.63889]},
			"faces": {
				"north": {"uv": [8.5, 8.5, 9.75, 9.75], "texture": "#1", "rotation": 180},
				"east": {"uv": [0.25, 8.5, 0.5, 8.75], "texture": "#1", "rotation": 270},
				"south": {"uv": [7.25, 8.5, 7.5, 8.75], "texture": "#1"},
				"west": {"uv": [15.5, 8.5, 15.75, 8.75], "texture": "#1", "rotation": 90},
				"up": {"uv": [7.25, 15.5, 7.5, 15.75], "texture": "#1", "rotation": 180},
				"down": {"uv": [7.25, 0.25, 7.5, 0.5], "texture": "#1"}
			}
		},
		{
			"from": [8.5, 7.25, 15.5],
			"to": [8.75, 7.5, 15.75],
			"rotation": {"angle": 0, "axis": "y", "origin": [9.75, 8.25, 18.63889]},
			"faces": {
				"north": {"uv": [7.25, 8.5, 8.5, 9.75], "texture": "#1", "rotation": 180},
				"east": {"uv": [0.25, 8.5, 0.5, 8.75], "texture": "#1", "rotation": 270},
				"south": {"uv": [8.5, 8.5, 8.75, 8.75], "texture": "#1"},
				"west": {"uv": [15.5, 8.5, 15.75, 8.75], "texture": "#1", "rotation": 90},
				"up": {"uv": [8.5, 15.5, 8.75, 15.75], "texture": "#1", "rotation": 180},
				"down": {"uv": [8.5, 0.25, 8.75, 0.5], "texture": "#1"}
			}
		},
		{
			"from": [8.5, 8.5, 15.5],
			"to": [8.75, 8.75, 15.75],
			"rotation": {"angle": 0, "axis": "y", "origin": [9.75, 9.5, 18.63889]},
			"faces": {
				"north": {"uv": [7.25, 7.25, 8.5, 8.5], "texture": "#1", "rotation": 180},
				"east": {"uv": [0.25, 7.25, 0.5, 7.5], "texture": "#1", "rotation": 270},
				"south": {"uv": [8.5, 7.25, 8.75, 7.5], "texture": "#1"},
				"west": {"uv": [15.5, 7.25, 15.75, 7.5], "texture": "#1", "rotation": 90},
				"up": {"uv": [8.5, 15.5, 8.75, 15.75], "texture": "#1", "rotation": 180},
				"down": {"uv": [8.5, 0.25, 8.75, 0.5], "texture": "#1"}
			}
		},
		{
			"from": [7.25, 8.5, 15.5],
			"to": [7.5, 8.75, 15.75],
			"rotation": {"angle": 0, "axis": "y", "origin": [8.5, 9.5, 18.63889]},
			"faces": {
				"north": {"uv": [8.5, 7.25, 8.75, 7.5], "texture": "#1", "rotation": 180},
				"east": {"uv": [0.25, 7.25, 0.5, 7.5], "texture": "#1", "rotation": 270},
				"south": {"uv": [7.25, 7.25, 7.5, 7.5], "texture": "#1"},
				"west": {"uv": [15.5, 7.25, 15.75, 7.5], "texture": "#1", "rotation": 90},
				"up": {"uv": [7.25, 15.5, 7.5, 15.75], "texture": "#1", "rotation": 180},
				"down": {"uv": [7.25, 0.25, 7.5, 0.5], "texture": "#1"}
			}
		},
		{
			"from": [7.5, 8.5, 15.5],
			"to": [8.5, 8.75, 15.75],
			"rotation": {"angle": 0, "axis": "y", "origin": [8, 9, 16.13889]},
			"faces": {
				"north": {"uv": [7.5, 7.25, 8.5, 7.5], "texture": "#3", "rotation": 270},
				"east": {"uv": [0.25, 7.25, 0.5, 7.5], "texture": "#3", "rotation": 270},
				"south": {"uv": [7.5, 7.25, 8.5, 7.5], "texture": "#3", "rotation": 270},
				"west": {"uv": [15.5, 7.25, 15.75, 7.5], "texture": "#3", "rotation": 270},
				"up": {"uv": [7.5, 15.5, 8.5, 15.75], "texture": "#3", "rotation": 270},
				"down": {"uv": [7.5, 0.25, 8.5, 0.5], "texture": "#3", "rotation": 270}
			}
		},
		{
			"from": [7.25, 8.25, 15.5],
			"to": [8.75, 8.5, 15.75],
			"rotation": {"angle": 0, "axis": "y", "origin": [8, 8.75, 16.13889]},
			"faces": {
				"north": {"uv": [9, 7, 11.5, 8.25], "texture": "#3", "rotation": 270},
				"east": {"uv": [0.25, 7.5, 0.5, 7.75], "texture": "#3", "rotation": 270},
				"south": {"uv": [7.25, 7.5, 8.75, 7.75], "texture": "#3", "rotation": 270},
				"west": {"uv": [15.5, 7.5, 15.75, 7.75], "texture": "#3", "rotation": 270},
				"up": {"uv": [7.25, 15.5, 8.75, 15.75], "texture": "#3", "rotation": 270},
				"down": {"uv": [7.25, 0.25, 8.75, 0.5], "texture": "#3", "rotation": 270}
			}
		},
		{
			"from": [8.25, 7.75, 15.5],
			"to": [8.75, 8.25, 15.75],
			"rotation": {"angle": 0, "axis": "y", "origin": [8, 8.25, 16.13889]},
			"faces": {
				"north": {"uv": [11, 10, 12.5, 11.5], "texture": "#3", "rotation": 270},
				"east": {"uv": [0.25, 7.75, 0.5, 8.25], "texture": "#3", "rotation": 270},
				"south": {"uv": [8.25, 7.75, 8.75, 8.25], "texture": "#3", "rotation": 270},
				"west": {"uv": [15.5, 7.75, 15.75, 8.25], "texture": "#3", "rotation": 270},
				"up": {"uv": [8.25, 15.5, 8.75, 15.75], "texture": "#3", "rotation": 270},
				"down": {"uv": [8.25, 0.25, 8.75, 0.5], "texture": "#3", "rotation": 270}
			}
		},
		{
			"from": [7.75, 7.75, 15.5],
			"to": [8.25, 8.25, 15.75],
			"rotation": {"angle": 0, "axis": "y", "origin": [8, 8, 18.88889]},
			"faces": {
				"north": {"uv": [7.75, 7.75, 8.25, 8.25], "texture": "#5", "rotation": 180},
				"east": {"uv": [0.25, 7.75, 0.5, 8.25], "texture": "#5", "rotation": 270},
				"south": {"uv": [7.75, 7.75, 8.25, 8.25], "texture": "#5"},
				"west": {"uv": [15.5, 7.75, 15.75, 8.25], "texture": "#5", "rotation": 90},
				"up": {"uv": [7.75, 15.5, 8.25, 15.75], "texture": "#5", "rotation": 180},
				"down": {"uv": [7.75, 0.25, 8.25, 0.5], "texture": "#5"}
			}
		},
		{
			"from": [7.25, 7.75, 15.5],
			"to": [7.75, 8.25, 15.75],
			"rotation": {"angle": 0, "axis": "y", "origin": [7, 8.25, 16.13889]},
			"faces": {
				"north": {"uv": [8.25, 7.75, 8.75, 8.25], "texture": "#3", "rotation": 90},
				"east": {"uv": [0.25, 7.75, 0.5, 8.25], "texture": "#3", "rotation": 90},
				"south": {"uv": [7.25, 7.75, 7.75, 8.25], "texture": "#3", "rotation": 90},
				"west": {"uv": [15.5, 7.75, 15.75, 8.25], "texture": "#3", "rotation": 90},
				"up": {"uv": [7.25, 15.5, 7.75, 15.75], "texture": "#3", "rotation": 90},
				"down": {"uv": [7.25, 0.25, 7.75, 0.5], "texture": "#3", "rotation": 90}
			}
		},
		{
			"from": [7.25, 7.5, 15.5],
			"to": [8.75, 7.75, 15.75],
			"rotation": {"angle": 0, "axis": "y", "origin": [8, 7.75, 16.13889]},
			"faces": {
				"north": {"uv": [7.25, 8.25, 8.75, 8.5], "texture": "#3", "rotation": 270},
				"east": {"uv": [0.25, 8.25, 0.5, 8.5], "texture": "#3", "rotation": 270},
				"south": {"uv": [7.25, 8.25, 8.75, 8.5], "texture": "#3", "rotation": 270},
				"west": {"uv": [15.5, 8.25, 15.75, 8.5], "texture": "#3", "rotation": 270},
				"up": {"uv": [7.25, 15.5, 8.75, 15.75], "texture": "#3", "rotation": 270},
				"down": {"uv": [7.25, 0.25, 8.75, 0.5], "texture": "#3", "rotation": 270}
			}
		},
		{
			"from": [7.5, 7.25, 15.5],
			"to": [8.5, 7.5, 15.75],
			"rotation": {"angle": 0, "axis": "y", "origin": [8, 7.75, 16.13889]},
			"faces": {
				"north": {"uv": [7.5, 8.5, 8.5, 8.75], "texture": "#3", "rotation": 270},
				"east": {"uv": [0.25, 8.5, 0.5, 8.75], "texture": "#3", "rotation": 270},
				"south": {"uv": [7.5, 8.5, 8.5, 8.75], "texture": "#3", "rotation": 270},
				"west": {"uv": [15.5, 8.5, 15.75, 8.75], "texture": "#3", "rotation": 270},
				"up": {"uv": [7.5, 15.5, 8.5, 15.75], "texture": "#3", "rotation": 270},
				"down": {"uv": [7.5, 0.25, 8.5, 0.5], "texture": "#3", "rotation": 270}
			}
		}
	]
}