{
  "credit": "Thanks Jannis for the Blockbench.",
  "parent": "block/cube",
  "ambientocclusion": false,
  "textures": { "particle": "#lever" },
  "display": {
    "gui":    { "rotation": [ 0, 180, 0 ], "translation": [  0.00, 0.50,   0.00 ], "scale": [ 1.00, 1.00, 1.00 ] },
    "fixed":  { "rotation": [ 0,   0, 0 ], "translation": [  0.00, 0.00,  -7.00 ], "scale": [ 1.00, 1.00, 1.00 ] },
    "ground": { "rotation": [ 0,   0, 0 ], "translation": [  0.00, 0.00,  -7.00 ], "scale": [ 0.75, 0.75, 0.75 ] }
  },
  "elements": [
    {
        "from": [   6,  6.0, 15.7 ],
        "to"  : [  10, 10.0, 16.0 ],
        "faces": { "down":  { "texture": "#base" }, "up":    { "texture": "#base" }, "north": { "texture": "#base" }, "south": { "texture": "#base" }, "west":  { "texture": "#base" }, "east":  { "texture": "#base" } }
    },
    {
        "from": [  6.0, 7.5, 14.5 ],
        "to"  : [  6.5, 8.5, 15.7 ],
        "faces": { "down":  { "texture": "#mount" }, "up":    { "texture": "#mount" }, "north": { "texture": "#mount" }, "south": { "texture": "#mount" }, "west":  { "texture": "#mount" }, "east":  { "texture": "#mount" } }
    },
    {
        "from": [  7.0, 7.5, 14.5 ],
        "to"  : [  7.5, 8.5, 15.7 ],
        "faces": { "down":  { "texture": "#mount" }, "up":    { "texture": "#mount" }, "north": { "texture": "#mount" }, "south": { "texture": "#mount" }, "west":  { "texture": "#mount" }, "east":  { "texture": "#mount" } }
    },
    {
        "from": [  8.5, 7.5, 14.5 ],
        "to"  : [  9.0, 8.5, 15.7 ],
        "faces": { "down":  { "texture": "#mount" }, "up":    { "texture": "#mount" }, "north": { "texture": "#mount" }, "south": { "texture": "#mount" }, "west":  { "texture": "#mount" }, "east":  { "texture": "#mount" } }
    },
    {
        "from": [ 9.5,  7.5, 14.5 ],
        "to"  : [ 10.0, 8.5, 15.7 ],
        "faces": { "down":  { "texture": "#mount" }, "up":    { "texture": "#mount" }, "north": { "texture": "#mount" }, "south": { "texture": "#mount" }, "west":  { "texture": "#mount" }, "east":  { "texture": "#mount" } }
    },
    {
        "from": [ 6.5, 8.5, 15.5 ],
        "to"  : [ 9.5, 9.5, 15.7 ],
        "faces": { "down":  { "texture": "#mount" }, "up":    { "texture": "#mount" }, "north": { "texture": "#mount" }, "south": { "texture": "#mount" }, "west":  { "texture": "#mount" }, "east":  { "texture": "#mount" } }
    },
    {
        "from": [ 6.5, 6.0, 15.5 ],
        "to"  : [ 7.0, 6.5, 15.7 ],
        "faces": { "down":  { "texture": "#mount" }, "up":    { "texture": "#mount" }, "north": { "texture": "#mount" }, "south": { "texture": "#mount" }, "west":  { "texture": "#mount" }, "east":  { "texture": "#mount" } }
    },
    {
        "from": [ 9.0, 6.0, 15.5 ],
        "to"  : [ 9.5, 6.5, 15.7 ],
        "faces": { "down":  { "texture": "#mount" }, "up":    { "texture": "#mount" }, "north": { "texture": "#mount" }, "south": { "texture": "#mount" }, "west":  { "texture": "#mount" }, "east":  { "texture": "#mount" } }
    },
    {
        "from": [ 6.5, 4.5, 14.5 ],
        "to"  : [ 7.0, 8.0, 15.5 ],
        "faces": { "down":  { "texture": "#lever" }, "up":    { "texture": "#lever" }, "north": { "texture": "#lever" }, "south": { "texture": "#lever" }, "west":  { "texture": "#lever" }, "east":  { "texture": "#lever" } }
    },
    {
        "from": [ 9.0, 4.5, 14.5 ],
        "to"  : [ 9.5, 8.0, 15.5 ],
        "faces": { "down":  { "texture": "#lever" }, "up":    { "texture": "#lever" }, "north": { "texture": "#lever" }, "south": { "texture": "#lever" }, "west":  { "texture": "#lever" }, "east":  { "texture": "#lever" } }
    },
    {
        "from": [ 7.0, 4.5, 14.5 ],
        "to"  : [ 9.0, 5.0, 15.5 ],
        "faces": { "down":  { "texture": "#lever" }, "up":    { "texture": "#lever" }, "north": { "texture": "#lever" }, "south": { "texture": "#lever" }, "west":  { "texture": "#lever" }, "east":  { "texture": "#lever" } }
    },
    {
        "from": [ 7.6, 2.2, 14.6 ],
        "to"  : [ 8.4, 4.5, 15.4 ],
        "faces": { "down":  { "texture": "#handle" }, "up":    { "texture": "#handle" }, "north": { "texture": "#handle" }, "south": { "texture": "#handle" }, "west":  { "texture": "#handle" }, "east":  { "texture": "#handle" } }
    },
    {
        "from": [ 7.4, 2.0, 14.4 ],
        "to"  : [ 8.6, 2.2, 15.6 ],
        "faces": { "down":  { "texture": "#handle" }, "up":    { "texture": "#handle" }, "north": { "texture": "#handle" }, "south": { "texture": "#handle" }, "west":  { "texture": "#handle" }, "east":  { "texture": "#handle" } }
    }
  ]
}
