{
  "credit": "Thanks Jannis for the Blockbench.",
  "parent": "block/cube",
  "ambientocclusion": false,
  "textures": {
    "0": "rsgauges:blocks/common/darkroughmetal",
    "3": "rsgauges:blocks/common/old_wood",
    "5": "rsgauges:blocks/common/old_iron",
    "particle": "rsgauges:blocks/common/old_iron"
  },
  "display": {
    "gui":    { "rotation": [ 0, 180, 0 ], "translation": [  0.00, 0.50,   0.00 ], "scale": [ 1.00, 1.00, 1.00 ] },
    "fixed":  { "rotation": [ 0,   0, 0 ], "translation": [  0.00, 0.00, -11.00 ], "scale": [ 1.00, 1.00, 1.00 ] },
    "ground": { "rotation": [ 0,   0, 0 ], "translation": [  0.00, 0.00,  -7.00 ], "scale": [ 0.50, 0.50, 0.50 ] }
  },
  "elements": [
		{
			"from": [8.78094, 7.78887, 14],
			"to": [9.03094, 8.03887, 16.25],
			"rotation": {"angle": -22.5, "axis": "x", "origin": [8.65594, 7.91387, 14.89286]},
			"faces": {
				"north": {"uv": [3, 0.5, 5, 14.75], "texture": "#0"},
				"east": {"uv": [3, 0.5, 16, 2.75], "texture": "#0"},
				"south": {"uv": [3, 0.5, 5, 14.75], "texture": "#0"},
				"west": {"uv": [3, 0.5, 5, 14.75], "texture": "#0"},
				"up": {"uv": [3, 0.5, 5, 14.75], "texture": "#0"},
				"down": {"uv": [3, 0.5, 5, 14.75], "texture": "#0"}
			}
		},
		{
			"from": [8.28094, 7.78887, 14],
			"to": [8.53094, 8.03887, 16.25],
			"rotation": {"angle": -22.5, "axis": "x", "origin": [8.65594, 7.91387, 14.89286]},
			"faces": {
				"north": {"uv": [3, 0, 5.5, 14.75], "texture": "#0"},
				"east": {"uv": [3, 0, 5.5, 14.75], "texture": "#0"},
				"south": {"uv": [3, 0, 5.5, 14.75], "texture": "#0"},
				"west": {"uv": [1, 4, 14, 6.25], "texture": "#0"},
				"up": {"uv": [3, 0, 5.5, 14.75], "texture": "#0"},
				"down": {"uv": [3, 0, 5.5, 14.75], "texture": "#0"}
			}
		},
		{
			"from": [8.53094, 7.53887, 14],
			"to": [8.78094, 8.28887, 14.25],
			"rotation": {"angle": -22.5, "axis": "x", "origin": [8.65594, 7.91387, 14.89286]},
			"faces": {
				"north": {"uv": [3.5, 7, 8, 12.25], "texture": "#0"},
				"east": {"uv": [3.5, 7, 8, 12.25], "texture": "#0"},
				"south": {"uv": [3.5, 7, 8, 12.25], "texture": "#0"},
				"west": {"uv": [3.5, 7, 8, 12.25], "texture": "#0"},
				"up": {"uv": [1, 7, 3, 15.75], "texture": "#0"},
				"down": {"uv": [3.5, 7, 8, 12.25], "texture": "#0"}
			}
		},
		{
			"from": [8.53094, 7.78887, 14.25],
			"to": [8.78094, 8.03887, 16.25],
			"rotation": {"angle": -22.5, "axis": "x", "origin": [8.65594, 7.91387, 14.89286]},
			"faces": {
				"north": {"uv": [10, 3, 14.5, 9.75], "texture": "#0"},
				"east": {"uv": [10, 3, 14.5, 9.75], "texture": "#0"},
				"south": {"uv": [10, 3, 14.5, 9.75], "texture": "#0"},
				"west": {"uv": [10, 3, 14.5, 9.75], "texture": "#0"},
				"up": {"uv": [3.5, 5.5, 6, 15.75], "texture": "#0"},
				"down": {"uv": [10, 3, 14.5, 9.75], "texture": "#0"}
			}
		},
		{
			"from": [8.28094, 7.53887, 13.75],
			"to": [9.03094, 8.28887, 14],
			"rotation": {"angle": -22.5, "axis": "x", "origin": [8.65594, 7.91387, 14.89286]},
			"faces": {
				"north": {"uv": [2.5, 9, 7, 13.25], "texture": "#0"},
				"east": {"uv": [3.5, 7, 5, 11.75], "texture": "#0"},
				"south": {"uv": [3.5, 7, 8, 12.25], "texture": "#0"},
				"west": {"uv": [2, 9, 4.5, 12.75], "texture": "#0"},
				"up": {"uv": [1, 7, 3, 15.75], "texture": "#0"},
				"down": {"uv": [3.5, 7, 8, 12.25], "texture": "#0"}
			}
		},
		{
			"from": [8.53094, 7.53887, 14.25],
			"to": [8.78094, 7.78887, 16],
			"rotation": {"angle": -22.5, "axis": "x", "origin": [8.65594, 7.91387, 14.89286]},
			"faces": {
				"north": {"uv": [0.5, 3, 16, 7.75], "texture": "#0"},
				"east": {"uv": [0.5, 3, 16, 7.75], "texture": "#0"},
				"south": {"uv": [0.5, 3, 16, 7.75], "texture": "#0"},
				"west": {"uv": [0.5, 3, 16, 7.75], "texture": "#0"},
				"up": {"uv": [0.5, 3, 16, 7.75], "texture": "#0"},
				"down": {"uv": [0.5, 3, 16, 7.75], "texture": "#0"}
			}
		},
		{
			"from": [8.53094, 8.03887, 14.75],
			"to": [8.78094, 8.28887, 16.25],
			"rotation": {"angle": -22.5, "axis": "x", "origin": [8.65594, 7.91387, 14.89286]},
			"faces": {
				"north": {"uv": [10, 3, 14.5, 9.75], "texture": "#0"},
				"east": {"uv": [10, 3, 14.5, 9.75], "texture": "#0"},
				"south": {"uv": [10, 3, 14.5, 9.75], "texture": "#0"},
				"west": {"uv": [10, 3, 14.5, 9.75], "texture": "#0"},
				"up": {"uv": [3.5, 5.5, 6, 15.75], "texture": "#0"},
				"down": {"uv": [10, 3, 14.5, 9.75], "texture": "#0"}
			}
		}
	]
}