{
	"parent": "block/cube",
	"ambientocclusion": false,
	"textures": {
		"particle": "#base"
	},
	"elements": [
		{
			"from": [7, 6, 15.7],
			"to": [9, 10, 16],
			"faces": {
				"north": {"uv": [7, 6, 9, 10], "texture": "#base"},
				"east": {"uv": [0, 6, 0.3, 10], "texture": "#base"},
				"south": {"uv": [7, 6, 9, 10], "texture": "#base"},
				"west": {"uv": [15.7, 6, 16, 10], "texture": "#base"},
				"up": {"uv": [7, 15.7, 9, 16], "texture": "#base"},
				"down": {"uv": [7, 0, 9, 0.3], "texture": "#base"}
			}
		},
		{
			"from": [7.4, 7.3, 15.5],
			"to": [8.6, 8.7, 15.7],
			"faces": {
				"north": {"uv": [7.4, 7.3, 8.6, 8.7], "texture": "#lever"},
				"east": {"uv": [0.3, 7.3, 0.5, 8.7], "texture": "#lever"},
				"south": {"uv": [7.4, 7.3, 8.6, 8.7], "texture": "#lever"},
				"west": {"uv": [15.5, 7.3, 15.7, 8.7], "texture": "#lever"},
				"up": {"uv": [7.4, 15.5, 8.6, 15.7], "texture": "#lever"},
				"down": {"uv": [7.4, 0.3, 8.6, 0.5], "texture": "#lever"}
			}
		},
		{
			"from": [7.5, 7.8, 14.8],
			"to": [8.5, 8.3, 15.6],
			"rotation": {"angle": 45, "axis": "x", "origin": [8, 8, 15.7]},
			"faces": {
				"north": {"uv": [7.5, 7.7, 8.5, 8.2], "texture": "#lever"},
				"east": {"uv": [0.4, 7.7, 1.2, 8.2], "texture": "#lever"},
				"south": {"uv": [7.5, 7.7, 8.5, 8.2], "texture": "#lever"},
				"west": {"uv": [14.8, 7.7, 15.6, 8.2], "texture": "#lever"},
				"up": {"uv": [7.5, 14.8, 8.5, 15.6], "texture": "#lever"},
				"down": {"uv": [7.5, 0.4, 8.5, 1.2], "texture": "#lever"}
			}
		}
	],
	"display": {
		"thirdperson_righthand": {
			"rotation": [0, 90, 0],
			"translation": [-7.5, 0, 0]
		},
		"firstperson_righthand": {
			"rotation": [0, 87, 0],
			"translation": [-1, 0.25, 0],
			"scale": [0.6, 0.6, 0.6]
		},
		"ground": {
			"translation": [0, -1, -5.5],
			"scale": [0.75, 0.75, 0.75]
		},
		"gui": {
			"rotation": [30, -136, 0],
			"translation": [11.75, -5.5, 0],
			"scale": [2.2, 2.2, 2.2]
		},
		"fixed": {
			"translation": [0, 0, -8]
		}
	}
}