{
	"parent": "block/cube",
	"ambientocclusion": false,
	"textures": {
		"particle": "#side"
	},
	"elements": [
		{
			"from": [4.25, 10.25, 12.25],
			"to": [5.25, 10.75, 16],
			"faces": {
				"north": {"uv": [0, 0, 0.25, 0.125], "texture": "#side"},
				"east": {"uv": [0, 0, 0.9375, 0.125], "texture": "#side"},
				"south": {"uv": [0, 0, 0.25, 0.125], "texture": "#side"},
				"west": {"uv": [0, 0, 0.9375, 0.125], "texture": "#side"},
				"up": {"uv": [0, 0, 0.25, 0.9375], "texture": "#side"},
				"down": {"uv": [0, 0, 0.25, 0.9375], "texture": "#side"}
			}
		},
		{
			"from": [10.75, 10.25, 12.25],
			"to": [11.75, 10.75, 16],
			"faces": {
				"north": {"uv": [0, 0, 0.25, 0.125], "texture": "#side"},
				"east": {"uv": [0, 0, 0.9375, 0.125], "texture": "#side"},
				"south": {"uv": [0, 0, 0.25, 0.125], "texture": "#side"},
				"west": {"uv": [0, 0, 0.9375, 0.125], "texture": "#side"},
				"up": {"uv": [0, 0, 0.25, 0.9375], "texture": "#side"},
				"down": {"uv": [0, 0, 0.25, 0.9375], "texture": "#side"}
			}
		},
		{
			"from": [4.5, 10.25, 10],
			"to": [5, 10.75, 12],
			"faces": {
				"north": {"uv": [0, 0, 0.125, 0.125], "texture": "#side"},
				"east": {"uv": [0, 0, 0.5, 0.125], "texture": "#side"},
				"south": {"uv": [0, 0, 0.125, 0.125], "texture": "#side"},
				"west": {"uv": [0, 0, 0.5, 0.125], "texture": "#side"},
				"up": {"uv": [0, 0, 0.125, 0.5], "texture": "#side"},
				"down": {"uv": [0, 0, 0.125, 0.5], "texture": "#side"}
			}
		},
		{
			"from": [11, 10.25, 10],
			"to": [11.5, 10.75, 12],
			"faces": {
				"north": {"uv": [0, 0, 0.125, 0.125], "texture": "#side"},
				"east": {"uv": [0, 0, 0.5, 0.125], "texture": "#side"},
				"south": {"uv": [0, 0, 0.125, 0.125], "texture": "#side"},
				"west": {"uv": [0, 0, 0.5, 0.125], "texture": "#side"},
				"up": {"uv": [0, 0, 0.125, 0.5], "texture": "#side"},
				"down": {"uv": [0, 0, 0.125, 0.5], "texture": "#side"}
			}
		},
		{
			"from": [4.75, 10.25, 9.5],
			"to": [11.25, 10.75, 10],
			"faces": {
				"north": {"uv": [0, 0, 1.625, 0.125], "texture": "#side"},
				"east": {"uv": [0, 0, 0.125, 0.125], "texture": "#side"},
				"south": {"uv": [0, 0, 1.625, 0.125], "texture": "#side"},
				"west": {"uv": [0, 0, 0.125, 0.125], "texture": "#side"},
				"up": {"uv": [0, 0, 1.625, 0.125], "texture": "#side"},
				"down": {"uv": [0, 0, 1.625, 0.125], "texture": "#side"}
			}
		},
		{
			"from": [10.75, 10.25, 10],
			"to": [11, 10.75, 10.25],
			"faces": {
				"north": {"uv": [0, 0, 0.0625, 0.125], "texture": "#side"},
				"east": {"uv": [0, 0, 0.0625, 0.125], "texture": "#side"},
				"south": {"uv": [0, 0, 0.0625, 0.125], "texture": "#side"},
				"west": {"uv": [0, 0, 0.0625, 0.125], "texture": "#side"},
				"up": {"uv": [0, 0, 0.0625, 0.0625], "texture": "#side"},
				"down": {"uv": [0, 0, 0.0625, 0.0625], "texture": "#side"}
			}
		},
		{
			"from": [5, 10.25, 10],
			"to": [5.25, 10.75, 10.25],
			"faces": {
				"north": {"uv": [0, 0, 0.0625, 0.125], "texture": "#side"},
				"east": {"uv": [0, 0, 0.0625, 0.125], "texture": "#side"},
				"south": {"uv": [0, 0, 0.0625, 0.125], "texture": "#side"},
				"west": {"uv": [0, 0, 0.0625, 0.125], "texture": "#side"},
				"up": {"uv": [0, 0, 0.0625, 0.0625], "texture": "#side"},
				"down": {"uv": [0, 0, 0.0625, 0.0625], "texture": "#side"}
			}
		},
		{
			"from": [4.5, 10.25, 9.75],
			"to": [4.75, 10.75, 10],
			"faces": {
				"north": {"uv": [0, 0, 0.0625, 0.125], "texture": "#side"},
				"east": {"uv": [0, 0, 0.0625, 0.125], "texture": "#side"},
				"south": {"uv": [0, 0, 0.0625, 0.125], "texture": "#side"},
				"west": {"uv": [0, 0, 0.0625, 0.125], "texture": "#side"},
				"up": {"uv": [0, 0, 0.0625, 0.0625], "texture": "#side"},
				"down": {"uv": [0, 0, 0.0625, 0.0625], "texture": "#side"}
			}
		},
		{
			"from": [11.25, 10.25, 9.75],
			"to": [11.5, 10.75, 10],
			"faces": {
				"north": {"uv": [0, 0, 0.0625, 0.125], "texture": "#side"},
				"east": {"uv": [0, 0, 0.0625, 0.125], "texture": "#side"},
				"south": {"uv": [0, 0, 0.0625, 0.125], "texture": "#side"},
				"west": {"uv": [0, 0, 0.0625, 0.125], "texture": "#side"},
				"up": {"uv": [0, 0, 0.0625, 0.0625], "texture": "#side"},
				"down": {"uv": [0, 0, 0.0625, 0.0625], "texture": "#side"}
			}
		},
		{
			"from": [5.5, 10.75, 9.25],
			"to": [5.75, 11, 10.25],
			"faces": {
				"north": {"uv": [0, 0, 0.0625, 0.0625], "texture": "#side"},
				"east": {"uv": [0, 0, 0.25, 0.0625], "texture": "#side"},
				"south": {"uv": [0, 0, 0.0625, 0.0625], "texture": "#side"},
				"west": {"uv": [0, 0, 0.25, 0.0625], "texture": "#side"},
				"up": {"uv": [0, 0, 0.0625, 0.25], "texture": "#side"},
				"down": {"uv": [0, 0, 0.0625, 0.25], "texture": "#side"}
			}
		},
		{
			"from": [5.5, 10, 9.25],
			"to": [5.75, 10.25, 10.25],
			"faces": {
				"north": {"uv": [0, 0, 0.0625, 0.0625], "texture": "#side"},
				"east": {"uv": [0, 0, 0.25, 0.0625], "texture": "#side"},
				"south": {"uv": [0, 0, 0.0625, 0.0625], "texture": "#side"},
				"west": {"uv": [0, 0, 0.25, 0.0625], "texture": "#side"},
				"up": {"uv": [0, 0, 0.0625, 0.25], "texture": "#side"},
				"down": {"uv": [0, 0, 0.0625, 0.25], "texture": "#side"}
			}
		},
		{
			"from": [5.5, 10.25, 9.25],
			"to": [5.75, 10.75, 9.5],
			"faces": {
				"north": {"uv": [0, 0, 0.0625, 0.125], "texture": "#side"},
				"east": {"uv": [0, 0, 0.0625, 0.125], "texture": "#side"},
				"south": {"uv": [0, 0, 0.0625, 0.125], "texture": "#side"},
				"west": {"uv": [0, 0, 0.0625, 0.125], "texture": "#side"},
				"up": {"uv": [0, 0, 0.0625, 0.0625], "texture": "#side"},
				"down": {"uv": [0, 0, 0.0625, 0.0625], "texture": "#side"}
			}
		},
		{
			"from": [5.5, 10.25, 10],
			"to": [5.75, 10.75, 10.25],
			"faces": {
				"north": {"uv": [0, 0, 0.0625, 0.125], "texture": "#side"},
				"east": {"uv": [0, 0, 0.0625, 0.125], "texture": "#side"},
				"south": {"uv": [0, 0, 0.0625, 0.125], "texture": "#side"},
				"west": {"uv": [0, 0, 0.0625, 0.125], "texture": "#side"},
				"up": {"uv": [0, 0, 0.0625, 0.0625], "texture": "#side"},
				"down": {"uv": [0, 0, 0.0625, 0.0625], "texture": "#side"}
			}
		},
		{
			"from": [10.25, 10.25, 10],
			"to": [10.5, 10.75, 10.25],
			"faces": {
				"north": {"uv": [0, 0, 0.0625, 0.125], "texture": "#side"},
				"east": {"uv": [0, 0, 0.0625, 0.125], "texture": "#side"},
				"south": {"uv": [0, 0, 0.0625, 0.125], "texture": "#side"},
				"west": {"uv": [0, 0, 0.0625, 0.125], "texture": "#side"},
				"up": {"uv": [0, 0, 0.0625, 0.0625], "texture": "#side"},
				"down": {"uv": [0, 0, 0.0625, 0.0625], "texture": "#side"}
			}
		},
		{
			"from": [10.25, 10.25, 9.25],
			"to": [10.5, 10.75, 9.5],
			"faces": {
				"north": {"uv": [0, 0, 0.0625, 0.125], "texture": "#side"},
				"east": {"uv": [0, 0, 0.0625, 0.125], "texture": "#side"},
				"south": {"uv": [0, 0, 0.0625, 0.125], "texture": "#side"},
				"west": {"uv": [0, 0, 0.0625, 0.125], "texture": "#side"},
				"up": {"uv": [0, 0, 0.0625, 0.0625], "texture": "#side"},
				"down": {"uv": [0, 0, 0.0625, 0.0625], "texture": "#side"}
			}
		},
		{
			"from": [10.25, 10.75, 9.25],
			"to": [10.5, 11, 10.25],
			"faces": {
				"north": {"uv": [0, 0, 0.0625, 0.0625], "texture": "#side"},
				"east": {"uv": [0, 0, 0.25, 0.0625], "texture": "#side"},
				"south": {"uv": [0, 0, 0.0625, 0.0625], "texture": "#side"},
				"west": {"uv": [0, 0, 0.25, 0.0625], "texture": "#side"},
				"up": {"uv": [0, 0, 0.0625, 0.25], "texture": "#side"},
				"down": {"uv": [0, 0, 0.0625, 0.25], "texture": "#side"}
			}
		},
		{
			"from": [10.25, 10, 9.25],
			"to": [10.5, 10.25, 10.25],
			"faces": {
				"north": {"uv": [0, 0, 0.0625, 0.0625], "texture": "#side"},
				"east": {"uv": [0, 0, 0.25, 0.0625], "texture": "#side"},
				"south": {"uv": [0, 0, 0.0625, 0.0625], "texture": "#side"},
				"west": {"uv": [0, 0, 0.25, 0.0625], "texture": "#side"},
				"up": {"uv": [0, 0, 0.0625, 0.25], "texture": "#side"},
				"down": {"uv": [0, 0, 0.0625, 0.25], "texture": "#side"}
			}
		},
		{
			"from": [5.75, 10, 10],
			"to": [10.25, 11, 10.5],
			"faces": {
				"north": {"uv": [0, 0, 4.5, 1], "texture": "#handle"},
				"east": {"uv": [0, 0, 0.5, 1], "texture": "#handle"},
				"south": {"uv": [0, 0, 4.5, 1], "texture": "#handle"},
				"west": {"uv": [0, 0, 0.5, 1], "texture": "#handle"},
				"up": {"uv": [0, 0, 4.5, 0.5], "texture": "#handle"},
				"down": {"uv": [0, 0, 4.5, 0.5], "texture": "#handle"}
			}
		},
		{
			"from": [5.75, 10, 9],
			"to": [10.25, 11, 9.5],
			"faces": {
				"north": {"uv": [0, 0, 4.5, 1], "texture": "#handle"},
				"east": {"uv": [0, 0, 0.5, 1], "texture": "#handle"},
				"south": {"uv": [0, 0, 4.5, 1], "texture": "#handle"},
				"west": {"uv": [0, 0, 0.5, 1], "texture": "#handle"},
				"up": {"uv": [0, 0, 4.5, 0.5], "texture": "#handle"},
				"down": {"uv": [0, 0, 4.5, 0.5], "texture": "#handle"}
			}
		},
		{
			"from": [5.75, 9.75, 9.25],
			"to": [10.25, 10.25, 10.25],
			"faces": {
				"north": {"uv": [0, 0, 4.5, 0.5], "texture": "#handle"},
				"east": {"uv": [0, 0, 1, 0.5], "texture": "#handle"},
				"south": {"uv": [0, 0, 4.5, 0.5], "texture": "#handle"},
				"west": {"uv": [0, 0, 1, 0.5], "texture": "#handle"},
				"up": {"uv": [0, 0, 4.5, 1], "texture": "#handle"},
				"down": {"uv": [0, 0, 4.5, 1], "texture": "#handle"}
			}
		},
		{
			"from": [5.75, 10.75, 9.25],
			"to": [10.25, 11.25, 10.25],
			"faces": {
				"north": {"uv": [0, 0, 4.5, 0.5], "texture": "#handle"},
				"east": {"uv": [0, 0, 1, 0.5], "texture": "#handle"},
				"south": {"uv": [0, 0, 4.5, 0.5], "texture": "#handle"},
				"west": {"uv": [0, 0, 1, 0.5], "texture": "#handle"},
				"up": {"uv": [0, 0, 4.5, 1], "texture": "#handle"},
				"down": {"uv": [0, 0, 4.5, 1], "texture": "#handle"}
			}
		},
		{
			"from": [4.25, 10, 12],
			"to": [5.25, 11, 12.25],
			"faces": {
				"north": {"uv": [0, 0, 0.25, 0.25], "texture": "#side"},
				"east": {"uv": [0, 0, 0.0625, 0.25], "texture": "#side"},
				"south": {"uv": [0, 0, 0.25, 0.25], "texture": "#side"},
				"west": {"uv": [0, 0, 0.0625, 0.25], "texture": "#side"},
				"up": {"uv": [0, 0, 0.25, 0.0625], "texture": "#side"},
				"down": {"uv": [0, 0, 0.25, 0.0625], "texture": "#side"}
			}
		},
		{
			"from": [10.75, 10, 12],
			"to": [11.75, 11, 12.25],
			"faces": {
				"north": {"uv": [0, 0, 0.25, 0.25], "texture": "#side"},
				"east": {"uv": [0, 0, 0.0625, 0.25], "texture": "#side"},
				"south": {"uv": [0, 0, 0.25, 0.25], "texture": "#side"},
				"west": {"uv": [0, 0, 0.0625, 0.25], "texture": "#side"},
				"up": {"uv": [0, 0, 0.25, 0.0625], "texture": "#side"},
				"down": {"uv": [0, 0, 0.25, 0.0625], "texture": "#side"}
			}
		},
		{
			"from": [5.25, 10.25, 12.25],
			"to": [10.75, 10.5, 16],
			"faces": {
				"north": {"uv": [0, 0, 1.375, 0.0625], "texture": "#side"},
				"east": {"uv": [0, 0, 0.9375, 0.0625], "texture": "#side"},
				"south": {"uv": [0, 0, 1.375, 0.0625], "texture": "#side"},
				"west": {"uv": [0, 0, 0.9375, 0.0625], "texture": "#side"},
				"up": {"uv": [0, 0, 1.375, 0.9375], "texture": "#side"},
				"down": {"uv": [0, 0, 1.375, 0.9375], "texture": "#side"}
			}
		},
		{
			"from": [5.25, 10.25, 12],
			"to": [10.75, 10.5, 12.25],
			"faces": {
				"north": {"uv": [0, 0, 1.375, 0.0625], "texture": "#side"},
				"east": {"uv": [0, 0, 0.0625, 0.0625], "texture": "#side"},
				"south": {"uv": [0, 0, 1.375, 0.0625], "texture": "#side"},
				"west": {"uv": [0, 0, 0.0625, 0.0625], "texture": "#side"},
				"up": {"uv": [0, 0, 1.375, 0.0625], "texture": "#side"},
				"down": {"uv": [0, 0, 1.375, 0.0625], "texture": "#side"}
			}
		}
	],
	"display": {
		"thirdperson_righthand": {
			"rotation": [14, 5, 103],
			"translation": [1.25, -0.5, -3.5],
			"scale": [0.6, 0.6, 0.6]
		},
		"firstperson_righthand": {
			"rotation": [-55, -1, 73],
			"translation": [3, -1.75, 0],
			"scale": [0.6, 0.6, 0.6]
		},
		"ground": {
			"translation": [0, -2.25, -3],
			"scale": [0.6, 0.6, 0.6]
		},
		"gui": {
			"rotation": [30, -135, 0],
			"translation": [5.25, -4.5, 0],
			"scale": [1.5, 1.5, 1.5]
		},
		"fixed": {
			"translation": [0, -1.75, -7.5]
		}
	}
}