{
  "credit": "Thanks Jannis for the Blockbench.",
  "parent": "block/cube",
  "ambientocclusion": false,
  "textures": { "particle": "#base" },
  "display": {
    "gui":    { "rotation": [ 0, 180, 0 ], "translation": [  0.00, 0.50,   0.00 ], "scale": [ 1.00, 1.00, 1.00 ] },
    "fixed":  { "rotation": [ 0,   0, 0 ], "translation": [  0.00, 0.00,  -7.00 ], "scale": [ 1.00, 1.00, 1.00 ] },
    "ground": { "rotation": [ 0,   0, 0 ], "translation": [  0.00, 0.00,  -7.00 ], "scale": [ 0.75, 0.75, 0.75 ] }
  },
  "elements": [
    {
      "from": [ 7,  6.0, 15.7 ],
      "to"  : [ 9, 10.0, 16.0 ],
      "faces": { "down":  { "texture": "#base" }, "up":    { "texture": "#base" }, "north": { "texture": "#base" }, "south": { "texture": "#base" }, "west":  { "texture": "#base" }, "east":  { "texture": "#base" } }
    },
    {
      "from": [  7.4, 7.3, 15.5 ],
      "to"  : [  8.6, 8.7, 15.7 ],
      "faces": { "down":  { "texture": "#lever" }, "up":    { "texture": "#lever" }, "north": { "texture": "#lever" }, "south": { "texture": "#lever" }, "west":  { "texture": "#lever" }, "east":  { "texture": "#lever" } }
    },
    {
      "from": [  7.5, 7.8, 14.8 ],
      "to"  : [  8.5, 8.3, 15.6 ],
      "rotation": {
        "origin": [ 8, 8, 15.7 ],
        "axis": "x",
        "angle": -45,
        "rescale": false
      },
      "faces": { "down":  { "texture": "#lever" }, "up":    { "texture": "#lever" }, "north": { "texture": "#lever" }, "south": { "texture": "#lever" }, "west":  { "texture": "#lever" }, "east":  { "texture": "#lever" } }
    }
  ]
}
