{
  "credit": "Thanks Jannis for the Blockbench.",
  "parent": "block/cube",
  "ambientocclusion": false,
  "textures": { "particle": "#side" },
  "display": {
    "gui":    { "rotation": [ 0, 180, 0 ], "translation": [  0.00, 0.50,   0.00 ], "scale": [ 1.00, 1.00, 1.00 ] },
    "fixed":  { "rotation": [ 0,   0, 0 ], "translation": [  0.00, 0.00,  -7.00 ], "scale": [ 1.00, 1.00, 1.00 ] },
    "ground": { "rotation": [ 0,   0, 0 ], "translation": [  0.00, 0.00,  -7.00 ], "scale": [ 0.75, 0.75, 0.75 ] }
  },
	"elements": [
		{
			"from": [4.5, 10.25, 13.75],
			"to": [5, 10.75, 15.75],
			"faces": {
				"north": {"uv": [0, 0, 0.125, 0.125], "texture": "#side"},
				"east": {"uv": [0, 0, 0.5, 0.125], "texture": "#side"},
				"south": {"uv": [0, 0, 0.125, 0.125], "texture": "#side"},
				"west": {"uv": [0, 0, 0.5, 0.125], "texture": "#side"},
				"up": {"uv": [0, 0, 0.125, 0.5], "texture": "#side"},
				"down": {"uv": [0, 0, 0.125, 0.5], "texture": "#side"}
			}
		},
		{
			"from": [11, 10.25, 13.75],
			"to": [11.5, 10.75, 15.75],
			"faces": {
				"north": {"uv": [0, 0, 0.125, 0.125], "texture": "#side"},
				"east": {"uv": [0, 0, 0.5, 0.125], "texture": "#side"},
				"south": {"uv": [0, 0, 0.125, 0.125], "texture": "#side"},
				"west": {"uv": [0, 0, 0.5, 0.125], "texture": "#side"},
				"up": {"uv": [0, 0, 0.125, 0.5], "texture": "#side"},
				"down": {"uv": [0, 0, 0.125, 0.5], "texture": "#side"}
			}
		},
		{
			"from": [4.75, 10.25, 13.25],
			"to": [11.25, 10.75, 13.75],
			"faces": {
				"north": {"uv": [0, 0, 1.625, 0.125], "texture": "#side"},
				"east": {"uv": [0, 0, 0.125, 0.125], "texture": "#side"},
				"south": {"uv": [0, 0, 1.625, 0.125], "texture": "#side"},
				"west": {"uv": [0, 0, 0.125, 0.125], "texture": "#side"},
				"up": {"uv": [0, 0, 1.625, 0.125], "texture": "#side"},
				"down": {"uv": [0, 0, 1.625, 0.125], "texture": "#side"}
			}
		},
		{
			"from": [4.25, 10, 15.75],
			"to": [5.25, 11, 16],
			"faces": {
				"north": {"uv": [0, 0, 0.25, 0.25], "texture": "#side"},
				"east": {"uv": [0, 0, 0.0625, 0.25], "texture": "#side"},
				"south": {"uv": [0, 0, 0.25, 0.25], "texture": "#side"},
				"west": {"uv": [0, 0, 0.0625, 0.25], "texture": "#side"},
				"up": {"uv": [0, 0, 0.25, 0.0625], "texture": "#side"},
				"down": {"uv": [0, 0, 0.25, 0.0625], "texture": "#side"}
			}
		},
		{
			"from": [10.75, 10, 15.75],
			"to": [11.75, 11, 16],
			"faces": {
				"north": {"uv": [0, 0, 0.25, 0.25], "texture": "#side"},
				"east": {"uv": [0, 0, 0.0625, 0.25], "texture": "#side"},
				"south": {"uv": [0, 0, 0.25, 0.25], "texture": "#side"},
				"west": {"uv": [0, 0, 0.0625, 0.25], "texture": "#side"},
				"up": {"uv": [0, 0, 0.25, 0.0625], "texture": "#side"},
				"down": {"uv": [0, 0, 0.25, 0.0625], "texture": "#side"}
			}
		},
		{
			"from": [10.75, 10.25, 13.75],
			"to": [11, 10.75, 14],
			"faces": {
				"north": {"uv": [0, 0, 0.0625, 0.125], "texture": "#side"},
				"east": {"uv": [0, 0, 0.0625, 0.125], "texture": "#side"},
				"south": {"uv": [0, 0, 0.0625, 0.125], "texture": "#side"},
				"west": {"uv": [0, 0, 0.0625, 0.125], "texture": "#side"},
				"up": {"uv": [0, 0, 0.0625, 0.0625], "texture": "#side"},
				"down": {"uv": [0, 0, 0.0625, 0.0625], "texture": "#side"}
			}
		},
		{
			"from": [5, 10.25, 13.75],
			"to": [5.25, 10.75, 14],
			"faces": {
				"north": {"uv": [0, 0, 0.0625, 0.125], "texture": "#side"},
				"east": {"uv": [0, 0, 0.0625, 0.125], "texture": "#side"},
				"south": {"uv": [0, 0, 0.0625, 0.125], "texture": "#side"},
				"west": {"uv": [0, 0, 0.0625, 0.125], "texture": "#side"},
				"up": {"uv": [0, 0, 0.0625, 0.0625], "texture": "#side"},
				"down": {"uv": [0, 0, 0.0625, 0.0625], "texture": "#side"}
			}
		},
		{
			"from": [4.5, 10.25, 13.5],
			"to": [4.75, 10.75, 13.75],
			"faces": {
				"north": {"uv": [0, 0, 0.0625, 0.125], "texture": "#side"},
				"east": {"uv": [0, 0, 0.0625, 0.125], "texture": "#side"},
				"south": {"uv": [0, 0, 0.0625, 0.125], "texture": "#side"},
				"west": {"uv": [0, 0, 0.0625, 0.125], "texture": "#side"},
				"up": {"uv": [0, 0, 0.0625, 0.0625], "texture": "#side"},
				"down": {"uv": [0, 0, 0.0625, 0.0625], "texture": "#side"}
			}
		},
		{
			"from": [11.25, 10.25, 13.5],
			"to": [11.5, 10.75, 13.75],
			"faces": {
				"north": {"uv": [0, 0, 0.0625, 0.125], "texture": "#side"},
				"east": {"uv": [0, 0, 0.0625, 0.125], "texture": "#side"},
				"south": {"uv": [0, 0, 0.0625, 0.125], "texture": "#side"},
				"west": {"uv": [0, 0, 0.0625, 0.125], "texture": "#side"},
				"up": {"uv": [0, 0, 0.0625, 0.0625], "texture": "#side"},
				"down": {"uv": [0, 0, 0.0625, 0.0625], "texture": "#side"}
			}
		},
		{
			"from": [5.5, 10.75, 13],
			"to": [5.75, 11, 14],
			"faces": {
				"north": {"uv": [0, 0, 0.0625, 0.0625], "texture": "#side"},
				"east": {"uv": [0, 0, 0.25, 0.0625], "texture": "#side"},
				"south": {"uv": [0, 0, 0.0625, 0.0625], "texture": "#side"},
				"west": {"uv": [0, 0, 0.25, 0.0625], "texture": "#side"},
				"up": {"uv": [0, 0, 0.0625, 0.25], "texture": "#side"},
				"down": {"uv": [0, 0, 0.0625, 0.25], "texture": "#side"}
			}
		},
		{
			"from": [5.5, 10, 13],
			"to": [5.75, 10.25, 14],
			"faces": {
				"north": {"uv": [0, 0, 0.0625, 0.0625], "texture": "#side"},
				"east": {"uv": [0, 0, 0.25, 0.0625], "texture": "#side"},
				"south": {"uv": [0, 0, 0.0625, 0.0625], "texture": "#side"},
				"west": {"uv": [0, 0, 0.25, 0.0625], "texture": "#side"},
				"up": {"uv": [0, 0, 0.0625, 0.25], "texture": "#side"},
				"down": {"uv": [0, 0, 0.0625, 0.25], "texture": "#side"}
			}
		},
		{
			"from": [5.5, 10.25, 13],
			"to": [5.75, 10.75, 13.25],
			"faces": {
				"north": {"uv": [0, 0, 0.0625, 0.125], "texture": "#side"},
				"east": {"uv": [0, 0, 0.0625, 0.125], "texture": "#side"},
				"south": {"uv": [0, 0, 0.0625, 0.125], "texture": "#side"},
				"west": {"uv": [0, 0, 0.0625, 0.125], "texture": "#side"},
				"up": {"uv": [0, 0, 0.0625, 0.0625], "texture": "#side"},
				"down": {"uv": [0, 0, 0.0625, 0.0625], "texture": "#side"}
			}
		},
		{
			"from": [5.5, 10.25, 13.75],
			"to": [5.75, 10.75, 14],
			"faces": {
				"north": {"uv": [0, 0, 0.0625, 0.125], "texture": "#side"},
				"east": {"uv": [0, 0, 0.0625, 0.125], "texture": "#side"},
				"south": {"uv": [0, 0, 0.0625, 0.125], "texture": "#side"},
				"west": {"uv": [0, 0, 0.0625, 0.125], "texture": "#side"},
				"up": {"uv": [0, 0, 0.0625, 0.0625], "texture": "#side"},
				"down": {"uv": [0, 0, 0.0625, 0.0625], "texture": "#side"}
			}
		},
		{
			"from": [10.25, 10.25, 13.75],
			"to": [10.5, 10.75, 14],
			"faces": {
				"north": {"uv": [0, 0, 0.0625, 0.125], "texture": "#side"},
				"east": {"uv": [0, 0, 0.0625, 0.125], "texture": "#side"},
				"south": {"uv": [0, 0, 0.0625, 0.125], "texture": "#side"},
				"west": {"uv": [0, 0, 0.0625, 0.125], "texture": "#side"},
				"up": {"uv": [0, 0, 0.0625, 0.0625], "texture": "#side"},
				"down": {"uv": [0, 0, 0.0625, 0.0625], "texture": "#side"}
			}
		},
		{
			"from": [10.25, 10.25, 13],
			"to": [10.5, 10.75, 13.25],
			"faces": {
				"north": {"uv": [0, 0, 0.0625, 0.125], "texture": "#side"},
				"east": {"uv": [0, 0, 0.0625, 0.125], "texture": "#side"},
				"south": {"uv": [0, 0, 0.0625, 0.125], "texture": "#side"},
				"west": {"uv": [0, 0, 0.0625, 0.125], "texture": "#side"},
				"up": {"uv": [0, 0, 0.0625, 0.0625], "texture": "#side"},
				"down": {"uv": [0, 0, 0.0625, 0.0625], "texture": "#side"}
			}
		},
		{
			"from": [10.25, 10.75, 13],
			"to": [10.5, 11, 14],
			"faces": {
				"north": {"uv": [0, 0, 0.0625, 0.0625], "texture": "#side"},
				"east": {"uv": [0, 0, 0.25, 0.0625], "texture": "#side"},
				"south": {"uv": [0, 0, 0.0625, 0.0625], "texture": "#side"},
				"west": {"uv": [0, 0, 0.25, 0.0625], "texture": "#side"},
				"up": {"uv": [0, 0, 0.0625, 0.25], "texture": "#side"},
				"down": {"uv": [0, 0, 0.0625, 0.25], "texture": "#side"}
			}
		},
		{
			"from": [10.25, 10, 13],
			"to": [10.5, 10.25, 14],
			"faces": {
				"north": {"uv": [0, 0, 0.0625, 0.0625], "texture": "#side"},
				"east": {"uv": [0, 0, 0.25, 0.0625], "texture": "#side"},
				"south": {"uv": [0, 0, 0.0625, 0.0625], "texture": "#side"},
				"west": {"uv": [0, 0, 0.25, 0.0625], "texture": "#side"},
				"up": {"uv": [0, 0, 0.0625, 0.25], "texture": "#side"},
				"down": {"uv": [0, 0, 0.0625, 0.25], "texture": "#side"}
			}
		},
		{
			"from": [5.75, 10, 13.75],
			"to": [10.25, 11, 14.25],
			"faces": {
				"north": {"uv": [0, 0, 1.125, 0.125], "texture": "#handle"},
				"east": {"uv": [0, 0, 0.125, 0.125], "texture": "#handle"},
				"south": {"uv": [0, 0, 1.125, 0.125], "texture": "#handle"},
				"west": {"uv": [0, 0, 0.125, 0.125], "texture": "#handle"},
				"up": {"uv": [0, 0, 1.125, 0.125], "texture": "#handle"},
				"down": {"uv": [0, 0, 1.125, 0.125], "texture": "#handle"}
			}
		},
		{
			"from": [5.75, 10, 12.75],
			"to": [10.25, 11, 13.25],
			"faces": {
				"north": {"uv": [0, 0, 1.125, 0.125], "texture": "#handle"},
				"east": {"uv": [0, 0, 0.125, 0.125], "texture": "#handle"},
				"south": {"uv": [0, 0, 1.125, 0.125], "texture": "#handle"},
				"west": {"uv": [0, 0, 0.125, 0.125], "texture": "#handle"},
				"up": {"uv": [0, 0, 1.125, 0.125], "texture": "#handle"},
				"down": {"uv": [0, 0, 1.125, 0.125], "texture": "#handle"}
			}
		},
		{
			"from": [5.75, 9.75, 13],
			"to": [10.25, 10.25, 14],
			"faces": {
				"north": {"uv": [0, 0, 1.125, 0.125], "texture": "#handle"},
				"east": {"uv": [0, 0, 0.25, 0.125], "texture": "#handle"},
				"south": {"uv": [0, 0, 1.125, 0.125], "texture": "#handle"},
				"west": {"uv": [0, 0, 0.25, 0.125], "texture": "#handle"},
				"up": {"uv": [0, 0, 1.125, 0.25], "texture": "#handle"},
				"down": {"uv": [0, 0, 1.125, 0.25], "texture": "#handle"}
			}
		},
		{
			"from": [5.75, 10.75, 13],
			"to": [10.25, 11.25, 14],
			"faces": {
				"north": {"uv": [0, 0, 1.125, 0.125], "texture": "#handle"},
				"east": {"uv": [0, 0, 0.25, 0.125], "texture": "#handle"},
				"south": {"uv": [0, 0, 1.125, 0.125], "texture": "#handle"},
				"west": {"uv": [0, 0, 0.25, 0.125], "texture": "#handle"},
				"up": {"uv": [0, 0, 1.125, 0.25], "texture": "#handle"},
				"down": {"uv": [0, 0, 1.125, 0.25], "texture": "#handle"}
			}
		},
		{
			"from": [5.25, 10.25, 15.75],
			"to": [10.75, 10.5, 16],
			"faces": {
				"north": {"uv": [0, 0, 0.25, 0.25], "texture": "#side"},
				"east": {"uv": [0, 0, 0.0625, 0.25], "texture": "#side"},
				"south": {"uv": [0, 0, 0.25, 0.25], "texture": "#side"},
				"west": {"uv": [0, 0, 0.0625, 0.25], "texture": "#side"},
				"up": {"uv": [0, 0, 0.25, 0.0625], "texture": "#side"},
				"down": {"uv": [0, 0, 0.25, 0.0625], "texture": "#side"}
			}
		}
	]
}