{
	"parent": "block/cube",
	"ambientocclusion": false,
	"textures": {
		"front": "rsgauges:blocks/common/cleargrayglass",
		"particle": "rsgauges:blocks/common/cleargrayglass",
		"side": "rsgauges:blocks/sensitiveglass/sensitiveglass_bw_s15",
		"handle": "rsgauges:blocks/sensitiveglass/sensitiveglass_stained_s15"
	},
	"elements": [
		{
			"from": [6.625, 6.625, 15.5],
			"to": [9.375, 9.375, 16],
			"faces": {
				"north": {"uv": [6.625, 6.625, 9.375, 9.375], "texture": "#side"},
				"south": {"uv": [6.625, 6.625, 9.375, 9.375], "texture": "#side"}
			}
		},
		{
			"from": [9.375, 7, 15.5],
			"to": [9.875, 9, 16],
			"faces": {
				"north": {"uv": [6.125, 7, 6.625, 9], "texture": "#front"},
				"south": {"uv": [9.375, 7, 9.875, 9], "texture": "#front"}
			}
		},
		{
			"from": [7, 9.375, 15.5],
			"to": [9, 9.875, 16],
			"faces": {
				"north": {"uv": [7, 6.125, 9, 6.625], "texture": "#front"},
				"south": {"uv": [7, 6.125, 9, 6.625], "texture": "#front"}
			}
		},
		{
			"from": [7, 6.125, 15.5],
			"to": [9, 6.625, 16],
			"faces": {
				"north": {"uv": [7, 9.375, 9, 9.875], "texture": "#front"},
				"east": {"uv": [0, 9.375, 0.5, 9.875], "texture": "#front"},
				"south": {"uv": [7, 9.375, 9, 9.875], "texture": "#front"}
			}
		},
		{
			"from": [6.125, 7, 15.5],
			"to": [6.625, 9, 16],
			"faces": {
				"north": {"uv": [9.375, 7, 9.875, 9], "texture": "#front"},
				"south": {"uv": [6.125, 7, 6.625, 9], "texture": "#front"},
				"up": {"uv": [6.125, 15.5, 6.625, 16], "texture": "#front"}
			}
		},
		{
			"from": [9.375, 9, 15.5],
			"to": [9.875, 9.375, 16],
			"faces": {
				"north": {"uv": [6.125, 6.625, 6.625, 7], "texture": "#side"},
				"east": {"uv": [0, 6.625, 0.5, 7], "texture": "#side"},
				"south": {"uv": [9.375, 6.625, 9.875, 7], "texture": "#side"},
				"up": {"uv": [9.375, 15.5, 9.875, 16], "texture": "#side"}
			}
		},
		{
			"from": [8.875, 7.25, 15.5],
			"to": [9.25, 7.25, 16],
			"faces": {
				"north": {"uv": [6.75, 8.75, 7.125, 8.75], "texture": "#side"},
				"east": {"uv": [0, 8.75, 0.5, 8.75], "texture": "#side"},
				"south": {"uv": [8.875, 8.75, 9.25, 8.75], "texture": "#side"}
			}
		},
		{
			"from": [6.125, 9, 15.5],
			"to": [6.625, 9.375, 16],
			"faces": {
				"north": {"uv": [9.375, 6.625, 9.875, 7], "texture": "#side"},
				"south": {"uv": [6.125, 6.625, 6.625, 7], "texture": "#side"},
				"west": {"uv": [15.5, 6.625, 16, 7], "texture": "#side"},
				"up": {"uv": [6.125, 15.5, 6.625, 16], "texture": "#side"}
			}
		},
		{
			"from": [6.125, 6.625, 15.5],
			"to": [6.625, 7, 16],
			"faces": {
				"north": {"uv": [9.375, 9, 9.875, 9.375], "texture": "#side"},
				"south": {"uv": [6.125, 9, 6.625, 9.375], "texture": "#side"},
				"west": {"uv": [15.5, 9, 16, 9.375], "texture": "#side"},
				"down": {"uv": [6.125, 0, 6.625, 0.5], "texture": "#side"}
			}
		},
		{
			"from": [9, 9.375, 15.5],
			"to": [9.375, 9.875, 16],
			"faces": {
				"north": {"uv": [6.625, 6.125, 7, 6.625], "texture": "#side"},
				"east": {"uv": [0, 6.125, 0.5, 6.625], "texture": "#side"},
				"south": {"uv": [9, 6.125, 9.375, 6.625], "texture": "#side"},
				"up": {"uv": [9, 15.5, 9.375, 16], "texture": "#side"}
			}
		},
		{
			"from": [6.625, 9.375, 15.5],
			"to": [7, 9.875, 16],
			"faces": {
				"north": {"uv": [9, 6.125, 9.375, 6.625], "texture": "#side"},
				"south": {"uv": [6.625, 6.125, 7, 6.625], "texture": "#side"},
				"west": {"uv": [15.5, 6.125, 16, 6.625], "texture": "#side"},
				"up": {"uv": [6.625, 15.5, 7, 16], "texture": "#side"}
			}
		},
		{
			"from": [9.875, 7, 15.5],
			"to": [10.5, 9, 16],
			"faces": {
				"north": {"uv": [5.5, 7, 6.125, 9], "texture": "#side"},
				"east": {"uv": [0, 7, 0.5, 9], "texture": "#side"},
				"south": {"uv": [9.875, 7, 10.5, 9], "texture": "#side"},
				"up": {"uv": [9.875, 15.5, 10.5, 16], "texture": "#side"},
				"down": {"uv": [9.875, 0, 10.5, 0.5], "texture": "#side"}
			}
		},
		{
			"from": [7, 9.875, 15.5],
			"to": [9, 10.5, 16],
			"faces": {
				"north": {"uv": [7, 5.5, 9, 6.125], "texture": "#side"},
				"east": {"uv": [0, 5.5, 0.5, 6.125], "texture": "#side"},
				"south": {"uv": [7, 5.5, 9, 6.125], "texture": "#side"},
				"west": {"uv": [15.5, 5.5, 16, 6.125], "texture": "#side"},
				"up": {"uv": [7, 15.5, 9, 16], "texture": "#side"}
			}
		},
		{
			"from": [5.5, 7, 15.5],
			"to": [6.125, 9, 16],
			"faces": {
				"north": {"uv": [9.875, 7, 10.5, 9], "texture": "#side"},
				"south": {"uv": [5.5, 7, 6.125, 9], "texture": "#side"},
				"west": {"uv": [15.5, 7, 16, 9], "texture": "#side"},
				"up": {"uv": [5.5, 15.5, 6.125, 16], "texture": "#side"},
				"down": {"uv": [5.5, 0, 6.125, 0.5], "texture": "#side"}
			}
		},
		{
			"from": [7, 5.5, 15.5],
			"to": [9, 6.125, 16],
			"faces": {
				"north": {"uv": [7, 9.875, 9, 10.5], "texture": "#side"},
				"east": {"uv": [0, 9.875, 0.5, 10.5], "texture": "#side"},
				"south": {"uv": [7, 9.875, 9, 10.5], "texture": "#side"},
				"west": {"uv": [15.5, 9.875, 16, 10.5], "texture": "#side"},
				"down": {"uv": [7, 0, 9, 0.5], "texture": "#side"}
			}
		},
		{
			"from": [9, 6.125, 15.5],
			"to": [9.375, 6.625, 16],
			"faces": {
				"north": {"uv": [6.625, 9.375, 7, 9.875], "texture": "#side"},
				"east": {"uv": [0, 9.375, 0.5, 9.875], "texture": "#side"},
				"south": {"uv": [9, 9.375, 9.375, 9.875], "texture": "#side"},
				"down": {"uv": [9, 0, 9.375, 0.5], "texture": "#side"}
			}
		},
		{
			"from": [6.625, 6.125, 15.5],
			"to": [7, 6.625, 16],
			"faces": {
				"north": {"uv": [9, 9.375, 9.375, 9.875], "texture": "#side"},
				"south": {"uv": [6.625, 9.375, 7, 9.875], "texture": "#side"},
				"west": {"uv": [15.5, 9.375, 16, 9.875], "texture": "#side"},
				"down": {"uv": [6.625, 0, 7, 0.5], "texture": "#side"}
			}
		},
		{
			"from": [9.375, 6.625, 15.5],
			"to": [9.875, 7, 16],
			"faces": {
				"north": {"uv": [6.125, 9, 6.625, 9.375], "texture": "#side"},
				"east": {"uv": [0, 9, 0.5, 9.375], "texture": "#side"},
				"south": {"uv": [9.375, 9, 9.875, 9.375], "texture": "#side"},
				"down": {"uv": [9.375, 0, 9.875, 0.5], "texture": "#side"}
			}
		},
		{
			"from": [8.125, 8, 15.25],
			"to": [9.125, 9.125, 15.5],
			"faces": {
				"north": {"uv": [6.875, 6.875, 7.875, 8], "texture": "#handle", "tintindex": 0},
				"east": {"uv": [0.5, 6.875, 0.75, 8], "texture": "#handle", "tintindex": 0},
				"west": {"uv": [15.25, 6.875, 15.5, 8], "texture": "#handle", "tintindex": 0},
				"up": {"uv": [8.125, 15.25, 9.125, 15.5], "texture": "#handle", "tintindex": 0},
				"down": {"uv": [8.125, 0.5, 9.125, 0.75], "texture": "#handle", "tintindex": 0}
			}
		},
		{
			"from": [6.875, 6.875, 15.25],
			"to": [7.875, 8, 15.5],
			"faces": {
				"north": {"uv": [8.125, 8, 9.125, 9.125], "texture": "#handle", "tintindex": 0},
				"east": {"uv": [0.5, 8, 0.75, 9.125], "texture": "#handle", "tintindex": 0},
				"west": {"uv": [15.25, 8, 15.5, 9.125], "texture": "#handle", "tintindex": 0},
				"up": {"uv": [6.875, 15.25, 7.875, 15.5], "texture": "#handle", "tintindex": 0},
				"down": {"uv": [6.875, 0.5, 7.875, 0.75], "texture": "#handle", "tintindex": 0}
			}
		},
		{
			"from": [6.875, 8.125, 15.25],
			"to": [8, 9.125, 15.5],
			"faces": {
				"north": {"uv": [8, 6.875, 9.125, 7.875], "texture": "#handle", "tintindex": 0},
				"east": {"uv": [0.5, 6.875, 0.75, 7.875], "texture": "#handle", "tintindex": 0},
				"west": {"uv": [15.25, 6.875, 15.5, 7.875], "texture": "#handle", "tintindex": 0},
				"up": {"uv": [6.875, 15.25, 8, 15.5], "texture": "#handle", "tintindex": 0},
				"down": {"uv": [6.875, 0.5, 8, 0.75], "texture": "#handle", "tintindex": 0}
			}
		},
		{
			"from": [8, 6.875, 15.25],
			"to": [9.125, 7.875, 15.5],
			"faces": {
				"north": {"uv": [6.875, 8.125, 8, 9.125], "texture": "#handle", "tintindex": 0},
				"east": {"uv": [0.5, 8.125, 0.75, 9.125], "texture": "#handle", "tintindex": 0},
				"west": {"uv": [15.25, 8.125, 15.5, 9.125], "texture": "#handle", "tintindex": 0},
				"up": {"uv": [8, 15.25, 9.125, 15.5], "texture": "#handle", "tintindex": 0},
				"down": {"uv": [8, 0.5, 9.125, 0.75], "texture": "#handle", "tintindex": 0}
			}
		},
		{
			"from": [8.25, 8.125, 15.125],
			"to": [8.875, 8.875, 15.25],
			"faces": {
				"north": {"uv": [7.125, 7.125, 7.75, 7.875], "texture": "#front"},
				"east": {"uv": [0.75, 7.125, 0.875, 7.875], "texture": "#front"},
				"south": {"uv": [8.25, 7.125, 8.875, 7.875], "texture": "#front"},
				"west": {"uv": [15.125, 7.125, 15.25, 7.875], "texture": "#front"},
				"up": {"uv": [8.25, 15.125, 8.875, 15.25], "texture": "#front"},
				"down": {"uv": [8.25, 0.75, 8.875, 0.875], "texture": "#front"}
			}
		},
		{
			"from": [8.125, 7.125, 15.125],
			"to": [8.875, 7.75, 15.25],
			"faces": {
				"north": {"uv": [7.125, 8.25, 7.875, 8.875], "texture": "#front"},
				"east": {"uv": [0.75, 8.25, 0.875, 8.875], "texture": "#front"},
				"south": {"uv": [8.125, 8.25, 8.875, 8.875], "texture": "#front"},
				"west": {"uv": [15.125, 8.25, 15.25, 8.875], "texture": "#front"},
				"up": {"uv": [8.125, 15.125, 8.875, 15.25], "texture": "#front"},
				"down": {"uv": [8.125, 0.75, 8.875, 0.875], "texture": "#front"}
			}
		},
		{
			"from": [7.125, 7.125, 15.125],
			"to": [7.75, 7.875, 15.25],
			"faces": {
				"north": {"uv": [8.25, 8.125, 8.875, 8.875], "texture": "#front"},
				"east": {"uv": [0.75, 8.125, 0.875, 8.875], "texture": "#front"},
				"south": {"uv": [7.125, 8.125, 7.75, 8.875], "texture": "#front"},
				"west": {"uv": [15.125, 8.125, 15.25, 8.875], "texture": "#front"},
				"up": {"uv": [7.125, 15.125, 7.75, 15.25], "texture": "#front"},
				"down": {"uv": [7.125, 0.75, 7.75, 0.875], "texture": "#front"}
			}
		},
		{
			"from": [7.125, 8.25, 15.125],
			"to": [7.875, 8.875, 15.25],
			"faces": {
				"north": {"uv": [8.125, 7.125, 8.875, 7.75], "texture": "#front"},
				"east": {"uv": [0.75, 7.125, 0.875, 7.75], "texture": "#front"},
				"south": {"uv": [7.125, 7.125, 7.875, 7.75], "texture": "#front"},
				"west": {"uv": [15.125, 7.125, 15.25, 7.75], "texture": "#front"},
				"up": {"uv": [7.125, 15.125, 7.875, 15.25], "texture": "#front"},
				"down": {"uv": [7.125, 0.75, 7.875, 0.875], "texture": "#front"}
			}
		}
	],
	"display": {
		"thirdperson_righthand": {
			"rotation": [-3, 92, 0],
			"translation": [-7.5, 0, 0]
		},
		"firstperson_righthand": {
			"rotation": [0, 77, 0],
			"translation": [-3, 0, -2],
			"scale": [0.75, 0.75, 0.75]
		},
		"ground": {
			"translation": [0, -2.5, -5.5],
			"scale": [0.75, 0.75, 0.75]
		},
		"gui": {
			"rotation": [30, -135, 0],
			"translation": [11.25, -5, 0],
			"scale": [2, 2, 2]
		},
		"fixed": {
			"translation": [0, 0, -8]
		}
	},
	"groups": [
		{
			"name": "group",
			"children": [0, 1, 2, 3, 4, 5, 6, 7, 8, 9, 10, 11, 12, 13, 14, 15, 16, 17]
		},
		{
			"name": "group",
			"children": [18, 19, 20, 21, 22, 23, 24, 25]
		}
	]
}