{
  "credit": "Thanks Jannis for the Blockbench.",
  "parent": "block/cube",
  "ambientocclusion": false,
  "textures": {
    "1": "rsgauges:blocks/common/old_gold",
    "3": "rsgauges:blocks/common/old_wood",
    "5": "rsgauges:blocks/common/old_iron",
    "particle": "rsgauges:blocks/common/old_iron"
  },
  "display": {
    "gui":    { "rotation": [ 0, 180, 0 ], "translation": [  0.00, 0.50,   0.00 ], "scale": [ 1.00, 1.00, 1.00 ] },
    "fixed":  { "rotation": [ 0,   0, 0 ], "translation": [  0.00, 0.00, -11.00 ], "scale": [ 1.00, 1.00, 1.00 ] },
    "ground": { "rotation": [ 0,   0, 0 ], "translation": [  0.00, 0.00,  -7.00 ], "scale": [ 0.50, 0.50, 0.50 ] }
  },
	"elements": [
		{
			"from": [3.25, 11.5, 15.25],
			"to": [8.25, 11.75, 16],
			"faces": {
				"north": {"uv": [0, 6, 5, 6.25], "texture": "#5"},
				"east": {"uv": [0, 6, 0.75, 6.25], "texture": "#5"},
				"south": {"uv": [0, 6, 5, 6.25], "texture": "#5"},
				"west": {"uv": [0, 6, 0.75, 6.25], "texture": "#5"},
				"up": {"uv": [0, 6, 5, 6.75], "texture": "#5"},
				"down": {"uv": [0, 6, 5, 6.75], "texture": "#5"}
			}
		},
		{
			"from": [3.25, 10.5, 15.25],
			"to": [8.25, 10.75, 16],
			"faces": {
				"north": {"uv": [0, 6, 5, 6.25], "texture": "#5"},
				"east": {"uv": [0, 6, 0.75, 6.25], "texture": "#5"},
				"south": {"uv": [0, 6, 5, 6.25], "texture": "#5"},
				"west": {"uv": [0, 6, 0.75, 6.25], "texture": "#5"},
				"up": {"uv": [0, 6, 5, 6.75], "texture": "#5"},
				"down": {"uv": [0, 6, 5, 6.75], "texture": "#5"}
			}
		},
		{
			"from": [3.5, 11.25, 15.5],
			"to": [8.25, 11.5, 15.75],
			"faces": {
				"north": {"uv": [0, 6, 4.75, 6.25], "texture": "#5"},
				"east": {"uv": [0, 6, 0.25, 6.25], "texture": "#5"},
				"south": {"uv": [0, 6, 4.75, 6.25], "texture": "#5"},
				"west": {"uv": [0, 6, 0.25, 6.25], "texture": "#5"},
				"up": {"uv": [0, 6, 4.75, 6.25], "texture": "#5"},
				"down": {"uv": [0, 6, 4.75, 6.25], "texture": "#5"}
			}
		},
		{
			"from": [3.5, 10.75, 15.5],
			"to": [8.25, 11, 15.75],
			"faces": {
				"north": {"uv": [0, 6, 4.75, 6.25], "texture": "#5"},
				"east": {"uv": [0, 6, 0.25, 6.25], "texture": "#5"},
				"south": {"uv": [0, 6, 4.75, 6.25], "texture": "#5"},
				"west": {"uv": [0, 6, 0.25, 6.25], "texture": "#5"},
				"up": {"uv": [0, 6, 4.75, 6.25], "texture": "#5"},
				"down": {"uv": [0, 6, 4.75, 6.25], "texture": "#5"}
			}
		},
		{
			"from": [8, 11, 15.5],
			"to": [8.25, 11.25, 15.75],
			"faces": {
				"north": {"uv": [0, 6, 0.25, 6.25], "texture": "#5"},
				"east": {"uv": [0, 6, 0.25, 6.25], "texture": "#5"},
				"south": {"uv": [0, 6, 0.25, 6.25], "texture": "#5"},
				"west": {"uv": [0, 6, 0.25, 6.25], "texture": "#5"},
				"up": {"uv": [0, 6, 0.25, 6.25], "texture": "#5"},
				"down": {"uv": [0, 6, 0.25, 6.25], "texture": "#5"}
			}
		},
		{
			"from": [3.5, 11, 15.5],
			"to": [3.75, 11.25, 15.75],
			"faces": {
				"north": {"uv": [0, 6, 0.25, 6.25], "texture": "#5"},
				"east": {"uv": [0, 6, 0.25, 6.25], "texture": "#5"},
				"south": {"uv": [0, 6, 0.25, 6.25], "texture": "#5"},
				"west": {"uv": [0, 6, 0.25, 6.25], "texture": "#5"},
				"up": {"uv": [0, 6, 0.25, 6.25], "texture": "#5"},
				"down": {"uv": [0, 6, 0.25, 6.25], "texture": "#5"}
			}
		},
		{
			"from": [8.25, 10.5, 15.25],
			"to": [8.5, 11.75, 16],
			"rotation": {"angle": 0, "axis": "z", "origin": [8.25, 11, 8.25]},
			"faces": {
				"north": {"uv": [6.25, 10.25, 6.5, 11.5], "texture": "#5"},
				"east": {"uv": [10, 3, 10.75, 4.25], "texture": "#5"},
				"south": {"uv": [6.25, 7.25, 6.5, 8.5], "texture": "#5"},
				"west": {"uv": [6.75, 7.25, 7.5, 8.5], "texture": "#5"},
				"up": {"uv": [6.25, 6.75, 6.5, 7.5], "texture": "#5"},
				"down": {"uv": [6.25, 8.75, 6.5, 9.5], "texture": "#5"}
			}
		},
		{
			"from": [2.25, 10.5, 15.75],
			"to": [2.5, 11.75, 16],
			"faces": {
				"north": {"uv": [6.25, 13.25, 6.5, 14.5], "texture": "#1"},
				"east": {"uv": [8.75, 7.25, 9, 8.5], "texture": "#1"},
				"south": {"uv": [6.25, 7.25, 6.5, 8.5], "texture": "#1"},
				"west": {"uv": [6.75, 7.25, 7, 8.5], "texture": "#1"},
				"up": {"uv": [10, 13.25, 10.25, 13.5], "texture": "#1"},
				"down": {"uv": [6.25, 8.75, 6.5, 9], "texture": "#1"}
			}
		},
		{
			"from": [2.25, 10.75, 15.25],
			"to": [3, 11.5, 15.5],
			"faces": {
				"north": {"uv": [6.25, 13.25, 7, 14], "texture": "#1"},
				"east": {"uv": [8.75, 7.25, 9, 8], "texture": "#1"},
				"south": {"uv": [6.25, 7.25, 7, 8], "texture": "#1"},
				"west": {"uv": [6.75, 7.25, 7, 8], "texture": "#1"},
				"up": {"uv": [10, 13.25, 10.75, 13.5], "texture": "#1"},
				"down": {"uv": [6.25, 8.75, 7, 9], "texture": "#1"}
			}
		},
		{
			"from": [2.25, 10.75, 15.5],
			"to": [2.5, 11.5, 15.75],
			"faces": {
				"north": {"uv": [6.25, 13.25, 6.5, 14], "texture": "#1"},
				"east": {"uv": [8.75, 7.25, 9, 8], "texture": "#1"},
				"south": {"uv": [6.25, 7.25, 6.5, 8], "texture": "#1"},
				"west": {"uv": [6.75, 7.25, 7, 8], "texture": "#1"},
				"up": {"uv": [10, 13.25, 10.25, 13.5], "texture": "#1"},
				"down": {"uv": [6.25, 8.75, 6.5, 9], "texture": "#1"}
			}
		},
		{
			"from": [2.75, 10.75, 15.5],
			"to": [3, 11.5, 15.75],
			"faces": {
				"north": {"uv": [6.25, 13.25, 6.5, 14], "texture": "#1"},
				"east": {"uv": [8.75, 7.25, 9, 8], "texture": "#1"},
				"south": {"uv": [6.25, 7.25, 6.5, 8], "texture": "#1"},
				"west": {"uv": [6.75, 7.25, 7, 8], "texture": "#1"},
				"up": {"uv": [10, 13.25, 10.25, 13.5], "texture": "#1"},
				"down": {"uv": [6.25, 8.75, 6.5, 9], "texture": "#1"}
			}
		},
		{
			"from": [2.75, 10.75, 15.75],
			"to": [8.25, 11.5, 16],
			"rotation": {"angle": 0, "axis": "y", "origin": [4.625, 11.125, 15.46429]},
			"faces": {
				"north": {"uv": [6.25, 13.25, 11.75, 14], "texture": "#1"},
				"east": {"uv": [8.75, 7.25, 9, 8], "texture": "#1"},
				"south": {"uv": [6.25, 7.25, 11.75, 8], "texture": "#1"},
				"west": {"uv": [6.75, 7.25, 7, 8], "texture": "#1"},
				"up": {"uv": [10, 13.25, 15.5, 13.5], "texture": "#1"},
				"down": {"uv": [6.25, 8.75, 11.75, 9], "texture": "#1"}
			}
		},
		{
			"from": [3.25, 10.5, 15.25],
			"to": [3.5, 11.75, 15.75],
			"rotation": {"angle": 0, "axis": "z", "origin": [3.25, 11, 8.25]},
			"faces": {
				"north": {"uv": [6.25, 13.25, 6.5, 14.5], "texture": "#5"},
				"east": {"uv": [8.75, 7.25, 9.25, 8.5], "texture": "#5"},
				"south": {"uv": [6.25, 7.25, 6.5, 8.5], "texture": "#5"},
				"west": {"uv": [7, 7, 7.5, 8.25], "texture": "#5"},
				"up": {"uv": [6.25, 6.75, 6.5, 7.25], "texture": "#5"},
				"down": {"uv": [6.25, 8.75, 6.5, 9.25], "texture": "#5"}
			}
		},
		{
			"from": [9.25, 10.75, 14.5],
			"to": [10, 11, 15.75],
			"rotation": {"angle": 0, "axis": "y", "origin": [9.625, 10.625, 14.21429]},
			"faces": {
				"north": {"uv": [7, 0, 7.75, 0.25], "texture": "#5"},
				"east": {"uv": [7, 0, 8.25, 0.25], "texture": "#5"},
				"south": {"uv": [7, 0, 7.75, 0.25], "texture": "#5"},
				"west": {"uv": [7, 0, 8.25, 0.25], "texture": "#5"},
				"up": {"uv": [7, 0, 7.75, 1.25], "texture": "#5"},
				"down": {"uv": [7, 0, 7.75, 1.25], "texture": "#5"}
			}
		},
		{
			"from": [8.75, 9.75, 14],
			"to": [10.5, 11.5, 14.25],
			"rotation": {"angle": 0, "axis": "y", "origin": [9.625, 10.625, 14.21429]},
			"faces": {
				"north": {"uv": [0, 0, 1.75, 1.75], "texture": "#1"},
				"east": {"uv": [0, 0, 0.25, 1.75], "texture": "#1"},
				"south": {"uv": [0, 0, 1.75, 1.75], "texture": "#1"},
				"west": {"uv": [0, 0, 0.25, 1.75], "texture": "#1"},
				"up": {"uv": [0, 0, 1.75, 0.25], "texture": "#1"},
				"down": {"uv": [0, 0, 1.75, 0.25], "texture": "#1"}
			}
		},
		{
			"from": [8.5, 9.5, 13.25],
			"to": [10.75, 11.75, 14],
			"rotation": {"angle": 0, "axis": "y", "origin": [9.625, 10.625, 14.21429]},
			"faces": {
				"north": {"uv": [8, 0, 10.25, 2.25], "texture": "#1"},
				"east": {"uv": [8, 0, 8.75, 2.25], "texture": "#1"},
				"south": {"uv": [8, 0, 10.25, 2.25], "texture": "#1"},
				"west": {"uv": [8, 0, 8.75, 2.25], "texture": "#1"},
				"up": {"uv": [8, 0, 10.25, 0.75], "texture": "#1"},
				"down": {"uv": [8, 0, 10.25, 0.75], "texture": "#1"}
			}
		},
		{
			"from": [9.25, 10.25, 14.5],
			"to": [10, 10.5, 15.75],
			"rotation": {"angle": 0, "axis": "y", "origin": [9.625, 10.625, 14.21429]},
			"faces": {
				"north": {"uv": [7, 0, 7.75, 0.25], "texture": "#5"},
				"east": {"uv": [7, 0, 8.25, 0.25], "texture": "#5"},
				"south": {"uv": [7, 0, 7.75, 0.25], "texture": "#5"},
				"west": {"uv": [7, 0, 8.25, 0.25], "texture": "#5"},
				"up": {"uv": [7, 0, 7.75, 1.25], "texture": "#5"},
				"down": {"uv": [7, 0, 7.75, 1.25], "texture": "#5"}
			}
		},
		{
			"from": [9.25, 10.5, 14.5],
			"to": [10, 10.75, 15.75],
			"rotation": {"angle": 0, "axis": "y", "origin": [9.625, 10.625, 14.21429]},
			"faces": {
				"north": {"uv": [6.25, 13.25, 7, 13.5], "texture": "#1"},
				"east": {"uv": [8.75, 7.25, 10, 7.5], "texture": "#1"},
				"south": {"uv": [6.25, 7.25, 7, 7.5], "texture": "#1"},
				"west": {"uv": [6.75, 7.25, 8, 7.5], "texture": "#1"},
				"up": {"uv": [10, 13.25, 10.75, 14.5], "texture": "#1"},
				"down": {"uv": [6.25, 8.75, 7, 10], "texture": "#1"}
			}
		},
		{
			"from": [9, 10, 12.75],
			"to": [10.25, 11.25, 13],
			"rotation": {"angle": 0, "axis": "y", "origin": [9.625, 10.625, 13.96429]},
			"faces": {
				"north": {"uv": [0, 0, 1.25, 1.25], "texture": "#1"},
				"east": {"uv": [0, 0, 0.25, 1.25], "texture": "#1"},
				"south": {"uv": [0, 0, 1.25, 1.25], "texture": "#1"},
				"west": {"uv": [0, 0, 0.25, 1.25], "texture": "#1"},
				"up": {"uv": [0, 0, 1.25, 0.25], "texture": "#1"},
				"down": {"uv": [0, 0, 1.25, 0.25], "texture": "#1"}
			}
		},
		{
			"from": [9.25, 10.25, 12.5],
			"to": [10, 11, 12.75],
			"rotation": {"angle": 0, "axis": "y", "origin": [9.625, 10.625, 13.96429]},
			"faces": {
				"north": {"uv": [4, 6, 4.75, 6.75], "texture": "#5"},
				"east": {"uv": [7, 0, 7.25, 0.75], "texture": "#5"},
				"south": {"uv": [7, 0, 7.75, 0.75], "texture": "#5"},
				"west": {"uv": [7, 0, 7.25, 0.75], "texture": "#5"},
				"up": {"uv": [7, 0, 7.75, 0.25], "texture": "#5"},
				"down": {"uv": [7, 0, 7.75, 0.25], "texture": "#5"}
			}
		},
		{
			"from": [9, 10, 14.25],
			"to": [10.25, 11.25, 14.5],
			"rotation": {"angle": 0, "axis": "y", "origin": [9.625, 10.625, 14.46429]},
			"faces": {
				"north": {"uv": [0, 0, 1.25, 1.25], "texture": "#1"},
				"east": {"uv": [0, 0, 0.25, 1.25], "texture": "#1"},
				"south": {"uv": [0, 0, 1.25, 1.25], "texture": "#1"},
				"west": {"uv": [0, 0, 0.25, 1.25], "texture": "#1"},
				"up": {"uv": [0, 0, 1.25, 0.25], "texture": "#1"},
				"down": {"uv": [0, 0, 1.25, 0.25], "texture": "#1"}
			}
		},
		{
			"from": [8.75, 9.75, 13],
			"to": [10.5, 11.5, 13.25],
			"rotation": {"angle": 0, "axis": "y", "origin": [9.625, 10.625, 14.21429]},
			"faces": {
				"north": {"uv": [0, 0, 1.75, 1.75], "texture": "#1"},
				"east": {"uv": [0, 0, 0.25, 1.75], "texture": "#1"},
				"south": {"uv": [0, 0, 1.75, 1.75], "texture": "#1"},
				"west": {"uv": [0, 0, 0.25, 1.75], "texture": "#1"},
				"up": {"uv": [0, 0, 1.75, 0.25], "texture": "#1"},
				"down": {"uv": [0, 0, 1.75, 0.25], "texture": "#1"}
			}
		},
		{
			"from": [7.25, 11.25, 13.75],
			"to": [8, 11.5, 15.5],
			"rotation": {"angle": 0, "axis": "y", "origin": [7.625, 11.125, 13.46429]},
			"faces": {
				"north": {"uv": [7, 0, 7.75, 0.25], "texture": "#5"},
				"east": {"uv": [7, 0, 8.75, 0.25], "texture": "#5"},
				"south": {"uv": [7, 0, 7.75, 0.25], "texture": "#5"},
				"west": {"uv": [7, 0, 8.75, 0.25], "texture": "#5"},
				"up": {"uv": [7, 0, 7.75, 1.75], "texture": "#5"},
				"down": {"uv": [7, 0, 7.75, 1.75], "texture": "#5"}
			}
		},
		{
			"from": [6.75, 10.25, 13.25],
			"to": [8.5, 12, 13.5],
			"rotation": {"angle": 0, "axis": "y", "origin": [7.625, 11.125, 13.46429]},
			"faces": {
				"north": {"uv": [0, 0, 1.75, 1.75], "texture": "#1"},
				"east": {"uv": [0, 0, 0.25, 1.75], "texture": "#1"},
				"south": {"uv": [0, 0, 1.75, 1.75], "texture": "#1"},
				"west": {"uv": [0, 0, 0.25, 1.75], "texture": "#1"},
				"up": {"uv": [0, 0, 1.75, 0.25], "texture": "#1"},
				"down": {"uv": [0, 0, 1.75, 0.25], "texture": "#1"}
			}
		},
		{
			"from": [6.5, 10, 12.5],
			"to": [8.75, 12.25, 13.25],
			"rotation": {"angle": 0, "axis": "y", "origin": [7.625, 11.125, 13.46429]},
			"faces": {
				"north": {"uv": [8, 0, 10.25, 2.25], "texture": "#1"},
				"east": {"uv": [8, 0, 8.75, 2.25], "texture": "#1"},
				"south": {"uv": [8, 0, 10.25, 2.25], "texture": "#1"},
				"west": {"uv": [8, 0, 8.75, 2.25], "texture": "#1"},
				"up": {"uv": [8, 0, 10.25, 0.75], "texture": "#1"},
				"down": {"uv": [8, 0, 10.25, 0.75], "texture": "#1"}
			}
		},
		{
			"from": [7.25, 10.75, 13.75],
			"to": [8, 11, 15.5],
			"rotation": {"angle": 0, "axis": "y", "origin": [7.625, 11.125, 13.46429]},
			"faces": {
				"north": {"uv": [7, 0, 7.75, 0.25], "texture": "#5"},
				"east": {"uv": [7, 0, 8.75, 0.25], "texture": "#5"},
				"south": {"uv": [7, 0, 7.75, 0.25], "texture": "#5"},
				"west": {"uv": [7, 0, 8.75, 0.25], "texture": "#5"},
				"up": {"uv": [7, 0, 7.75, 1.75], "texture": "#5"},
				"down": {"uv": [7, 0, 7.75, 1.75], "texture": "#5"}
			}
		},
		{
			"from": [7.25, 11, 13.75],
			"to": [8, 11.25, 15.75],
			"rotation": {"angle": 0, "axis": "y", "origin": [7.625, 11.125, 13.46429]},
			"faces": {
				"north": {"uv": [6.25, 13.25, 7, 13.5], "texture": "#1"},
				"east": {"uv": [8.75, 7.25, 10.75, 7.5], "texture": "#1"},
				"south": {"uv": [6.25, 7.25, 7, 7.5], "texture": "#1"},
				"west": {"uv": [6.75, 7.25, 8.75, 7.5], "texture": "#1"},
				"up": {"uv": [10, 13.25, 10.75, 15.25], "texture": "#1"},
				"down": {"uv": [6.25, 8.75, 7, 10.75], "texture": "#1"}
			}
		},
		{
			"from": [7, 10.5, 12],
			"to": [8.25, 11.75, 12.25],
			"rotation": {"angle": 0, "axis": "y", "origin": [7.625, 11.125, 13.21429]},
			"faces": {
				"north": {"uv": [0, 0, 1.25, 1.25], "texture": "#1"},
				"east": {"uv": [0, 0, 0.25, 1.25], "texture": "#1"},
				"south": {"uv": [0, 0, 1.25, 1.25], "texture": "#1"},
				"west": {"uv": [0, 0, 0.25, 1.25], "texture": "#1"},
				"up": {"uv": [0, 0, 1.25, 0.25], "texture": "#1"},
				"down": {"uv": [0, 0, 1.25, 0.25], "texture": "#1"}
			}
		},
		{
			"from": [7.25, 10.75, 11.75],
			"to": [8, 11.5, 12],
			"rotation": {"angle": 0, "axis": "y", "origin": [7.625, 11.125, 13.21429]},
			"faces": {
				"north": {"uv": [4, 6, 4.75, 6.75], "texture": "#5"},
				"east": {"uv": [7, 0, 7.25, 0.75], "texture": "#5"},
				"south": {"uv": [7, 0, 7.75, 0.75], "texture": "#5"},
				"west": {"uv": [7, 0, 7.25, 0.75], "texture": "#5"},
				"up": {"uv": [7, 0, 7.75, 0.25], "texture": "#5"},
				"down": {"uv": [7, 0, 7.75, 0.25], "texture": "#5"}
			}
		},
		{
			"from": [7, 10.5, 13.5],
			"to": [8.25, 11.75, 13.75],
			"rotation": {"angle": 0, "axis": "y", "origin": [7.625, 11.125, 13.71429]},
			"faces": {
				"north": {"uv": [0, 0, 1.25, 1.25], "texture": "#1"},
				"east": {"uv": [0, 0, 0.25, 1.25], "texture": "#1"},
				"south": {"uv": [0, 0, 1.25, 1.25], "texture": "#1"},
				"west": {"uv": [0, 0, 0.25, 1.25], "texture": "#1"},
				"up": {"uv": [0, 0, 1.25, 0.25], "texture": "#1"},
				"down": {"uv": [0, 0, 1.25, 0.25], "texture": "#1"}
			}
		},
		{
			"from": [6.75, 10.25, 12.25],
			"to": [8.5, 12, 12.5],
			"rotation": {"angle": 0, "axis": "y", "origin": [7.625, 11.125, 13.46429]},
			"faces": {
				"north": {"uv": [0, 0, 1.75, 1.75], "texture": "#1"},
				"east": {"uv": [0, 0, 0.25, 1.75], "texture": "#1"},
				"south": {"uv": [0, 0, 1.75, 1.75], "texture": "#1"},
				"west": {"uv": [0, 0, 0.25, 1.75], "texture": "#1"},
				"up": {"uv": [0, 0, 1.75, 0.25], "texture": "#1"},
				"down": {"uv": [0, 0, 1.75, 0.25], "texture": "#1"}
			}
		},
		{
			"from": [7.25, 6.75, 13.5],
			"to": [8, 7.5, 14.25],
			"faces": {
				"north": {"uv": [5, 2, 5.75, 2.75], "texture": "#5"},
				"east": {"uv": [5, 2, 5.75, 2.75], "texture": "#5"},
				"south": {"uv": [5, 2, 5.75, 2.75], "texture": "#5"},
				"west": {"uv": [5, 2, 5.75, 2.75], "texture": "#5"},
				"up": {"uv": [5, 2, 5.75, 2.75], "texture": "#5"},
				"down": {"uv": [5, 2, 5.75, 2.75], "texture": "#5"}
			}
		},
		{
			"from": [7, 6.75, 11.25],
			"to": [8.25, 7.5, 13.5],
			"faces": {
				"north": {"uv": [0, 8, 1.25, 8.75], "texture": "#3"},
				"east": {"uv": [0, 6, 2.25, 6.75], "texture": "#3"},
				"south": {"uv": [0, 6, 1.25, 6.75], "texture": "#3"},
				"west": {"uv": [0, 6, 2.25, 6.75], "texture": "#3"},
				"up": {"uv": [0, 6, 1.25, 8.25], "texture": "#3"},
				"down": {"uv": [0, 6, 1.25, 8.25], "texture": "#3"}
			}
		},
		{
			"from": [7.25, 7.5, 11.25],
			"to": [8, 7.75, 13.5],
			"faces": {
				"north": {"uv": [2, 12, 2.75, 12.25], "texture": "#3"},
				"east": {"uv": [0, 6, 2.25, 6.25], "texture": "#3"},
				"south": {"uv": [0, 6, 0.75, 6.25], "texture": "#3"},
				"west": {"uv": [7, 5, 9.25, 5.25], "texture": "#3"},
				"up": {"uv": [0, 6, 0.75, 8.25], "texture": "#3"},
				"down": {"uv": [0, 8, 0.75, 10.25], "texture": "#3"}
			}
		},
		{
			"from": [7.25, 6.75, 11],
			"to": [8, 7.5, 11.25],
			"faces": {
				"north": {"uv": [6, 9, 6.75, 9.75], "texture": "#5"},
				"east": {"uv": [6, 9, 6.25, 9.75], "texture": "#5"},
				"south": {"uv": [6, 9, 6.75, 9.75], "texture": "#5"},
				"west": {"uv": [6, 9, 6.25, 9.75], "texture": "#5"},
				"up": {"uv": [6, 9, 6.75, 9.25], "texture": "#5"},
				"down": {"uv": [6, 9, 6.75, 9.25], "texture": "#5"}
			}
		},
		{
			"from": [7.25, 6.75, 14.25],
			"to": [8, 10.75, 15],
			"faces": {
				"north": {"uv": [3, 4, 3.75, 8], "texture": "#5"},
				"east": {"uv": [3, 4, 3.75, 8], "texture": "#5"},
				"south": {"uv": [3, 4, 3.75, 8], "texture": "#5"},
				"west": {"uv": [3, 4, 3.75, 8], "texture": "#5"},
				"up": {"uv": [3, 4, 3.75, 4.75], "texture": "#5"},
				"down": {"uv": [3, 4, 3.75, 4.75], "texture": "#5"}
			}
		},
		{
			"from": [7, 6.75, 14.5],
			"to": [7.25, 10.75, 14.75],
			"faces": {
				"north": {"uv": [3, 4, 3.25, 8], "texture": "#5"},
				"east": {"uv": [3, 4, 3.25, 8], "texture": "#5"},
				"south": {"uv": [3, 4, 3.25, 8], "texture": "#5"},
				"west": {"uv": [3, 4, 3.25, 8], "texture": "#5"},
				"up": {"uv": [3, 4, 3.25, 4.25], "texture": "#5"},
				"down": {"uv": [3, 4, 3.25, 4.25], "texture": "#5"}
			}
		},
		{
			"from": [8, 6.75, 14.5],
			"to": [8.25, 10.75, 14.75],
			"faces": {
				"north": {"uv": [3, 4, 3.25, 8], "texture": "#5"},
				"east": {"uv": [3, 4, 3.25, 8], "texture": "#5"},
				"south": {"uv": [3, 4, 3.25, 8], "texture": "#5"},
				"west": {"uv": [3, 4, 3.25, 8], "texture": "#5"},
				"up": {"uv": [3, 4, 3.25, 4.25], "texture": "#5"},
				"down": {"uv": [3, 4, 3.25, 4.25], "texture": "#5"}
			}
		},
		{
			"from": [7.25, 6.5, 11.25],
			"to": [8, 6.75, 13.5],
			"faces": {
				"north": {"uv": [2, 12, 2.75, 12.25], "texture": "#3"},
				"east": {"uv": [0, 6, 2.25, 6.25], "texture": "#3"},
				"south": {"uv": [0, 6, 0.75, 6.25], "texture": "#3"},
				"west": {"uv": [7, 5, 9.25, 5.25], "texture": "#3"},
				"up": {"uv": [0, 6, 0.75, 8.25], "texture": "#3"},
				"down": {"uv": [0, 8, 0.75, 10.25], "texture": "#3"}
			}
		}
	]
}