{
	"parent": "block/cube",
	"ambientocclusion": false,
	"textures": {
		"particle": "#lever"
	},
	"elements": [
		{
			"from": [6, 6, 15.7],
			"to": [10, 10, 16],
			"faces": {
				"north": {"uv": [6, 6, 10, 10], "texture": "#base"},
				"east": {"uv": [0, 6, 0.3, 10], "texture": "#base"},
				"south": {"uv": [6, 6, 10, 10], "texture": "#base"},
				"west": {"uv": [15.7, 6, 16, 10], "texture": "#base"},
				"up": {"uv": [6, 15.7, 10, 16], "texture": "#base"},
				"down": {"uv": [6, 0, 10, 0.3], "texture": "#base"}
			}
		},
		{
			"from": [6, 7.5, 14.5],
			"to": [6.5, 8.5, 15.7],
			"faces": {
				"north": {"uv": [9.5, 7.5, 10, 8.5], "texture": "#mount"},
				"east": {"uv": [0.3, 7.5, 1.5, 8.5], "texture": "#mount"},
				"south": {"uv": [6, 7.5, 6.5, 8.5], "texture": "#mount"},
				"west": {"uv": [14.5, 7.5, 15.7, 8.5], "texture": "#mount"},
				"up": {"uv": [6, 14.5, 6.5, 15.7], "texture": "#mount"},
				"down": {"uv": [6, 0.3, 6.5, 1.5], "texture": "#mount"}
			}
		},
		{
			"from": [7, 7.5, 14.5],
			"to": [7.5, 8.5, 15.7],
			"faces": {
				"north": {"uv": [8.5, 7.5, 9, 8.5], "texture": "#mount"},
				"east": {"uv": [0.3, 7.5, 1.5, 8.5], "texture": "#mount"},
				"south": {"uv": [7, 7.5, 7.5, 8.5], "texture": "#mount"},
				"west": {"uv": [14.5, 7.5, 15.7, 8.5], "texture": "#mount"},
				"up": {"uv": [7, 14.5, 7.5, 15.7], "texture": "#mount"},
				"down": {"uv": [7, 0.3, 7.5, 1.5], "texture": "#mount"}
			}
		},
		{
			"from": [8.5, 7.5, 14.5],
			"to": [9, 8.5, 15.7],
			"faces": {
				"north": {"uv": [7, 7.5, 7.5, 8.5], "texture": "#mount"},
				"east": {"uv": [0.3, 7.5, 1.5, 8.5], "texture": "#mount"},
				"south": {"uv": [8.5, 7.5, 9, 8.5], "texture": "#mount"},
				"west": {"uv": [14.5, 7.5, 15.7, 8.5], "texture": "#mount"},
				"up": {"uv": [8.5, 14.5, 9, 15.7], "texture": "#mount"},
				"down": {"uv": [8.5, 0.3, 9, 1.5], "texture": "#mount"}
			}
		},
		{
			"from": [9.5, 7.5, 14.5],
			"to": [10, 8.5, 15.7],
			"faces": {
				"north": {"uv": [6, 7.5, 6.5, 8.5], "texture": "#mount"},
				"east": {"uv": [0.3, 7.5, 1.5, 8.5], "texture": "#mount"},
				"south": {"uv": [9.5, 7.5, 10, 8.5], "texture": "#mount"},
				"west": {"uv": [14.5, 7.5, 15.7, 8.5], "texture": "#mount"},
				"up": {"uv": [9.5, 14.5, 10, 15.7], "texture": "#mount"},
				"down": {"uv": [9.5, 0.3, 10, 1.5], "texture": "#mount"}
			}
		},
		{
			"from": [6.5, 8.5, 15.5],
			"to": [9.5, 9.5, 15.7],
			"faces": {
				"north": {"uv": [6.5, 6.5, 9.5, 7.5], "texture": "#mount"},
				"east": {"uv": [0.3, 6.5, 0.5, 7.5], "texture": "#mount"},
				"south": {"uv": [6.5, 6.5, 9.5, 7.5], "texture": "#mount"},
				"west": {"uv": [15.5, 6.5, 15.7, 7.5], "texture": "#mount"},
				"up": {"uv": [6.5, 15.5, 9.5, 15.7], "texture": "#mount"},
				"down": {"uv": [6.5, 0.3, 9.5, 0.5], "texture": "#mount"}
			}
		},
		{
			"from": [6.5, 6, 15.5],
			"to": [7, 6.5, 15.7],
			"faces": {
				"north": {"uv": [9, 9.5, 9.5, 10], "texture": "#mount"},
				"east": {"uv": [0.3, 9.5, 0.5, 10], "texture": "#mount"},
				"south": {"uv": [6.5, 9.5, 7, 10], "texture": "#mount"},
				"west": {"uv": [15.5, 9.5, 15.7, 10], "texture": "#mount"},
				"up": {"uv": [6.5, 15.5, 7, 15.7], "texture": "#mount"},
				"down": {"uv": [6.5, 0.3, 7, 0.5], "texture": "#mount"}
			}
		},
		{
			"from": [9, 6, 15.5],
			"to": [9.5, 6.5, 15.7],
			"faces": {
				"north": {"uv": [6.5, 9.5, 7, 10], "texture": "#mount"},
				"east": {"uv": [0.3, 9.5, 0.5, 10], "texture": "#mount"},
				"south": {"uv": [9, 9.5, 9.5, 10], "texture": "#mount"},
				"west": {"uv": [15.5, 9.5, 15.7, 10], "texture": "#mount"},
				"up": {"uv": [9, 15.5, 9.5, 15.7], "texture": "#mount"},
				"down": {"uv": [9, 0.3, 9.5, 0.5], "texture": "#mount"}
			}
		},
		{
			"from": [6.5, 8, 14.5],
			"to": [7, 11.5, 15.5],
			"faces": {
				"north": {"uv": [9, 4.5, 9.5, 8], "texture": "#lever"},
				"east": {"uv": [0.5, 4.5, 1.5, 8], "texture": "#lever"},
				"south": {"uv": [6.5, 4.5, 7, 8], "texture": "#lever"},
				"west": {"uv": [14.5, 4.5, 15.5, 8], "texture": "#lever"},
				"up": {"uv": [6.5, 14.5, 7, 15.5], "texture": "#lever"},
				"down": {"uv": [6.5, 0.5, 7, 1.5], "texture": "#lever"}
			}
		},
		{
			"from": [9, 8, 14.5],
			"to": [9.5, 11.5, 15.5],
			"faces": {
				"north": {"uv": [6.5, 4.5, 7, 8], "texture": "#lever"},
				"east": {"uv": [0.5, 4.5, 1.5, 8], "texture": "#lever"},
				"south": {"uv": [9, 4.5, 9.5, 8], "texture": "#lever"},
				"west": {"uv": [14.5, 4.5, 15.5, 8], "texture": "#lever"},
				"up": {"uv": [9, 14.5, 9.5, 15.5], "texture": "#lever"},
				"down": {"uv": [9, 0.5, 9.5, 1.5], "texture": "#lever"}
			}
		},
		{
			"from": [7, 11, 14.5],
			"to": [9, 11.5, 15.5],
			"faces": {
				"north": {"uv": [7, 4.5, 9, 5], "texture": "#lever"},
				"east": {"uv": [0.5, 4.5, 1.5, 5], "texture": "#lever"},
				"south": {"uv": [7, 4.5, 9, 5], "texture": "#lever"},
				"west": {"uv": [14.5, 4.5, 15.5, 5], "texture": "#lever"},
				"up": {"uv": [7, 14.5, 9, 15.5], "texture": "#lever"},
				"down": {"uv": [7, 0.5, 9, 1.5], "texture": "#lever"}
			}
		},
		{
			"from": [7.6, 11.5, 14.6],
			"to": [8.4, 13.8, 15.4],
			"faces": {
				"north": {"uv": [7.6, 2.2, 8.4, 4.5], "texture": "#handle"},
				"east": {"uv": [0.6, 2.2, 1.4, 4.5], "texture": "#handle"},
				"south": {"uv": [7.6, 2.2, 8.4, 4.5], "texture": "#handle"},
				"west": {"uv": [14.6, 2.2, 15.4, 4.5], "texture": "#handle"},
				"up": {"uv": [7.6, 14.6, 8.4, 15.4], "texture": "#handle"},
				"down": {"uv": [7.6, 0.6, 8.4, 1.4], "texture": "#handle"}
			}
		},
		{
			"from": [7.4, 13.8, 14.4],
			"to": [8.6, 14, 15.6],
			"faces": {
				"north": {"uv": [7.4, 2, 8.6, 2.2], "texture": "#handle"},
				"east": {"uv": [0.4, 2, 1.6, 2.2], "texture": "#handle"},
				"south": {"uv": [7.4, 2, 8.6, 2.2], "texture": "#handle"},
				"west": {"uv": [14.4, 2, 15.6, 2.2], "texture": "#handle"},
				"up": {"uv": [7.4, 14.4, 8.6, 15.6], "texture": "#handle"},
				"down": {"uv": [7.4, 0.4, 8.6, 1.6], "texture": "#handle"}
			}
		}
	],
	"display": {
		"thirdperson_righthand": {
			"rotation": [0, 85, 0],
			"translation": [-4.25, -1.25, -1],
			"scale": [0.6, 0.6, 0.6]
		},
		"firstperson_righthand": {
			"rotation": [0, 97, 0],
			"translation": [-1.25, -0.75, 0],
			"scale": [0.6, 0.6, 0.6]
		},
		"ground": {
			"translation": [0, -1.25, -4],
			"scale": [0.6, 0.6, 0.6]
		},
		"gui": {
			"rotation": [30, -135, 0],
			"translation": [8, -6.5, 0],
			"scale": [1.6, 1.6, 1.6]
		},
		"fixed": {
			"translation": [0, -1, -8]
		}
	}
}