{
	"parent": "block/cube",
	"ambientocclusion": false,
	"textures": {
    "front": "rsgauges:blocks/pulseswitch/pulseswitch4texture",
    "side":  "rsgauges:blocks/common/darkgraymetal",
		"particle": "rsgauges:blocks/common/darkgraymetal"
	},
	"elements": [
		{
			"from": [1.5, 6.75, 14.75],
			"to": [14.5, 9.25, 16],
			"faces": {
				"north": {"uv": [1.5, 6.75, 14.5, 9.25], "texture": "#front"},
				"east": {"uv": [0, 6.75, 1.25, 9.25], "texture": "#side"},
				"south": {"uv": [1.5, 6.75, 14.5, 9.25], "texture": "#front"},
				"west": {"uv": [14.75, 6.75, 16, 9.25], "texture": "#side"},
				"up": {"uv": [1.5, 14.75, 14.5, 16], "texture": "#side"},
				"down": {"uv": [1.5, 0, 14.5, 1.25], "texture": "#side"}
			}
		},
		{
			"from": [1.75, 9.25, 14.75],
			"to": [14.25, 10.25, 16],
			"faces": {
				"north": {"uv": [1.75, 5.75, 14.25, 6.75], "texture": "#front"},
				"east": {"uv": [0, 5.75, 1.25, 6.75], "texture": "#side"},
				"south": {"uv": [1.75, 5.75, 14.25, 6.75], "texture": "#front"},
				"west": {"uv": [14.75, 5.75, 16, 6.75], "texture": "#side"},
				"up": {"uv": [1.75, 14.75, 14.25, 16], "texture": "#side"},
				"down": {"uv": [1.75, 0, 14.25, 1.25], "texture": "#side"}
			}
		},
		{
			"from": [1.75, 5.75, 14.75],
			"to": [14.25, 6.75, 16],
			"faces": {
				"north": {"uv": [1.75, 9.25, 14.25, 10.25], "texture": "#front"},
				"east": {"uv": [0, 9.25, 1.25, 10.25], "texture": "#side"},
				"south": {"uv": [1.75, 9.25, 14.25, 10.25], "texture": "#front"},
				"west": {"uv": [14.75, 9.25, 16, 10.25], "texture": "#side"},
				"up": {"uv": [1.75, 14.75, 14.25, 16], "texture": "#side"},
				"down": {"uv": [1.75, 0, 14.25, 1.25], "texture": "#side"}
			}
		},
		{
			"from": [2, 5.25, 14.75],
			"to": [14, 5.75, 16],
			"faces": {
				"north": {"uv": [2, 10.25, 14, 10.75], "texture": "#front"},
				"east": {"uv": [0, 10.25, 1.25, 10.75], "texture": "#side"},
				"south": {"uv": [2, 10.25, 14, 10.75], "texture": "#front"},
				"west": {"uv": [14.75, 10.25, 16, 10.75], "texture": "#side"},
				"up": {"uv": [2, 14.75, 14, 16], "texture": "#side"},
				"down": {"uv": [2, 0, 14, 1.25], "texture": "#side"}
			}
		},
		{
			"from": [2.25, 4.75, 14.75],
			"to": [13.75, 5.25, 16],
			"faces": {
				"north": {"uv": [2.25, 10.75, 13.75, 11.25], "texture": "#front"},
				"east": {"uv": [0, 10.75, 1.25, 11.25], "texture": "#side"},
				"south": {"uv": [2.25, 10.75, 13.75, 11.25], "texture": "#front"},
				"west": {"uv": [14.75, 10.75, 16, 11.25], "texture": "#side"},
				"up": {"uv": [2.25, 14.75, 13.75, 16], "texture": "#side"},
				"down": {"uv": [2.25, 0, 13.75, 1.25], "texture": "#side"}
			}
		},
		{
			"from": [2.5, 4.25, 14.75],
			"to": [13.5, 4.75, 16],
			"faces": {
				"north": {"uv": [2.5, 11.25, 13.5, 11.75], "texture": "#front"},
				"east": {"uv": [0, 11.25, 1.25, 11.75], "texture": "#side"},
				"south": {"uv": [2.5, 11.25, 13.5, 11.75], "texture": "#front"},
				"west": {"uv": [14.75, 11.25, 16, 11.75], "texture": "#side"},
				"up": {"uv": [2.5, 14.75, 13.5, 16], "texture": "#side"},
				"down": {"uv": [2.5, 0, 13.5, 1.25], "texture": "#side"}
			}
		},
		{
			"from": [2.75, 4, 14.75],
			"to": [13.25, 4.25, 16],
			"faces": {
				"north": {"uv": [2.75, 11.75, 13.25, 12], "texture": "#front"},
				"east": {"uv": [0, 11.75, 1.25, 12], "texture": "#side"},
				"south": {"uv": [2.75, 11.75, 13.25, 12], "texture": "#front"},
				"west": {"uv": [14.75, 11.75, 16, 12], "texture": "#side"},
				"up": {"uv": [2.75, 14.75, 13.25, 16], "texture": "#side"},
				"down": {"uv": [2.75, 0, 13.25, 1.25], "texture": "#side"}
			}
		},
		{
			"from": [3, 3.75, 14.75],
			"to": [13, 4, 16],
			"faces": {
				"north": {"uv": [3, 12, 13, 12.25], "texture": "#front"},
				"east": {"uv": [0, 12, 1.25, 12.25], "texture": "#side"},
				"south": {"uv": [3, 12, 13, 12.25], "texture": "#front"},
				"west": {"uv": [14.75, 12, 16, 12.25], "texture": "#side"},
				"up": {"uv": [3, 14.75, 13, 16], "texture": "#side"},
				"down": {"uv": [3, 0, 13, 1.25], "texture": "#side"}
			}
		},
		{
			"from": [3.25, 3.5, 14.75],
			"to": [12.75, 3.75, 16],
			"faces": {
				"north": {"uv": [3.25, 12.25, 12.75, 12.5], "texture": "#front"},
				"east": {"uv": [0, 12.25, 1.25, 12.5], "texture": "#side"},
				"south": {"uv": [3.25, 12.25, 12.75, 12.5], "texture": "#front"},
				"west": {"uv": [14.75, 12.25, 16, 12.5], "texture": "#side"},
				"up": {"uv": [3.25, 14.75, 12.75, 16], "texture": "#side"},
				"down": {"uv": [3.25, 0, 12.75, 1.25], "texture": "#side"}
			}
		},
		{
			"from": [3.5, 3.25, 14.75],
			"to": [12.5, 3.5, 16],
			"faces": {
				"north": {"uv": [3.5, 12.5, 12.5, 12.75], "texture": "#front"},
				"east": {"uv": [0, 12.5, 1.25, 12.75], "texture": "#side"},
				"south": {"uv": [3.5, 12.5, 12.5, 12.75], "texture": "#front"},
				"west": {"uv": [14.75, 12.5, 16, 12.75], "texture": "#side"},
				"up": {"uv": [3.5, 14.75, 12.5, 16], "texture": "#side"},
				"down": {"uv": [3.5, 0, 12.5, 1.25], "texture": "#side"}
			}
		},
		{
			"from": [4, 2.75, 14.75],
			"to": [12, 3, 16],
			"faces": {
				"north": {"uv": [4, 13, 12, 13.25], "texture": "#front"},
				"east": {"uv": [0, 13, 1.25, 13.25], "texture": "#side"},
				"south": {"uv": [4, 13, 12, 13.25], "texture": "#front"},
				"west": {"uv": [14.75, 13, 16, 13.25], "texture": "#side"},
				"up": {"uv": [4, 14.75, 12, 16], "texture": "#side"},
				"down": {"uv": [4, 0, 12, 1.25], "texture": "#side"}
			}
		},
		{
			"from": [3.75, 3, 14.75],
			"to": [12.25, 3.25, 16],
			"faces": {
				"north": {"uv": [3.75, 12.75, 12.25, 13], "texture": "#front"},
				"east": {"uv": [0, 12.75, 1.25, 13], "texture": "#side"},
				"south": {"uv": [3.75, 12.75, 12.25, 13], "texture": "#front"},
				"west": {"uv": [14.75, 12.75, 16, 13], "texture": "#side"},
				"up": {"uv": [3.75, 14.75, 12.25, 16], "texture": "#side"},
				"down": {"uv": [3.75, 0, 12.25, 1.25], "texture": "#side"}
			}
		},
		{
			"from": [4.25, 2.5, 14.75],
			"to": [11.75, 2.75, 16],
			"faces": {
				"north": {"uv": [4.25, 13.25, 11.75, 13.5], "texture": "#front"},
				"east": {"uv": [0, 13.25, 1.25, 13.5], "texture": "#side"},
				"south": {"uv": [4.25, 13.25, 11.75, 13.5], "texture": "#front"},
				"west": {"uv": [14.75, 13.25, 16, 13.5], "texture": "#side"},
				"up": {"uv": [4.25, 14.75, 11.75, 16], "texture": "#side"},
				"down": {"uv": [4.25, 0, 11.75, 1.25], "texture": "#side"}
			}
		},
		{
			"from": [4.75, 2.25, 14.75],
			"to": [11.25, 2.5, 16],
			"faces": {
				"north": {"uv": [4.75, 13.5, 11.25, 13.75], "texture": "#front"},
				"east": {"uv": [0, 13.5, 1.25, 13.75], "texture": "#side"},
				"south": {"uv": [4.75, 13.5, 11.25, 13.75], "texture": "#front"},
				"west": {"uv": [14.75, 13.5, 16, 13.75], "texture": "#side"},
				"up": {"uv": [4.75, 14.75, 11.25, 16], "texture": "#side"},
				"down": {"uv": [4.75, 0, 11.25, 1.25], "texture": "#side"}
			}
		},
		{
			"from": [5.25, 2, 14.75],
			"to": [10.75, 2.25, 16],
			"faces": {
				"north": {"uv": [5.25, 13.75, 10.75, 14], "texture": "#front"},
				"east": {"uv": [0, 13.75, 1.25, 14], "texture": "#side"},
				"south": {"uv": [5.25, 13.75, 10.75, 14], "texture": "#front"},
				"west": {"uv": [14.75, 13.75, 16, 14], "texture": "#side"},
				"up": {"uv": [5.25, 14.75, 10.75, 16], "texture": "#side"},
				"down": {"uv": [5.25, 0, 10.75, 1.25], "texture": "#side"}
			}
		},
		{
			"from": [5.75, 1.75, 14.75],
			"to": [10.25, 2, 16],
			"faces": {
				"north": {"uv": [5.75, 14, 10.25, 14.25], "texture": "#front"},
				"east": {"uv": [0, 14, 1.25, 14.25], "texture": "#side"},
				"south": {"uv": [5.75, 14, 10.25, 14.25], "texture": "#front"},
				"west": {"uv": [14.75, 14, 16, 14.25], "texture": "#side"},
				"up": {"uv": [5.75, 14.75, 10.25, 16], "texture": "#side"},
				"down": {"uv": [5.75, 0, 10.25, 1.25], "texture": "#side"}
			}
		},
		{
			"from": [6.75, 1.5, 14.75],
			"to": [9.25, 1.75, 16],
			"faces": {
				"north": {"uv": [6.75, 14.25, 9.25, 14.5], "texture": "#front"},
				"east": {"uv": [0, 14.25, 1.25, 14.5], "texture": "#side"},
				"south": {"uv": [6.75, 14.25, 9.25, 14.5], "texture": "#front"},
				"west": {"uv": [14.75, 14.25, 16, 14.5], "texture": "#side"},
				"up": {"uv": [6.75, 14.75, 9.25, 16], "texture": "#side"},
				"down": {"uv": [6.75, 0, 9.25, 1.25], "texture": "#side"}
			}
		},
		{
			"from": [2, 10.25, 14.75],
			"to": [14, 10.75, 16],
			"faces": {
				"north": {"uv": [2, 5.25, 14, 5.75], "texture": "#front"},
				"east": {"uv": [0, 5.25, 1.25, 5.75], "texture": "#side"},
				"south": {"uv": [2, 5.25, 14, 5.75], "texture": "#front"},
				"west": {"uv": [14.75, 5.25, 16, 5.75], "texture": "#side"},
				"up": {"uv": [2, 14.75, 14, 16], "texture": "#side"},
				"down": {"uv": [2, 0, 14, 1.25], "texture": "#side"}
			}
		},
		{
			"from": [2.25, 10.75, 14.75],
			"to": [13.75, 11.25, 16],
			"faces": {
				"north": {"uv": [2.25, 4.75, 13.75, 5.25], "texture": "#front"},
				"east": {"uv": [0, 4.75, 1.25, 5.25], "texture": "#side"},
				"south": {"uv": [2.25, 4.75, 13.75, 5.25], "texture": "#front"},
				"west": {"uv": [14.75, 4.75, 16, 5.25], "texture": "#side"},
				"up": {"uv": [2.25, 14.75, 13.75, 16], "texture": "#side"},
				"down": {"uv": [2.25, 0, 13.75, 1.25], "texture": "#side"}
			}
		},
		{
			"from": [2.5, 11.25, 14.75],
			"to": [13.5, 11.75, 16],
			"faces": {
				"north": {"uv": [2.5, 4.25, 13.5, 4.75], "texture": "#front"},
				"east": {"uv": [0, 4.25, 1.25, 4.75], "texture": "#side"},
				"south": {"uv": [2.5, 4.25, 13.5, 4.75], "texture": "#front"},
				"west": {"uv": [14.75, 4.25, 16, 4.75], "texture": "#side"},
				"up": {"uv": [2.5, 14.75, 13.5, 16], "texture": "#side"},
				"down": {"uv": [2.5, 0, 13.5, 1.25], "texture": "#side"}
			}
		},
		{
			"from": [2.75, 11.75, 14.75],
			"to": [13.25, 12, 16],
			"faces": {
				"north": {"uv": [2.75, 4, 13.25, 4.25], "texture": "#front"},
				"east": {"uv": [0, 4, 1.25, 4.25], "texture": "#side"},
				"south": {"uv": [2.75, 4, 13.25, 4.25], "texture": "#front"},
				"west": {"uv": [14.75, 4, 16, 4.25], "texture": "#side"},
				"up": {"uv": [2.75, 14.75, 13.25, 16], "texture": "#side"},
				"down": {"uv": [2.75, 0, 13.25, 1.25], "texture": "#side"}
			}
		},
		{
			"from": [3, 12, 14.75],
			"to": [13, 12.25, 16],
			"faces": {
				"north": {"uv": [3, 3.75, 13, 4], "texture": "#front"},
				"east": {"uv": [0, 3.75, 1.25, 4], "texture": "#side"},
				"south": {"uv": [3, 3.75, 13, 4], "texture": "#front"},
				"west": {"uv": [14.75, 3.75, 16, 4], "texture": "#side"},
				"up": {"uv": [3, 14.75, 13, 16], "texture": "#side"},
				"down": {"uv": [3, 0, 13, 1.25], "texture": "#side"}
			}
		},
		{
			"from": [3.5, 12.5, 14.75],
			"to": [12.5, 12.75, 16],
			"faces": {
				"north": {"uv": [3.5, 3.25, 12.5, 3.5], "texture": "#front"},
				"east": {"uv": [0, 3.25, 1.25, 3.5], "texture": "#side"},
				"south": {"uv": [3.5, 3.25, 12.5, 3.5], "texture": "#front"},
				"west": {"uv": [14.75, 3.25, 16, 3.5], "texture": "#side"},
				"up": {"uv": [3.5, 14.75, 12.5, 16], "texture": "#side"},
				"down": {"uv": [3.5, 0, 12.5, 1.25], "texture": "#side"}
			}
		},
		{
			"from": [3.25, 12.25, 14.75],
			"to": [12.75, 12.5, 16],
			"faces": {
				"north": {"uv": [3.25, 3.5, 12.75, 3.75], "texture": "#front"},
				"east": {"uv": [0, 3.5, 1.25, 3.75], "texture": "#side"},
				"south": {"uv": [3.25, 3.5, 12.75, 3.75], "texture": "#front"},
				"west": {"uv": [14.75, 3.5, 16, 3.75], "texture": "#side"},
				"up": {"uv": [3.25, 14.75, 12.75, 16], "texture": "#side"},
				"down": {"uv": [3.25, 0, 12.75, 1.25], "texture": "#side"}
			}
		},
		{
			"from": [3.75, 12.75, 14.75],
			"to": [12.25, 13, 16],
			"faces": {
				"north": {"uv": [3.75, 3, 12.25, 3.25], "texture": "#front"},
				"east": {"uv": [0, 3, 1.25, 3.25], "texture": "#side"},
				"south": {"uv": [3.75, 3, 12.25, 3.25], "texture": "#front"},
				"west": {"uv": [14.75, 3, 16, 3.25], "texture": "#side"},
				"up": {"uv": [3.75, 14.75, 12.25, 16], "texture": "#side"},
				"down": {"uv": [3.75, 0, 12.25, 1.25], "texture": "#side"}
			}
		},
		{
			"from": [4, 13, 14.75],
			"to": [12, 13.25, 16],
			"faces": {
				"north": {"uv": [4, 2.75, 12, 3], "texture": "#front"},
				"east": {"uv": [0, 2.75, 1.25, 3], "texture": "#side"},
				"south": {"uv": [4, 2.75, 12, 3], "texture": "#front"},
				"west": {"uv": [14.75, 2.75, 16, 3], "texture": "#side"},
				"up": {"uv": [4, 14.75, 12, 16], "texture": "#side"},
				"down": {"uv": [4, 0, 12, 1.25], "texture": "#side"}
			}
		},
		{
			"from": [4.25, 13.25, 14.75],
			"to": [11.75, 13.5, 16],
			"faces": {
				"north": {"uv": [4.25, 2.5, 11.75, 2.75], "texture": "#front"},
				"east": {"uv": [0, 2.5, 1.25, 2.75], "texture": "#side"},
				"south": {"uv": [4.25, 2.5, 11.75, 2.75], "texture": "#front"},
				"west": {"uv": [14.75, 2.5, 16, 2.75], "texture": "#side"},
				"up": {"uv": [4.25, 14.75, 11.75, 16], "texture": "#side"},
				"down": {"uv": [4.25, 0, 11.75, 1.25], "texture": "#side"}
			}
		},
		{
			"from": [5.25, 13.75, 14.75],
			"to": [10.75, 14, 16],
			"faces": {
				"north": {"uv": [5.25, 2, 10.75, 2.25], "texture": "#front"},
				"east": {"uv": [0, 2, 1.25, 2.25], "texture": "#side"},
				"south": {"uv": [5.25, 2, 10.75, 2.25], "texture": "#front"},
				"west": {"uv": [14.75, 2, 16, 2.25], "texture": "#side"},
				"up": {"uv": [5.25, 14.75, 10.75, 16], "texture": "#side"},
				"down": {"uv": [5.25, 0, 10.75, 1.25], "texture": "#side"}
			}
		},
		{
			"from": [4.75, 13.5, 14.75],
			"to": [11.25, 13.75, 16],
			"faces": {
				"north": {"uv": [4.75, 2.25, 11.25, 2.5], "texture": "#front"},
				"east": {"uv": [0, 2.25, 1.25, 2.5], "texture": "#side"},
				"south": {"uv": [4.75, 2.25, 11.25, 2.5], "texture": "#front"},
				"west": {"uv": [14.75, 2.25, 16, 2.5], "texture": "#side"},
				"up": {"uv": [4.75, 14.75, 11.25, 16], "texture": "#side"},
				"down": {"uv": [4.75, 0, 11.25, 1.25], "texture": "#side"}
			}
		},
		{
			"from": [5.75, 14, 14.75],
			"to": [10.25, 14.25, 16],
			"faces": {
				"north": {"uv": [5.75, 1.75, 10.25, 2], "texture": "#front"},
				"east": {"uv": [0, 1.75, 1.25, 2], "texture": "#side"},
				"south": {"uv": [5.75, 1.75, 10.25, 2], "texture": "#front"},
				"west": {"uv": [14.75, 1.75, 16, 2], "texture": "#side"},
				"up": {"uv": [5.75, 14.75, 10.25, 16], "texture": "#side"},
				"down": {"uv": [5.75, 0, 10.25, 1.25], "texture": "#side"}
			}
		},
		{
			"from": [6.75, 14.25, 14.75],
			"to": [9.25, 14.5, 16],
			"faces": {
				"north": {"uv": [6.75, 1.5, 9.25, 1.75], "texture": "#front"},
				"east": {"uv": [0, 1.5, 1.25, 1.75], "texture": "#side"},
				"south": {"uv": [6.75, 1.5, 9.25, 1.75], "texture": "#front"},
				"west": {"uv": [14.75, 1.5, 16, 1.75], "texture": "#side"},
				"up": {"uv": [6.75, 14.75, 9.25, 16], "texture": "#side"},
				"down": {"uv": [6.75, 0, 9.25, 1.25], "texture": "#side"}
			}
		}
	],
	"display": {
		"thirdperson_righthand": {
			"rotation": [0, 86, 0],
			"translation": [-2.5, -0.25, -1.75],
			"scale": [0.4, 0.4, 0.4]
		},
		"firstperson_righthand": {
			"rotation": [0, 66, 0],
			"translation": [0, -0.25, 0],
			"scale": [0.4, 0.4, 0.4]
		},
		"ground": {
			"translation": [0, 0.25, -3],
			"scale": [0.4, 0.4, 0.4]
		},
		"gui": {
			"rotation": [30, -140, 0],
			"translation": [5.25, -2.75, 0]
		},
		"fixed": {
			"translation": [0, 0, -7.75]
		}
	}
}