{
	"parent": "block/cube",
	"ambientocclusion": false,
	"textures": {
    "base": "rsgauges:blocks/common/darkmachinemetal",
    "lever":  "rsgauges:blocks/common/graymetal",
    "handle": "rsgauges:blocks/common/iestylewood",
		"particle": "rsgauges:blocks/common/darkgraymetal"
	},
	"elements": [
		{
			"from": [4.75, 9.5, 15.25],
			"to": [6.25, 10.75, 16],
			"faces": {
				"north": {"uv": [9.75, 5.25, 11.25, 6.5], "texture": "#lever"},
				"east": {"uv": [0, 5.25, 0.75, 6.5], "texture": "#lever"},
				"south": {"uv": [4.75, 5.25, 6.25, 6.5], "texture": "#lever"},
				"west": {"uv": [15.25, 5.25, 16, 6.5], "texture": "#lever"},
				"up": {"uv": [4.75, 15.25, 6.25, 16], "texture": "#lever"},
				"down": {"uv": [4.75, 0, 6.25, 0.75], "texture": "#lever"}
			}
		},
		{
			"from": [10, 9.75, 15],
			"to": [11, 10.5, 15.25],
			"faces": {
				"north": {"uv": [5, 5.5, 6, 6.25], "texture": "#base"},
				"east": {"uv": [0.75, 5.5, 1, 6.25], "texture": "#base"},
				"south": {"uv": [10, 5.5, 11, 6.25], "texture": "#base"},
				"west": {"uv": [15, 5.5, 15.25, 6.25], "texture": "#base"},
				"up": {"uv": [10, 15, 11, 15.25], "texture": "#base"},
				"down": {"uv": [10, 0.75, 11, 1], "texture": "#base"}
			}
		},
		{
			"from": [5, 9.75, 15],
			"to": [6, 10.5, 15.25],
			"faces": {
				"north": {"uv": [10, 5.5, 11, 6.25], "texture": "#base"},
				"east": {"uv": [0.75, 5.5, 1, 6.25], "texture": "#base"},
				"south": {"uv": [5, 5.5, 6, 6.25], "texture": "#base"},
				"west": {"uv": [15, 5.5, 15.25, 6.25], "texture": "#base"},
				"up": {"uv": [5, 15, 6, 15.25], "texture": "#base"},
				"down": {"uv": [5, 0.75, 6, 1], "texture": "#base"}
			}
		},
		{
			"from": [5, 9.75, 14.75],
			"to": [11, 10.5, 15],
			"faces": {
				"north": {"uv": [5, 5.5, 11, 6.25], "texture": "#base"},
				"east": {"uv": [1, 5.5, 1.25, 6.25], "texture": "#base"},
				"south": {"uv": [5, 5.5, 11, 6.25], "texture": "#base"},
				"west": {"uv": [14.75, 5.5, 15, 6.25], "texture": "#base"},
				"up": {"uv": [5, 14.75, 11, 15], "texture": "#base"},
				"down": {"uv": [5, 1, 11, 1.25], "texture": "#base"}
			}
		},
		{
			"from": [9.75, 9.5, 15.25],
			"to": [11.25, 10.75, 16],
			"faces": {
				"north": {"uv": [4.75, 5.25, 6.25, 6.5], "texture": "#lever"},
				"east": {"uv": [0, 5.25, 0.75, 6.5], "texture": "#lever"},
				"south": {"uv": [9.75, 5.25, 11.25, 6.5], "texture": "#lever"},
				"west": {"uv": [15.25, 5.25, 16, 6.5], "texture": "#lever"},
				"up": {"uv": [9.75, 15.25, 11.25, 16], "texture": "#lever"},
				"down": {"uv": [9.75, 0, 11.25, 0.75], "texture": "#lever"}
			}
		},
		{
			"from": [5, 5.5, 14.75],
			"to": [11, 6.25, 15],
			"faces": {
				"north": {"uv": [5, 9.75, 11, 10.5], "texture": "#base"},
				"east": {"uv": [1, 9.75, 1.25, 10.5], "texture": "#base"},
				"south": {"uv": [5, 9.75, 11, 10.5], "texture": "#base"},
				"west": {"uv": [14.75, 9.75, 15, 10.5], "texture": "#base"},
				"up": {"uv": [5, 14.75, 11, 15], "texture": "#base"},
				"down": {"uv": [5, 1, 11, 1.25], "texture": "#base"}
			}
		},
		{
			"from": [5, 5.5, 15],
			"to": [6, 6.25, 15.25],
			"faces": {
				"north": {"uv": [10, 9.75, 11, 10.5], "texture": "#base"},
				"east": {"uv": [0.75, 9.75, 1, 10.5], "texture": "#base"},
				"south": {"uv": [5, 9.75, 6, 10.5], "texture": "#base"},
				"west": {"uv": [15, 9.75, 15.25, 10.5], "texture": "#base"},
				"up": {"uv": [5, 15, 6, 15.25], "texture": "#base"},
				"down": {"uv": [5, 0.75, 6, 1], "texture": "#base"}
			}
		},
		{
			"from": [10, 5.5, 15],
			"to": [11, 6.25, 15.25],
			"faces": {
				"north": {"uv": [5, 9.75, 6, 10.5], "texture": "#base"},
				"east": {"uv": [0.75, 9.75, 1, 10.5], "texture": "#base"},
				"south": {"uv": [10, 9.75, 11, 10.5], "texture": "#base"},
				"west": {"uv": [15, 9.75, 15.25, 10.5], "texture": "#base"},
				"up": {"uv": [10, 15, 11, 15.25], "texture": "#base"},
				"down": {"uv": [10, 0.75, 11, 1], "texture": "#base"}
			}
		},
		{
			"from": [4.75, 5.25, 15.25],
			"to": [6.25, 6.5, 16],
			"faces": {
				"north": {"uv": [9.75, 9.5, 11.25, 10.75], "texture": "#lever"},
				"east": {"uv": [0, 9.5, 0.75, 10.75], "texture": "#lever"},
				"south": {"uv": [4.75, 9.5, 6.25, 10.75], "texture": "#lever"},
				"west": {"uv": [15.25, 9.5, 16, 10.75], "texture": "#lever"},
				"up": {"uv": [4.75, 15.25, 6.25, 16], "texture": "#lever"},
				"down": {"uv": [4.75, 0, 6.25, 0.75], "texture": "#lever"}
			}
		},
		{
			"from": [9.75, 5.25, 15.25],
			"to": [11.25, 6.5, 16],
			"faces": {
				"north": {"uv": [4.75, 9.5, 6.25, 10.75], "texture": "#lever"},
				"east": {"uv": [0, 9.5, 0.75, 10.75], "texture": "#lever"},
				"south": {"uv": [9.75, 9.5, 11.25, 10.75], "texture": "#lever"},
				"west": {"uv": [15.25, 9.5, 16, 10.75], "texture": "#lever"},
				"up": {"uv": [9.75, 15.25, 11.25, 16], "texture": "#lever"},
				"down": {"uv": [9.75, 0, 11.25, 0.75], "texture": "#lever"}
			}
		},
		{
			"from": [7.5, 7.5, 12.25],
			"to": [8.75, 8.75, 15.75],
			"faces": {
				"north": {"uv": [7.25, 7.25, 8.5, 8.5], "texture": "#base"},
				"east": {"uv": [0.25, 7.25, 3.75, 8.5], "texture": "#base"},
				"south": {"uv": [7.5, 7.25, 8.75, 8.5], "texture": "#base"},
				"west": {"uv": [12.25, 7.25, 15.75, 8.5], "texture": "#base"},
				"up": {"uv": [7.5, 12.25, 8.75, 15.75], "texture": "#base"},
				"down": {"uv": [7.5, 0.25, 8.75, 3.75], "texture": "#base"}
			}
		},
		{
			"from": [7.75, 8.75, 12.25],
			"to": [8.5, 9, 15.75],
			"faces": {
				"north": {"uv": [7.5, 7, 8.25, 7.25], "texture": "#base"},
				"east": {"uv": [0.25, 7, 3.75, 7.25], "texture": "#base"},
				"south": {"uv": [7.75, 7, 8.5, 7.25], "texture": "#base"},
				"west": {"uv": [12.25, 7, 15.75, 7.25], "texture": "#base"},
				"up": {"uv": [7.75, 12.25, 8.5, 15.75], "texture": "#base"},
				"down": {"uv": [7.75, 0.25, 8.5, 3.75], "texture": "#base"}
			}
		},
		{
			"from": [7.75, 7.25, 12.25],
			"to": [8.5, 7.5, 15.75],
			"faces": {
				"north": {"uv": [7.5, 8.5, 8.25, 8.75], "texture": "#base"},
				"east": {"uv": [0.25, 8.5, 3.75, 8.75], "texture": "#base"},
				"south": {"uv": [7.75, 8.5, 8.5, 8.75], "texture": "#base"},
				"west": {"uv": [12.25, 8.5, 15.75, 8.75], "texture": "#base"},
				"up": {"uv": [7.75, 12.25, 8.5, 15.75], "texture": "#base"},
				"down": {"uv": [7.75, 0.25, 8.5, 3.75], "texture": "#base"}
			}
		},
		{
			"from": [7.25, 7.75, 12.25],
			"to": [7.5, 8.5, 15.75],
			"faces": {
				"north": {"uv": [8.5, 7.5, 8.75, 8.25], "texture": "#base"},
				"east": {"uv": [0.25, 7.5, 3.75, 8.25], "texture": "#base"},
				"south": {"uv": [7.25, 7.5, 7.5, 8.25], "texture": "#base"},
				"west": {"uv": [12.25, 7.5, 15.75, 8.25], "texture": "#base"},
				"up": {"uv": [7.25, 12.25, 7.5, 15.75], "texture": "#base"},
				"down": {"uv": [7.25, 0.25, 7.5, 3.75], "texture": "#base"}
			}
		},
		{
			"from": [8.75, 7.75, 12.25],
			"to": [9, 8.5, 15.75],
			"faces": {
				"north": {"uv": [7, 7.5, 7.25, 8.25], "texture": "#base"},
				"east": {"uv": [0.25, 7.5, 3.75, 8.25], "texture": "#base"},
				"south": {"uv": [8.75, 7.5, 9, 8.25], "texture": "#base"},
				"west": {"uv": [12.25, 7.5, 15.75, 8.25], "texture": "#base"},
				"up": {"uv": [8.75, 12.25, 9, 15.75], "texture": "#base"},
				"down": {"uv": [8.75, 0.25, 9, 3.75], "texture": "#base"}
			}
		},
		{
			"from": [7.25, 7.25, 12],
			"to": [9, 9, 12.25],
			"faces": {
				"north": {"uv": [7, 7, 8.75, 8.75], "texture": "#handle"},
				"east": {"uv": [3.75, 7, 4, 8.75], "texture": "#handle"},
				"south": {"uv": [7.25, 7, 9, 8.75], "texture": "#handle"},
				"west": {"uv": [12, 7, 12.25, 8.75], "texture": "#handle"},
				"up": {"uv": [7.25, 12, 9, 12.25], "texture": "#handle"},
				"down": {"uv": [7.25, 3.75, 9, 4], "texture": "#handle"}
			}
		},
		{
			"from": [7.5, 9, 12],
			"to": [8.75, 9.25, 12.25],
			"faces": {
				"north": {"uv": [7.25, 6.75, 8.5, 7], "texture": "#handle"},
				"east": {"uv": [3.75, 6.75, 4, 7], "texture": "#handle"},
				"south": {"uv": [7.5, 6.75, 8.75, 7], "texture": "#handle"},
				"west": {"uv": [12, 6.75, 12.25, 7], "texture": "#handle"},
				"up": {"uv": [7.5, 12, 8.75, 12.25], "texture": "#handle"},
				"down": {"uv": [7.5, 3.75, 8.75, 4], "texture": "#handle"}
			}
		},
		{
			"from": [7.5, 7, 12],
			"to": [8.75, 7.25, 12.25],
			"faces": {
				"north": {"uv": [7.25, 8.75, 8.5, 9], "texture": "#handle"},
				"east": {"uv": [3.75, 8.75, 4, 9], "texture": "#handle"},
				"south": {"uv": [7.5, 8.75, 8.75, 9], "texture": "#handle"},
				"west": {"uv": [12, 8.75, 12.25, 9], "texture": "#handle"},
				"up": {"uv": [7.5, 12, 8.75, 12.25], "texture": "#handle"},
				"down": {"uv": [7.5, 3.75, 8.75, 4], "texture": "#handle"}
			}
		},
		{
			"from": [9, 7.5, 12],
			"to": [9.25, 8.75, 12.25],
			"faces": {
				"north": {"uv": [6.75, 7.25, 7, 8.5], "texture": "#handle"},
				"east": {"uv": [3.75, 7.25, 4, 8.5], "texture": "#handle"},
				"south": {"uv": [9, 7.25, 9.25, 8.5], "texture": "#handle"},
				"west": {"uv": [12, 7.25, 12.25, 8.5], "texture": "#handle"},
				"up": {"uv": [9, 12, 9.25, 12.25], "texture": "#handle"},
				"down": {"uv": [9, 3.75, 9.25, 4], "texture": "#handle"}
			}
		},
		{
			"from": [7, 7.5, 12],
			"to": [7.25, 8.75, 12.25],
			"faces": {
				"north": {"uv": [8.75, 7.25, 9, 8.5], "texture": "#handle"},
				"east": {"uv": [3.75, 7.25, 4, 8.5], "texture": "#handle"},
				"south": {"uv": [7, 7.25, 7.25, 8.5], "texture": "#handle"},
				"west": {"uv": [12, 7.25, 12.25, 8.5], "texture": "#handle"},
				"up": {"uv": [7, 12, 7.25, 12.25], "texture": "#handle"},
				"down": {"uv": [7, 3.75, 7.25, 4], "texture": "#handle"}
			}
		},
		{
			"from": [7, 7, 11.5],
			"to": [9.25, 9.25, 12],
			"faces": {
				"north": {"uv": [6.75, 6.75, 9, 9], "texture": "#handle"},
				"east": {"uv": [4, 6.75, 4.5, 9], "texture": "#handle"},
				"south": {"uv": [7, 6.75, 9.25, 9], "texture": "#handle"},
				"west": {"uv": [11.5, 6.75, 12, 9], "texture": "#handle"},
				"up": {"uv": [7, 11.5, 9.25, 12], "texture": "#handle"},
				"down": {"uv": [7, 4, 9.25, 4.5], "texture": "#handle"}
			}
		},
		{
			"from": [6.75, 7.25, 11.5],
			"to": [7, 9, 12],
			"faces": {
				"north": {"uv": [9, 7, 9.25, 8.75], "texture": "#handle"},
				"east": {"uv": [4, 7, 4.5, 8.75], "texture": "#handle"},
				"south": {"uv": [6.75, 7, 7, 8.75], "texture": "#handle"},
				"west": {"uv": [11.5, 7, 12, 8.75], "texture": "#handle"},
				"up": {"uv": [6.75, 11.5, 7, 12], "texture": "#handle"},
				"down": {"uv": [6.75, 4, 7, 4.5], "texture": "#handle"}
			}
		},
		{
			"from": [9.25, 7.25, 11.5],
			"to": [9.5, 9, 12],
			"faces": {
				"north": {"uv": [6.5, 7, 6.75, 8.75], "texture": "#handle"},
				"east": {"uv": [4, 7, 4.5, 8.75], "texture": "#handle"},
				"south": {"uv": [9.25, 7, 9.5, 8.75], "texture": "#handle"},
				"west": {"uv": [11.5, 7, 12, 8.75], "texture": "#handle"},
				"up": {"uv": [9.25, 11.5, 9.5, 12], "texture": "#handle"},
				"down": {"uv": [9.25, 4, 9.5, 4.5], "texture": "#handle"}
			}
		},
		{
			"from": [7.25, 6.75, 11.5],
			"to": [9, 7, 12],
			"faces": {
				"north": {"uv": [7, 9, 8.75, 9.25], "texture": "#handle"},
				"east": {"uv": [4, 9, 4.5, 9.25], "texture": "#handle"},
				"south": {"uv": [7.25, 9, 9, 9.25], "texture": "#handle"},
				"west": {"uv": [11.5, 9, 12, 9.25], "texture": "#handle"},
				"up": {"uv": [7.25, 11.5, 9, 12], "texture": "#handle"},
				"down": {"uv": [7.25, 4, 9, 4.5], "texture": "#handle"}
			}
		},
		{
			"from": [7.25, 9.25, 11.5],
			"to": [9, 9.5, 12],
			"faces": {
				"north": {"uv": [7, 6.5, 8.75, 6.75], "texture": "#handle"},
				"east": {"uv": [4, 6.5, 4.5, 6.75], "texture": "#handle"},
				"south": {"uv": [7.25, 6.5, 9, 6.75], "texture": "#handle"},
				"west": {"uv": [11.5, 6.5, 12, 6.75], "texture": "#handle"},
				"up": {"uv": [7.25, 11.5, 9, 12], "texture": "#handle"},
				"down": {"uv": [7.25, 4, 9, 4.5], "texture": "#handle"}
			}
		},
		{
			"from": [7.5, 9, 11.25],
			"to": [8.75, 9.25, 11.5],
			"faces": {
				"north": {"uv": [7.25, 6.75, 8.5, 7], "texture": "#handle"},
				"east": {"uv": [4.5, 6.75, 4.75, 7], "texture": "#handle"},
				"south": {"uv": [7.5, 6.75, 8.75, 7], "texture": "#handle"},
				"west": {"uv": [11.25, 6.75, 11.5, 7], "texture": "#handle"},
				"up": {"uv": [7.5, 11.25, 8.75, 11.5], "texture": "#handle"},
				"down": {"uv": [7.5, 4.5, 8.75, 4.75], "texture": "#handle"}
			}
		},
		{
			"from": [7.25, 7.25, 11.25],
			"to": [9, 9, 11.5],
			"faces": {
				"north": {"uv": [7, 7, 8.75, 8.75], "texture": "#handle"},
				"east": {"uv": [4.5, 7, 4.75, 8.75], "texture": "#handle"},
				"south": {"uv": [7.25, 7, 9, 8.75], "texture": "#handle"},
				"west": {"uv": [11.25, 7, 11.5, 8.75], "texture": "#handle"},
				"up": {"uv": [7.25, 11.25, 9, 11.5], "texture": "#handle"},
				"down": {"uv": [7.25, 4.5, 9, 4.75], "texture": "#handle"}
			}
		},
		{
			"from": [7, 7.5, 11.25],
			"to": [7.25, 8.75, 11.5],
			"faces": {
				"north": {"uv": [8.75, 7.25, 9, 8.5], "texture": "#handle"},
				"east": {"uv": [4.5, 7.25, 4.75, 8.5], "texture": "#handle"},
				"south": {"uv": [7, 7.25, 7.25, 8.5], "texture": "#handle"},
				"west": {"uv": [11.25, 7.25, 11.5, 8.5], "texture": "#handle"},
				"up": {"uv": [7, 11.25, 7.25, 11.5], "texture": "#handle"},
				"down": {"uv": [7, 4.5, 7.25, 4.75], "texture": "#handle"}
			}
		},
		{
			"from": [7.5, 7, 11.25],
			"to": [8.75, 7.25, 11.5],
			"faces": {
				"north": {"uv": [7.25, 8.75, 8.5, 9], "texture": "#handle"},
				"east": {"uv": [4.5, 8.75, 4.75, 9], "texture": "#handle"},
				"south": {"uv": [7.5, 8.75, 8.75, 9], "texture": "#handle"},
				"west": {"uv": [11.25, 8.75, 11.5, 9], "texture": "#handle"},
				"up": {"uv": [7.5, 11.25, 8.75, 11.5], "texture": "#handle"},
				"down": {"uv": [7.5, 4.5, 8.75, 4.75], "texture": "#handle"}
			}
		},
		{
			"from": [9, 7.5, 11.25],
			"to": [9.25, 8.75, 11.5],
			"faces": {
				"north": {"uv": [6.75, 7.25, 7, 8.5], "texture": "#handle"},
				"east": {"uv": [4.5, 7.25, 4.75, 8.5], "texture": "#handle"},
				"south": {"uv": [9, 7.25, 9.25, 8.5], "texture": "#handle"},
				"west": {"uv": [11.25, 7.25, 11.5, 8.5], "texture": "#handle"},
				"up": {"uv": [9, 11.25, 9.25, 11.5], "texture": "#handle"},
				"down": {"uv": [9, 4.5, 9.25, 4.75], "texture": "#handle"}
			}
		},
		{
			"from": [7.5, 7.5, 11],
			"to": [8.75, 8.75, 11.25],
			"faces": {
				"north": {"uv": [7.25, 7.25, 8.5, 8.5], "texture": "#handle"},
				"east": {"uv": [4.75, 7.25, 5, 8.5], "texture": "#handle"},
				"south": {"uv": [7.5, 7.25, 8.75, 8.5], "texture": "#handle"},
				"west": {"uv": [11, 7.25, 11.25, 8.5], "texture": "#handle"},
				"up": {"uv": [7.5, 11, 8.75, 11.25], "texture": "#handle"},
				"down": {"uv": [7.5, 4.75, 8.75, 5], "texture": "#handle"}
			}
		},
		{
			"from": [7.75, 9, 14],
			"to": [8.5, 10.5, 14.25],
			"faces": {
				"north": {"uv": [7.5, 5.5, 8.25, 7], "texture": "#base"},
				"east": {"uv": [1.75, 5.5, 2, 7], "texture": "#base"},
				"south": {"uv": [7.75, 5.5, 8.5, 7], "texture": "#base"},
				"west": {"uv": [14, 5.5, 14.25, 7], "texture": "#base"},
				"up": {"uv": [7.75, 14, 8.5, 14.25], "texture": "#base"},
				"down": {"uv": [7.75, 1.75, 8.5, 2], "texture": "#base"}
			}
		},
		{
			"from": [7.75, 5.5, 14],
			"to": [8.5, 7.25, 14.25],
			"faces": {
				"north": {"uv": [7.5, 8.75, 8.25, 10.5], "texture": "#base"},
				"east": {"uv": [1.75, 8.75, 2, 10.5], "texture": "#base"},
				"south": {"uv": [7.75, 8.75, 8.5, 10.5], "texture": "#base"},
				"west": {"uv": [14, 8.75, 14.25, 10.5], "texture": "#base"},
				"up": {"uv": [7.75, 14, 8.5, 14.25], "texture": "#base"},
				"down": {"uv": [7.75, 1.75, 8.5, 2], "texture": "#base"}
			}
		},
		{
			"from": [7.75, 9, 13.75],
			"to": [8.5, 9.25, 14],
			"faces": {
				"north": {"uv": [7.5, 6.75, 8.25, 7], "texture": "#base"},
				"east": {"uv": [2, 6.75, 2.25, 7], "texture": "#base"},
				"south": {"uv": [7.75, 6.75, 8.5, 7], "texture": "#base"},
				"west": {"uv": [13.75, 6.75, 14, 7], "texture": "#base"},
				"up": {"uv": [7.75, 13.75, 8.5, 14], "texture": "#base"},
				"down": {"uv": [7.75, 2, 8.5, 2.25], "texture": "#base"}
			}
		},
		{
			"from": [7.75, 7, 13.75],
			"to": [8.5, 7.25, 14],
			"faces": {
				"north": {"uv": [7.5, 8.75, 8.25, 9], "texture": "#base"},
				"east": {"uv": [2, 8.75, 2.25, 9], "texture": "#base"},
				"south": {"uv": [7.75, 8.75, 8.5, 9], "texture": "#base"},
				"west": {"uv": [13.75, 8.75, 14, 9], "texture": "#base"},
				"up": {"uv": [7.75, 13.75, 8.5, 14], "texture": "#base"},
				"down": {"uv": [7.75, 2, 8.5, 2.25], "texture": "#base"}
			}
		},
		{
			"from": [7.25, 7.25, 15.75],
			"to": [9, 9, 16],
			"faces": {
				"north": {"uv": [7, 7, 8.75, 8.75], "texture": "#lever"},
				"east": {"uv": [0, 7, 0.25, 8.75], "texture": "#lever"},
				"south": {"uv": [7.25, 7, 9, 8.75], "texture": "#lever"},
				"west": {"uv": [15.75, 7, 16, 8.75], "texture": "#lever"},
				"up": {"uv": [7.25, 15.75, 9, 16], "texture": "#lever"},
				"down": {"uv": [7.25, 0, 9, 0.25], "texture": "#lever"}
			}
		},
		{
			"from": [7.75, 9, 14.25],
			"to": [8.5, 9.25, 14.5],
			"faces": {
				"north": {"uv": [7.5, 6.75, 8.25, 7], "texture": "#base"},
				"east": {"uv": [1.5, 6.75, 1.75, 7], "texture": "#base"},
				"south": {"uv": [7.75, 6.75, 8.5, 7], "texture": "#base"},
				"west": {"uv": [14.25, 6.75, 14.5, 7], "texture": "#base"},
				"up": {"uv": [7.75, 14.25, 8.5, 14.5], "texture": "#base"},
				"down": {"uv": [7.75, 1.5, 8.5, 1.75], "texture": "#base"}
			}
		},
		{
			"from": [7.75, 7, 14.25],
			"to": [8.5, 7.25, 14.5],
			"faces": {
				"north": {"uv": [7.5, 8.75, 8.25, 9], "texture": "#base"},
				"east": {"uv": [1.5, 8.75, 1.75, 9], "texture": "#base"},
				"south": {"uv": [7.75, 8.75, 8.5, 9], "texture": "#base"},
				"west": {"uv": [14.25, 8.75, 14.5, 9], "texture": "#base"},
				"up": {"uv": [7.75, 14.25, 8.5, 14.5], "texture": "#base"},
				"down": {"uv": [7.75, 1.5, 8.5, 1.75], "texture": "#base"}
			}
		}
	],
	"display": {
		"thirdperson_righthand": {
			"rotation": [-147, -5, 4],
			"translation": [0, -2.5, 2.5],
			"scale": [0.7, 0.7, 0.7]
		},
		"firstperson_righthand": {
			"rotation": [0, 74, 0],
			"translation": [-0.75, 0, 0],
			"scale": [0.7, 0.7, 0.7]
		},
		"ground": {
			"translation": [0, 0, -4.25],
			"scale": [0.7, 0.7, 0.7]
		},
		"gui": {
			"rotation": [30, -135, 0],
			"translation": [8.25, -4.25, 0],
			"scale": [1.6, 1.6, 1.6]
		},
		"fixed": {
			"translation": [0, 0, -7.75]
		}
	}
}