{
  "parent": "block/cube",
  "ambientocclusion": false,
  "textures": {
    "front": "rsgauges:blocks/common/lightmachinemetal",
    "side":  "rsgauges:blocks/common/darkmachinemetal",
    "handle": "rsgauges:blocks/indicator/indicator_fg_green_on_texture",
    "particle": "rsgauges:blocks/common/darkgraymetal"
  },
  "display": {
    "gui":    { "rotation": [ 0, 180, 0 ], "translation": [  0.00, 0.50,   0.00 ], "scale": [ 1.00, 1.00, 1.00 ] },
    "fixed":  { "rotation": [ 0,   0, 0 ], "translation": [  0.00, 0.00,  -7.00 ], "scale": [ 1.00, 1.00, 1.00 ] },
    "ground": { "rotation": [ 0,   0, 0 ], "translation": [  0.00, 0.00,  -7.00 ], "scale": [ 0.75, 0.75, 0.75 ] }
  },
	"elements": [
		{
			"from": [5.5, 5.5, 15.5],
			"to": [10.5, 10.5, 16],
			"faces": {
				"north": {"uv": [5.5, 5.5, 10.5, 10.5], "texture": "#side"},
				"east": {"uv": [0, 5.5, 0.5, 10.5], "texture": "#side"},
				"south": {"uv": [5.5, 5.5, 10.5, 10.5], "texture": "#side"},
				"west": {"uv": [15.5, 5.5, 16, 10.5], "texture": "#side"},
				"up": {"uv": [5.5, 15.5, 10.5, 16], "texture": "#side"},
				"down": {"uv": [5.5, 0, 10.5, 0.5], "texture": "#side"}
			}
		},
		{
			"from": [5.25, 5.75, 15.5],
			"to": [5.5, 10.25, 16],
			"faces": {
				"north": {"uv": [10.5, 5.75, 10.75, 10.25], "texture": "#side"},
				"east": {"uv": [0, 5.75, 0.5, 10.25], "texture": "#side"},
				"south": {"uv": [5.25, 5.75, 5.5, 10.25], "texture": "#side"},
				"west": {"uv": [15.5, 5.75, 16, 10.25], "texture": "#side"},
				"up": {"uv": [5.25, 15.5, 5.5, 16], "texture": "#side"},
				"down": {"uv": [5.25, 0, 5.5, 0.5], "texture": "#side"}
			}
		},
		{
			"from": [10.5, 5.75, 15.5],
			"to": [10.75, 10.25, 16],
			"faces": {
				"north": {"uv": [5.25, 5.75, 5.5, 10.25], "texture": "#side"},
				"east": {"uv": [0, 5.75, 0.5, 10.25], "texture": "#side"},
				"south": {"uv": [10.5, 5.75, 10.75, 10.25], "texture": "#side"},
				"west": {"uv": [15.5, 5.75, 16, 10.25], "texture": "#side"},
				"up": {"uv": [10.5, 15.5, 10.75, 16], "texture": "#side"},
				"down": {"uv": [10.5, 0, 10.75, 0.5], "texture": "#side"}
			}
		},
		{
			"from": [5.75, 10.5, 15.5],
			"to": [10.25, 10.75, 16],
			"faces": {
				"north": {"uv": [5.75, 5.25, 10.25, 5.5], "texture": "#side"},
				"east": {"uv": [0, 5.25, 0.5, 5.5], "texture": "#side"},
				"south": {"uv": [5.75, 5.25, 10.25, 5.5], "texture": "#side"},
				"west": {"uv": [15.5, 5.25, 16, 5.5], "texture": "#side"},
				"up": {"uv": [5.75, 15.5, 10.25, 16], "texture": "#side"},
				"down": {"uv": [5.75, 0, 10.25, 0.5], "texture": "#side"}
			}
		},
		{
			"from": [5.75, 5.25, 15.5],
			"to": [10.25, 5.5, 16],
			"faces": {
				"north": {"uv": [5.75, 10.5, 10.25, 10.75], "texture": "#side"},
				"east": {"uv": [0, 10.5, 0.5, 10.75], "texture": "#side"},
				"south": {"uv": [5.75, 10.5, 10.25, 10.75], "texture": "#side"},
				"west": {"uv": [15.5, 10.5, 16, 10.75], "texture": "#side"},
				"up": {"uv": [5.75, 15.5, 10.25, 16], "texture": "#side"},
				"down": {"uv": [5.75, 0, 10.25, 0.5], "texture": "#side"}
			}
		},
		{
			"from": [6.25, 6.25, 15.25],
			"to": [9.75, 9.75, 15.5],
			"faces": {
				"north": {"uv": [6.25, 6.25, 16, 16], "texture": "#front"},
				"east": {"uv": [0.5, 6.25, 0.75, 9.75], "texture": "#front"},
				"south": {"uv": [6.25, 6.25, 9.75, 9.75], "texture": "#front"},
				"west": {"uv": [15.25, 6.25, 15.5, 9.75], "texture": "#front"},
				"up": {"uv": [6.25, 15.25, 9.75, 15.5], "texture": "#front"},
				"down": {"uv": [6.25, 0.5, 9.75, 0.75], "texture": "#front"}
			}
		},
		{
			"from": [6, 6.5, 15.25],
			"to": [6.25, 9.5, 15.5],
			"faces": {
				"north": {"uv": [9.75, 6.5, 10, 9.5], "texture": "#front"},
				"east": {"uv": [0.5, 6.5, 0.75, 9.5], "texture": "#front"},
				"south": {"uv": [6, 6.5, 6.25, 9.5], "texture": "#front"},
				"west": {"uv": [15.25, 6.5, 15.5, 9.5], "texture": "#front"},
				"up": {"uv": [6, 15.25, 6.25, 15.5], "texture": "#front"},
				"down": {"uv": [6, 0.5, 6.25, 0.75], "texture": "#front"}
			}
		},
		{
			"from": [9.75, 6.5, 15.25],
			"to": [10, 9.5, 15.5],
			"faces": {
				"north": {"uv": [6, 6.5, 6.25, 9.5], "texture": "#front"},
				"east": {"uv": [0.5, 6.5, 0.75, 9.5], "texture": "#front"},
				"south": {"uv": [9.75, 6.5, 10, 9.5], "texture": "#front"},
				"west": {"uv": [15.25, 6.5, 15.5, 9.5], "texture": "#front"},
				"up": {"uv": [9.75, 15.25, 10, 15.5], "texture": "#front"},
				"down": {"uv": [9.75, 0.5, 10, 0.75], "texture": "#front"}
			}
		},
		{
			"from": [6.5, 9.75, 15.25],
			"to": [9.5, 10, 15.5],
			"faces": {
				"north": {"uv": [6.5, 6, 9.5, 6.25], "texture": "#front"},
				"east": {"uv": [0.5, 6, 0.75, 6.25], "texture": "#front"},
				"south": {"uv": [6.5, 6, 9.5, 6.25], "texture": "#front"},
				"west": {"uv": [15.25, 6, 15.5, 6.25], "texture": "#front"},
				"up": {"uv": [6.5, 15.25, 9.5, 15.5], "texture": "#front"},
				"down": {"uv": [6.5, 0.5, 9.5, 0.75], "texture": "#front"}
			}
		},
		{
			"from": [6.5, 6, 15.25],
			"to": [9.5, 6.25, 15.5],
			"faces": {
				"north": {"uv": [6.5, 9.75, 9.5, 10], "texture": "#front"},
				"east": {"uv": [0.5, 9.75, 0.75, 10], "texture": "#front"},
				"south": {"uv": [6.5, 9.75, 9.5, 10], "texture": "#front"},
				"west": {"uv": [15.25, 9.75, 15.5, 10], "texture": "#front"},
				"up": {"uv": [6.5, 15.25, 9.5, 15.5], "texture": "#front"},
				"down": {"uv": [6.5, 0.5, 9.5, 0.75], "texture": "#front"}
			}
		},
		{
			"from": [7.5, 7.5, 15],
			"to": [8.5, 8.5, 15.25],
			"faces": {
				"north": {"uv": [0, 0, 1, 1], "texture": "#handle"},
				"east": {"uv": [0, 0, 0.25, 1], "texture": "#handle"},
				"south": {"uv": [0, 0, 1, 1], "texture": "#handle"},
				"west": {"uv": [0, 0, 0.25, 1], "texture": "#handle"},
				"up": {"uv": [0, 0, 1, 0.25], "texture": "#handle"},
				"down": {"uv": [0, 0, 1, 0.25], "texture": "#handle"}
			}
		},
		{
			"from": [7.75, 8.5, 15],
			"to": [8.25, 8.75, 15.25],
			"faces": {
				"north": {"uv": [0, 0, 0.5, 0.25], "texture": "#handle"},
				"east": {"uv": [0, 0, 0.25, 0.25], "texture": "#handle"},
				"south": {"uv": [0, 0, 0.5, 0.25], "texture": "#handle"},
				"west": {"uv": [0, 0, 0.25, 0.25], "texture": "#handle"},
				"up": {"uv": [0, 0, 0.5, 0.25], "texture": "#handle"},
				"down": {"uv": [0, 0, 0.5, 0.25], "texture": "#handle"}
			}
		},
		{
			"from": [7.75, 7.25, 15],
			"to": [8.25, 7.5, 15.25],
			"faces": {
				"north": {"uv": [0, 0, 0.5, 0.25], "texture": "#handle"},
				"east": {"uv": [0, 0, 0.25, 0.25], "texture": "#handle"},
				"south": {"uv": [0, 0, 0.5, 0.25], "texture": "#handle"},
				"west": {"uv": [0, 0, 0.25, 0.25], "texture": "#handle"},
				"up": {"uv": [0, 0, 0.5, 0.25], "texture": "#handle"},
				"down": {"uv": [0, 0, 0.5, 0.25], "texture": "#handle"}
			}
		},
		{
			"from": [7.25, 7.75, 15],
			"to": [7.5, 8.25, 15.25],
			"faces": {
				"north": {"uv": [0, 0, 0.25, 0.5], "texture": "#handle"},
				"east": {"uv": [0, 0, 0.25, 0.5], "texture": "#handle"},
				"south": {"uv": [0, 0, 0.25, 0.5], "texture": "#handle"},
				"west": {"uv": [0, 0, 0.25, 0.5], "texture": "#handle"},
				"up": {"uv": [0, 0, 0.25, 0.25], "texture": "#handle"},
				"down": {"uv": [0, 0, 0.25, 0.25], "texture": "#handle"}
			}
		},
		{
			"from": [8.5, 7.75, 15],
			"to": [8.75, 8.25, 15.25],
			"faces": {
				"north": {"uv": [0, 0, 0.25, 0.5], "texture": "#handle"},
				"east": {"uv": [0, 0, 0.25, 0.5], "texture": "#handle"},
				"south": {"uv": [0, 0, 0.25, 0.5], "texture": "#handle"},
				"west": {"uv": [0, 0, 0.25, 0.5], "texture": "#handle"},
				"up": {"uv": [0, 0, 0.25, 0.25], "texture": "#handle"},
				"down": {"uv": [0, 0, 0.25, 0.25], "texture": "#handle"}
			}
		},
		{
			"from": [6.75, 7.5, 14.75],
			"to": [7, 8.5, 15.25],
			"faces": {
				"north": {"uv": [9, 7.5, 9.25, 8.5], "texture": "#side"},
				"east": {"uv": [0.75, 7.5, 1.25, 8.5], "texture": "#side"},
				"south": {"uv": [6.75, 7.5, 7, 8.5], "texture": "#side"},
				"west": {"uv": [14.75, 7.5, 15.25, 8.5], "texture": "#side"},
				"up": {"uv": [6.75, 14.75, 7, 15.25], "texture": "#side"},
				"down": {"uv": [6.75, 0.75, 7, 1.25], "texture": "#side"}
			}
		},
		{
			"from": [9, 7.5, 14.75],
			"to": [9.25, 8.5, 15.25],
			"faces": {
				"north": {"uv": [6.75, 7.5, 7, 8.5], "texture": "#side"},
				"east": {"uv": [0.75, 7.5, 1.25, 8.5], "texture": "#side"},
				"south": {"uv": [9, 7.5, 9.25, 8.5], "texture": "#side"},
				"west": {"uv": [14.75, 7.5, 15.25, 8.5], "texture": "#side"},
				"up": {"uv": [9, 14.75, 9.25, 15.25], "texture": "#side"},
				"down": {"uv": [9, 0.75, 9.25, 1.25], "texture": "#side"}
			}
		},
		{
			"from": [8.75, 8.5, 14.75],
			"to": [9, 8.75, 15.25],
			"faces": {
				"north": {"uv": [7, 7.25, 7.25, 7.5], "texture": "#side"},
				"east": {"uv": [0.75, 7.25, 1.25, 7.5], "texture": "#side"},
				"south": {"uv": [8.75, 7.25, 9, 7.5], "texture": "#side"},
				"west": {"uv": [14.75, 7.25, 15.25, 7.5], "texture": "#side"},
				"up": {"uv": [8.75, 14.75, 9, 15.25], "texture": "#side"},
				"down": {"uv": [8.75, 0.75, 9, 1.25], "texture": "#side"}
			}
		},
		{
			"from": [8.75, 7.25, 14.75],
			"to": [9, 7.5, 15.25],
			"faces": {
				"north": {"uv": [7, 8.5, 7.25, 8.75], "texture": "#side"},
				"east": {"uv": [0.75, 8.5, 1.25, 8.75], "texture": "#side"},
				"south": {"uv": [8.75, 8.5, 9, 8.75], "texture": "#side"},
				"west": {"uv": [14.75, 8.5, 15.25, 8.75], "texture": "#side"},
				"up": {"uv": [8.75, 14.75, 9, 15.25], "texture": "#side"},
				"down": {"uv": [8.75, 0.75, 9, 1.25], "texture": "#side"}
			}
		},
		{
			"from": [7, 7.25, 14.75],
			"to": [7.25, 7.5, 15.25],
			"faces": {
				"north": {"uv": [8.75, 8.5, 9, 8.75], "texture": "#side"},
				"east": {"uv": [0.75, 8.5, 1.25, 8.75], "texture": "#side"},
				"south": {"uv": [7, 8.5, 7.25, 8.75], "texture": "#side"},
				"west": {"uv": [14.75, 8.5, 15.25, 8.75], "texture": "#side"},
				"up": {"uv": [7, 14.75, 7.25, 15.25], "texture": "#side"},
				"down": {"uv": [7, 0.75, 7.25, 1.25], "texture": "#side"}
			}
		},
		{
			"from": [7, 8.5, 14.75],
			"to": [7.25, 8.75, 15.25],
			"faces": {
				"north": {"uv": [8.75, 7.25, 9, 7.5], "texture": "#side"},
				"east": {"uv": [0.75, 7.25, 1.25, 7.5], "texture": "#side"},
				"south": {"uv": [7, 7.25, 7.25, 7.5], "texture": "#side"},
				"west": {"uv": [14.75, 7.25, 15.25, 7.5], "texture": "#side"},
				"up": {"uv": [7, 14.75, 7.25, 15.25], "texture": "#side"},
				"down": {"uv": [7, 0.75, 7.25, 1.25], "texture": "#side"}
			}
		},
		{
			"from": [7.25, 8.75, 14.75],
			"to": [7.5, 9, 15.25],
			"faces": {
				"north": {"uv": [8.5, 7, 8.75, 7.25], "texture": "#side"},
				"east": {"uv": [0.75, 7, 1.25, 7.25], "texture": "#side"},
				"south": {"uv": [7.25, 7, 7.5, 7.25], "texture": "#side"},
				"west": {"uv": [14.75, 7, 15.25, 7.25], "texture": "#side"},
				"up": {"uv": [7.25, 14.75, 7.5, 15.25], "texture": "#side"},
				"down": {"uv": [7.25, 0.75, 7.5, 1.25], "texture": "#side"}
			}
		},
		{
			"from": [8.5, 8.75, 14.75],
			"to": [8.75, 9, 15.25],
			"faces": {
				"north": {"uv": [7.25, 7, 7.5, 7.25], "texture": "#side"},
				"east": {"uv": [0.75, 7, 1.25, 7.25], "texture": "#side"},
				"south": {"uv": [8.5, 7, 8.75, 7.25], "texture": "#side"},
				"west": {"uv": [14.75, 7, 15.25, 7.25], "texture": "#side"},
				"up": {"uv": [8.5, 14.75, 8.75, 15.25], "texture": "#side"},
				"down": {"uv": [8.5, 0.75, 8.75, 1.25], "texture": "#side"}
			}
		},
		{
			"from": [8.5, 7, 14.75],
			"to": [8.75, 7.25, 15.25],
			"faces": {
				"north": {"uv": [7.25, 8.75, 7.5, 9], "texture": "#side"},
				"east": {"uv": [0.75, 8.75, 1.25, 9], "texture": "#side"},
				"south": {"uv": [8.5, 8.75, 8.75, 9], "texture": "#side"},
				"west": {"uv": [14.75, 8.75, 15.25, 9], "texture": "#side"},
				"up": {"uv": [8.5, 14.75, 8.75, 15.25], "texture": "#side"},
				"down": {"uv": [8.5, 0.75, 8.75, 1.25], "texture": "#side"}
			}
		},
		{
			"from": [7.25, 7, 14.75],
			"to": [7.5, 7.25, 15.25],
			"faces": {
				"north": {"uv": [8.5, 8.75, 8.75, 9], "texture": "#side"},
				"east": {"uv": [0.75, 8.75, 1.25, 9], "texture": "#side"},
				"south": {"uv": [7.25, 8.75, 7.5, 9], "texture": "#side"},
				"west": {"uv": [14.75, 8.75, 15.25, 9], "texture": "#side"},
				"up": {"uv": [7.25, 14.75, 7.5, 15.25], "texture": "#side"},
				"down": {"uv": [7.25, 0.75, 7.5, 1.25], "texture": "#side"}
			}
		},
		{
			"from": [7.5, 6.75, 14.75],
			"to": [8.5, 7, 15.25],
			"faces": {
				"north": {"uv": [7.5, 9, 8.5, 9.25], "texture": "#side"},
				"east": {"uv": [0.75, 9, 1.25, 9.25], "texture": "#side"},
				"south": {"uv": [7.5, 9, 8.5, 9.25], "texture": "#side"},
				"west": {"uv": [14.75, 9, 15.25, 9.25], "texture": "#side"},
				"up": {"uv": [7.5, 14.75, 8.5, 15.25], "texture": "#side"},
				"down": {"uv": [7.5, 0.75, 8.5, 1.25], "texture": "#side"}
			}
		},
		{
			"from": [7.5, 9, 14.75],
			"to": [8.5, 9.25, 15.25],
			"faces": {
				"north": {"uv": [7.5, 6.75, 8.5, 7], "texture": "#side"},
				"east": {"uv": [0.75, 6.75, 1.25, 7], "texture": "#side"},
				"south": {"uv": [7.5, 6.75, 8.5, 7], "texture": "#side"},
				"west": {"uv": [14.75, 6.75, 15.25, 7], "texture": "#side"},
				"up": {"uv": [7.5, 14.75, 8.5, 15.25], "texture": "#side"},
				"down": {"uv": [7.5, 0.75, 8.5, 1.25], "texture": "#side"}
			}
		}
	]
}