{
	"parent": "block/cube",
	"ambientocclusion": false,
	"textures": {
    "base": "rsgauges:blocks/common/darkmachinemetal",
    "side":  "rsgauges:blocks/common/darkgraymetal",
    "handle": "rsgauges:blocks/common/iestylewood",
		"particle": "rsgauges:blocks/common/darkgraymetal"
	},
	"elements": [
		{
			"from": [5, 5, 15.5],
			"to": [11, 11, 16],
			"faces": {
				"north": {"uv": [5, 5, 11, 11], "texture": "#side"},
				"east": {"uv": [0, 5, 0.5, 11], "texture": "#base"},
				"south": {"uv": [5, 5, 11, 11], "texture": "#base"},
				"west": {"uv": [15.5, 5, 16, 11], "texture": "#base"},
				"up": {"uv": [5, 15.5, 11, 16], "texture": "#base"},
				"down": {"uv": [5, 0, 11, 0.5], "texture": "#base"}
			}
		},
		{
			"from": [10, 5.25, 15.25],
			"to": [10.75, 10.75, 15.5],
			"faces": {
				"north": {"uv": [5.25, 5.25, 6, 10.75], "texture": "#base"},
				"east": {"uv": [0.5, 5.25, 0.75, 10.75], "texture": "#base"},
				"south": {"uv": [10, 5.25, 10.75, 10.75], "texture": "#base"},
				"west": {"uv": [15.25, 5.25, 15.5, 10.75], "texture": "#base"},
				"up": {"uv": [10, 15.25, 10.75, 15.5], "texture": "#base"},
				"down": {"uv": [10, 0.5, 10.75, 0.75], "texture": "#base"}
			}
		},
		{
			"from": [5.25, 5.25, 15.25],
			"to": [7, 10.75, 15.5],
			"faces": {
				"north": {"uv": [7.5, 5.25, 10.75, 10.75], "texture": "#base"},
				"east": {"uv": [0.5, 5.25, 0.75, 10.75], "texture": "#base"},
				"south": {"uv": [5.25, 5.25, 8.5, 10.75], "texture": "#base"},
				"west": {"uv": [15.25, 5.25, 15.5, 10.75], "texture": "#base"},
				"up": {"uv": [5.25, 15.25, 8.5, 15.5], "texture": "#base"},
				"down": {"uv": [5.25, 0.5, 8.5, 0.75], "texture": "#base"}
			}
		},
		{
			"from": [8.5, 9, 15.25],
			"to": [10, 10.75, 15.5],
			"faces": {
				"north": {"uv": [6, 5.25, 7.5, 7], "texture": "#base"},
				"east": {"uv": [0.5, 5.25, 0.75, 7], "texture": "#base"},
				"south": {"uv": [8.5, 5.25, 10, 7], "texture": "#base"},
				"west": {"uv": [15.25, 5.25, 15.5, 7], "texture": "#base"},
				"up": {"uv": [8.5, 15.25, 10, 15.5], "texture": "#base"},
				"down": {"uv": [8.5, 0.5, 10, 0.75], "texture": "#base"}
			}
		},
		{
			"from": [8.5, 5.25, 15.25],
			"to": [10, 7, 15.5],
			"faces": {
				"north": {"uv": [6, 9, 7.5, 10.75], "texture": "#base"},
				"east": {"uv": [0.5, 9, 0.75, 10.75], "texture": "#base"},
				"south": {"uv": [8.5, 9, 10, 10.75], "texture": "#base"},
				"west": {"uv": [15.25, 9, 15.5, 10.75], "texture": "#base"},
				"up": {"uv": [8.5, 15.25, 10, 15.5], "texture": "#base"},
				"down": {"uv": [8.5, 0.5, 10, 0.75], "texture": "#base"}
			}
		},
		{
			"from": [9, 7.25, 11],
			"to": [9.5, 8.75, 15.5],
			"faces": {
				"north": {"uv": [6.5, 7.25, 7, 8.75], "texture": "#side"},
				"east": {"uv": [0.5, 7.25, 5, 8.75], "texture": "#base"},
				"south": {"uv": [9, 7.25, 9.5, 8.75], "texture": "#base"},
				"west": {"uv": [11, 7.25, 15.5, 8.75], "texture": "#base"},
				"up": {"uv": [9, 11, 9.5, 15.5], "texture": "#base"},
				"down": {"uv": [9, 0.5, 9.5, 5], "texture": "#base"}
			}
		},
		{
			"from": [9, 7.5, 10.75],
			"to": [9.5, 8.5, 11],
			"faces": {
				"north": {"uv": [6.5, 7.5, 7, 8.5], "texture": "#side"},
				"east": {"uv": [5, 7.5, 5.25, 8.5], "texture": "#base"},
				"south": {"uv": [9, 7.5, 9.5, 8.5], "texture": "#base"},
				"west": {"uv": [10.75, 7.5, 11, 8.5], "texture": "#base"},
				"up": {"uv": [9, 10.75, 9.5, 11], "texture": "#base"},
				"down": {"uv": [9, 5, 9.5, 5.25], "texture": "#base"}
			}
		},
		{
			"from": [9, 7.75, 10.5],
			"to": [9.5, 8.25, 10.75],
			"faces": {
				"north": {"uv": [6.5, 7.75, 7, 8.25], "texture": "#side"},
				"east": {"uv": [5.25, 7.75, 5.5, 8.25], "texture": "#base"},
				"south": {"uv": [9, 7.75, 9.5, 8.25], "texture": "#base"},
				"west": {"uv": [10.5, 7.75, 10.75, 8.25], "texture": "#base"},
				"up": {"uv": [9, 10.5, 9.5, 10.75], "texture": "#base"},
				"down": {"uv": [9, 5.25, 9.5, 5.5], "texture": "#base"}
			}
		},
		{
			"from": [9.5, 7.5, 11.25],
			"to": [9.75, 8.5, 15.5],
			"faces": {
				"north": {"uv": [6.25, 7.5, 6.5, 8.5], "texture": "#side"},
				"east": {"uv": [0.5, 7.5, 4.75, 8.5], "texture": "#base"},
				"south": {"uv": [9.5, 7.5, 9.75, 8.5], "texture": "#base"},
				"west": {"uv": [11.25, 7.5, 15.5, 8.5], "texture": "#base"},
				"up": {"uv": [9.5, 11.25, 9.75, 15.5], "texture": "#base"},
				"down": {"uv": [9.5, 0.5, 9.75, 4.75], "texture": "#base"}
			}
		},
		{
			"from": [8.75, 7.5, 12],
			"to": [9, 8.5, 15.5],
			"faces": {
				"north": {"uv": [7, 7.5, 7.25, 8.5], "texture": "#side"},
				"east": {"uv": [0.5, 7.5, 4, 8.5], "texture": "#base"},
				"south": {"uv": [8.75, 7.5, 9, 8.5], "texture": "#base"},
				"west": {"uv": [12, 7.5, 15.5, 8.5], "texture": "#base"},
				"up": {"uv": [8.75, 12, 9, 15.5], "texture": "#base"},
				"down": {"uv": [8.75, 0.5, 9, 4], "texture": "#base"}
			}
		},
		{
			"from": [4, 7.5, 10.75],
			"to": [9, 8.5, 11.75],
			"faces": {
				"north": {"uv": [7, 7.5, 12, 8.5], "texture": "#handle"},
				"east": {"uv": [4.25, 7.5, 5.25, 8.5], "texture": "#handle"},
				"south": {"uv": [4, 7.5, 9, 8.5], "texture": "#handle"},
				"west": {"uv": [10.75, 7.5, 11.75, 8.5], "texture": "#handle"},
				"up": {"uv": [4, 10.75, 9, 11.75], "texture": "#handle"},
				"down": {"uv": [4, 4.25, 9, 5.25], "texture": "#handle"}
			}
		},
		{
			"from": [4, 7.75, 10.5],
			"to": [9, 8.25, 10.75],
			"faces": {
				"north": {"uv": [7, 7.75, 12, 8.25], "texture": "#handle"},
				"east": {"uv": [5.25, 7.75, 5.5, 8.25], "texture": "#handle"},
				"south": {"uv": [4, 7.75, 9, 8.25], "texture": "#handle"},
				"west": {"uv": [10.5, 7.75, 10.75, 8.25], "texture": "#handle"},
				"up": {"uv": [4, 10.5, 9, 10.75], "texture": "#handle"},
				"down": {"uv": [4, 5.25, 9, 5.5], "texture": "#handle"}
			}
		},
		{
			"from": [4, 8.5, 11],
			"to": [9, 8.75, 11.5],
			"faces": {
				"north": {"uv": [7, 7.25, 12, 7.5], "texture": "#handle"},
				"east": {"uv": [4.5, 7.25, 5, 7.5], "texture": "#handle"},
				"south": {"uv": [4, 7.25, 9, 7.5], "texture": "#handle"},
				"west": {"uv": [11, 7.25, 11.5, 7.5], "texture": "#handle"},
				"up": {"uv": [4, 11, 9, 11.5], "texture": "#handle"},
				"down": {"uv": [4, 4.5, 9, 5], "texture": "#handle"}
			}
		},
		{
			"from": [4, 7.25, 11],
			"to": [9, 7.5, 11.5],
			"faces": {
				"north": {"uv": [7, 8.5, 12, 8.75], "texture": "#handle"},
				"east": {"uv": [4.5, 8.5, 5, 8.75], "texture": "#handle"},
				"south": {"uv": [4, 8.5, 9, 8.75], "texture": "#handle"},
				"west": {"uv": [11, 8.5, 11.5, 8.75], "texture": "#handle"},
				"up": {"uv": [4, 11, 9, 11.5], "texture": "#handle"},
				"down": {"uv": [4, 4.5, 9, 5], "texture": "#handle"}
			}
		},
		{
			"from": [4, 7.75, 11.75],
			"to": [9, 8.25, 12],
			"faces": {
				"north": {"uv": [7, 7.75, 12, 8.25], "texture": "#handle"},
				"east": {"uv": [4, 7.75, 4.25, 8.25], "texture": "#handle"},
				"south": {"uv": [4, 7.75, 9, 8.25], "texture": "#handle"},
				"west": {"uv": [11.75, 7.75, 12, 8.25], "texture": "#handle"},
				"up": {"uv": [4, 11.75, 9, 12], "texture": "#handle"},
				"down": {"uv": [4, 4, 9, 4.25], "texture": "#handle"}
			}
		},
		{
			"from": [4.75, 5.25, 15.5],
			"to": [5, 10.75, 16],
			"faces": {
				"north": {"uv": [11, 5.25, 11.25, 10.75], "texture": "#side"},
				"east": {"uv": [0, 5.25, 0.5, 10.75], "texture": "#base"},
				"south": {"uv": [4.75, 5.25, 5, 10.75], "texture": "#base"},
				"west": {"uv": [15.5, 5.25, 16, 10.75], "texture": "#base"},
				"up": {"uv": [4.75, 15.5, 5, 16], "texture": "#base"},
				"down": {"uv": [4.75, 0, 5, 0.5], "texture": "#base"}
			}
		},
		{
			"from": [11, 5.25, 15.5],
			"to": [11.25, 10.75, 16],
			"faces": {
				"north": {"uv": [4.75, 5.25, 5, 10.75], "texture": "#side"},
				"east": {"uv": [0, 5.25, 0.5, 10.75], "texture": "#base"},
				"south": {"uv": [11, 5.25, 11.25, 10.75], "texture": "#base"},
				"west": {"uv": [15.5, 5.25, 16, 10.75], "texture": "#base"},
				"up": {"uv": [11, 15.5, 11.25, 16], "texture": "#base"},
				"down": {"uv": [11, 0, 11.25, 0.5], "texture": "#base"}
			}
		},
		{
			"from": [5.25, 11, 15.5],
			"to": [10.75, 11.25, 16],
			"faces": {
				"north": {"uv": [5.25, 4.75, 10.75, 5], "texture": "#side"},
				"east": {"uv": [0, 4.75, 0.5, 5], "texture": "#base"},
				"south": {"uv": [5.25, 4.75, 10.75, 5], "texture": "#base"},
				"west": {"uv": [15.5, 4.75, 16, 5], "texture": "#base"},
				"up": {"uv": [5.25, 15.5, 10.75, 16], "texture": "#base"},
				"down": {"uv": [5.25, 0, 10.75, 0.5], "texture": "#base"}
			}
		},
		{
			"from": [5.25, 4.75, 15.5],
			"to": [10.75, 5, 16],
			"faces": {
				"north": {"uv": [5.25, 11, 10.75, 11.25], "texture": "#side"},
				"east": {"uv": [0, 11, 0.5, 11.25], "texture": "#base"},
				"south": {"uv": [5.25, 11, 10.75, 11.25], "texture": "#base"},
				"west": {"uv": [15.5, 11, 16, 11.25], "texture": "#base"},
				"up": {"uv": [5.25, 15.5, 10.75, 16], "texture": "#base"},
				"down": {"uv": [5.25, 0, 10.75, 0.5], "texture": "#base"}
			}
		},
		{
			"from": [5.5, 10.75, 15.25],
			"to": [10.5, 11, 15.5],
			"faces": {
				"north": {"uv": [5.5, 5, 10.5, 5.25], "texture": "#base"},
				"east": {"uv": [0.5, 5, 0.75, 5.25], "texture": "#base"},
				"south": {"uv": [5.5, 5, 10.5, 5.25], "texture": "#base"},
				"west": {"uv": [15.25, 5, 15.5, 5.25], "texture": "#base"},
				"up": {"uv": [5.5, 15.25, 10.5, 15.5], "texture": "#base"},
				"down": {"uv": [5.5, 0.5, 10.5, 0.75], "texture": "#base"}
			}
		},
		{
			"from": [5.5, 5, 15.25],
			"to": [10.5, 5.25, 15.5],
			"faces": {
				"north": {"uv": [5.5, 10.75, 10.5, 11], "texture": "#base"},
				"east": {"uv": [0.5, 10.75, 0.75, 11], "texture": "#base"},
				"south": {"uv": [5.5, 10.75, 10.5, 11], "texture": "#base"},
				"west": {"uv": [15.25, 10.75, 15.5, 11], "texture": "#base"},
				"up": {"uv": [5.5, 15.25, 10.5, 15.5], "texture": "#base"},
				"down": {"uv": [5.5, 0.5, 10.5, 0.75], "texture": "#base"}
			}
		},
		{
			"from": [10.75, 5.5, 15.25],
			"to": [11, 10.5, 15.5],
			"faces": {
				"north": {"uv": [5, 5.5, 5.25, 10.5], "texture": "#base"},
				"east": {"uv": [0.5, 5.5, 0.75, 10.5], "texture": "#base"},
				"south": {"uv": [10.75, 5.5, 11, 10.5], "texture": "#base"},
				"west": {"uv": [15.25, 5.5, 15.5, 10.5], "texture": "#base"},
				"up": {"uv": [10.75, 15.25, 11, 15.5], "texture": "#base"},
				"down": {"uv": [10.75, 0.5, 11, 0.75], "texture": "#base"}
			}
		},
		{
			"from": [5, 5.5, 15.25],
			"to": [5.25, 10.5, 15.5],
			"faces": {
				"north": {"uv": [10.75, 5.5, 11, 10.5], "texture": "#base"},
				"east": {"uv": [0.5, 5.5, 0.75, 10.5], "texture": "#base"},
				"south": {"uv": [5, 5.5, 5.25, 10.5], "texture": "#base"},
				"west": {"uv": [15.25, 5.5, 15.5, 10.5], "texture": "#base"},
				"up": {"uv": [5, 15.25, 5.25, 15.5], "texture": "#base"},
				"down": {"uv": [5, 0.5, 5.25, 0.75], "texture": "#base"}
			}
		},
		{
			"from": [3.75, 7.5, 10.75],
			"to": [4, 8.5, 11.75],
			"faces": {
				"north": {"uv": [12, 7.5, 12.25, 8.5], "texture": "#side"},
				"east": {"uv": [4.25, 7.5, 5.25, 8.5], "texture": "#base"},
				"south": {"uv": [3.75, 7.5, 4, 8.5], "texture": "#base"},
				"west": {"uv": [10.75, 7.5, 11.75, 8.5], "texture": "#base"},
				"up": {"uv": [3.75, 10.75, 4, 11.75], "texture": "#base"},
				"down": {"uv": [3.75, 4.25, 4, 5.25], "texture": "#base"}
			}
		},
		{
			"from": [3.5, 7.75, 11],
			"to": [3.75, 8.25, 11.5],
			"faces": {
				"north": {"uv": [12.25, 7.75, 12.5, 8.25], "texture": "#side"},
				"east": {"uv": [4.5, 7.75, 5, 8.25], "texture": "#base"},
				"south": {"uv": [3.5, 7.75, 3.75, 8.25], "texture": "#base"},
				"west": {"uv": [11, 7.75, 11.5, 8.25], "texture": "#base"},
				"up": {"uv": [3.5, 11, 3.75, 11.5], "texture": "#base"},
				"down": {"uv": [3.5, 4.5, 3.75, 5], "texture": "#base"}
			}
		},
		{
			"from": [9.5, 7.75, 11],
			"to": [9.75, 8.25, 11.25],
			"faces": {
				"north": {"uv": [6.25, 7.75, 6.5, 8.25], "texture": "#side"},
				"east": {"uv": [4.75, 7.75, 5, 8.25], "texture": "#base"},
				"south": {"uv": [9.5, 7.75, 9.75, 8.25], "texture": "#base"},
				"west": {"uv": [11, 7.75, 11.25, 8.25], "texture": "#base"},
				"up": {"uv": [9.5, 11, 9.75, 11.25], "texture": "#base"},
				"down": {"uv": [9.5, 4.75, 9.75, 5], "texture": "#base"}
			}
		},
		{
			"from": [7.5, 7.75, 13.5],
			"to": [8.75, 8.25, 14],
			"faces": {
				"north": {"uv": [7.25, 7.75, 8.5, 8.25], "texture": "#side"},
				"east": {"uv": [2, 7.75, 2.5, 8.25], "texture": "#side"},
				"south": {"uv": [7.5, 7.75, 8.75, 8.25], "texture": "#side"},
				"west": {"uv": [13.5, 7.75, 14, 8.25], "texture": "#side"},
				"up": {"uv": [7.5, 13.5, 8.75, 14], "texture": "#side"},
				"down": {"uv": [7.5, 2, 8.75, 2.5], "texture": "#side"}
			}
		},
		{
			"from": [7.5, 7.75, 14],
			"to": [7.75, 8, 14.25],
			"faces": {
				"north": {"uv": [8.25, 8, 8.5, 8.25], "texture": "#side"},
				"east": {"uv": [1.75, 8, 2, 8.25], "texture": "#side"},
				"south": {"uv": [7.5, 8, 7.75, 8.25], "texture": "#side"},
				"west": {"uv": [14, 8, 14.25, 8.25], "texture": "#side"},
				"up": {"uv": [7.5, 14, 7.75, 14.25], "texture": "#side"},
				"down": {"uv": [7.5, 1.75, 7.75, 2], "texture": "#side"}
			}
		},
		{
			"from": [7.25, 8, 14.25],
			"to": [7.75, 8.25, 14.5],
			"faces": {
				"north": {"uv": [8.25, 7.75, 8.75, 8], "texture": "#side"},
				"east": {"uv": [1.5, 7.75, 1.75, 8], "texture": "#side"},
				"south": {"uv": [7.25, 7.75, 7.75, 8], "texture": "#side"},
				"west": {"uv": [14.25, 7.75, 14.5, 8], "texture": "#side"},
				"up": {"uv": [7.25, 14.25, 7.75, 14.5], "texture": "#side"},
				"down": {"uv": [7.25, 1.5, 7.75, 1.75], "texture": "#side"}
			}
		},
		{
			"from": [7.25, 7.75, 14.25],
			"to": [7.5, 8, 14.75],
			"faces": {
				"north": {"uv": [8.5, 8, 8.75, 8.25], "texture": "#side"},
				"east": {"uv": [1.25, 8, 1.75, 8.25], "texture": "#side"},
				"south": {"uv": [7.25, 8, 7.5, 8.25], "texture": "#side"},
				"west": {"uv": [14.25, 8, 14.75, 8.25], "texture": "#side"},
				"up": {"uv": [7.25, 14.25, 7.5, 14.75], "texture": "#side"},
				"down": {"uv": [7.25, 1.25, 7.5, 1.75], "texture": "#side"}
			}
		},
		{
			"from": [7.25, 7.75, 14.75],
			"to": [7.75, 8, 15],
			"faces": {
				"north": {"uv": [8.25, 8, 8.75, 8.25], "texture": "#side"},
				"east": {"uv": [1, 8, 1.25, 8.25], "texture": "#side"},
				"south": {"uv": [7.25, 8, 7.75, 8.25], "texture": "#side"},
				"west": {"uv": [14.75, 8, 15, 8.25], "texture": "#side"},
				"up": {"uv": [7.25, 14.75, 7.75, 15], "texture": "#side"},
				"down": {"uv": [7.25, 1, 7.75, 1.25], "texture": "#side"}
			}
		},
		{
			"from": [7.5, 7.75, 15],
			"to": [7.75, 8.25, 15.25],
			"faces": {
				"north": {"uv": [8.25, 7.75, 8.5, 8.25], "texture": "#side"},
				"east": {"uv": [0.75, 7.75, 1, 8.25], "texture": "#side"},
				"south": {"uv": [7.5, 7.75, 7.75, 8.25], "texture": "#side"},
				"west": {"uv": [15, 7.75, 15.25, 8.25], "texture": "#side"},
				"up": {"uv": [7.5, 15, 7.75, 15.25], "texture": "#side"},
				"down": {"uv": [7.5, 0.75, 7.75, 1], "texture": "#side"}
			}
		},
		{
			"from": [7, 8.5, 15.25],
			"to": [8.5, 10.75, 15.5],
			"faces": {
				"north": {"uv": [7.5, 5.25, 10.75, 10.75], "texture": "#base"},
				"east": {"uv": [0.5, 5.25, 0.75, 10.75], "texture": "#base"},
				"south": {"uv": [5.25, 5.25, 8.5, 10.75], "texture": "#base"},
				"west": {"uv": [15.25, 5.25, 15.5, 10.75], "texture": "#base"},
				"up": {"uv": [5.25, 15.25, 8.5, 15.5], "texture": "#base"},
				"down": {"uv": [5.25, 0.5, 8.5, 0.75], "texture": "#base"}
			}
		},
		{
			"from": [7, 5.25, 15.25],
			"to": [8.5, 7, 15.5],
			"faces": {
				"north": {"uv": [7.5, 5.25, 10.75, 10.75], "texture": "#base"},
				"east": {"uv": [0.5, 5.25, 0.75, 10.75], "texture": "#base"},
				"south": {"uv": [5.25, 5.25, 8.5, 10.75], "texture": "#base"},
				"west": {"uv": [15.25, 5.25, 15.5, 10.75], "texture": "#base"},
				"up": {"uv": [5.25, 15.25, 8.5, 15.5], "texture": "#base"},
				"down": {"uv": [5.25, 0.5, 8.5, 0.75], "texture": "#base"}
			}
		},
		{
			"from": [8.25, 7, 15.25],
			"to": [8.5, 8.5, 15.5],
			"faces": {
				"north": {"uv": [7.5, 5.25, 10.75, 10.75], "texture": "#base"},
				"east": {"uv": [0.5, 5.25, 0.75, 10.75], "texture": "#base"},
				"south": {"uv": [5.25, 5.25, 8.5, 10.75], "texture": "#base"},
				"west": {"uv": [15.25, 5.25, 15.5, 10.75], "texture": "#base"},
				"up": {"uv": [5.25, 15.25, 8.5, 15.5], "texture": "#base"},
				"down": {"uv": [5.25, 0.5, 8.5, 0.75], "texture": "#base"}
			}
		},
		{
			"from": [5.5, 9.25, 14.75],
			"to": [10.5, 10.5, 15.25],
			"faces": {
				"north": {"uv": [5, 5, 11, 11], "texture": "#side"},
				"east": {"uv": [0, 5, 0.5, 11], "texture": "#base"},
				"south": {"uv": [5, 5, 11, 11], "texture": "#base"},
				"west": {"uv": [15.5, 5, 16, 11], "texture": "#base"},
				"up": {"uv": [5, 15.5, 11, 16], "texture": "#base"},
				"down": {"uv": [5, 0, 11, 0.5], "texture": "#base"}
			}
		},
		{
			"from": [5.5, 5.5, 14.75],
			"to": [10.5, 6.75, 15.25],
			"faces": {
				"north": {"uv": [5, 5, 11, 11], "texture": "#side"},
				"east": {"uv": [0, 5, 0.5, 11], "texture": "#base"},
				"south": {"uv": [5, 5, 11, 11], "texture": "#base"},
				"west": {"uv": [15.5, 5, 16, 11], "texture": "#base"},
				"up": {"uv": [5, 15.5, 11, 16], "texture": "#base"},
				"down": {"uv": [5, 0, 11, 0.5], "texture": "#base"}
			}
		},
		{
			"from": [5.5, 6.75, 14.75],
			"to": [7, 9.25, 15.25],
			"faces": {
				"north": {"uv": [5, 5, 11, 11], "texture": "#side"},
				"east": {"uv": [0, 5, 0.5, 11], "texture": "#base"},
				"south": {"uv": [5, 5, 11, 11], "texture": "#base"},
				"west": {"uv": [15.5, 5, 16, 11], "texture": "#base"},
				"up": {"uv": [5, 15.5, 11, 16], "texture": "#base"},
				"down": {"uv": [5, 0, 11, 0.5], "texture": "#base"}
			}
		},
		{
			"from": [10.25, 6.75, 14.75],
			"to": [10.5, 9.25, 15.25],
			"faces": {
				"north": {"uv": [5, 5, 11, 11], "texture": "#side"},
				"east": {"uv": [0, 5, 0.5, 11], "texture": "#base"},
				"south": {"uv": [5, 5, 11, 11], "texture": "#base"},
				"west": {"uv": [15.5, 5, 16, 11], "texture": "#base"},
				"up": {"uv": [5, 15.5, 11, 16], "texture": "#base"},
				"down": {"uv": [5, 0, 11, 0.5], "texture": "#base"}
			}
		},
		{
			"from": [5.75, 10.5, 14.75],
			"to": [10.25, 10.75, 15.25],
			"faces": {
				"north": {"uv": [5, 5, 11, 11], "texture": "#side"},
				"east": {"uv": [0, 5, 0.5, 11], "texture": "#base"},
				"south": {"uv": [5, 5, 11, 11], "texture": "#base"},
				"west": {"uv": [15.5, 5, 16, 11], "texture": "#base"},
				"up": {"uv": [5, 15.5, 11, 16], "texture": "#base"},
				"down": {"uv": [5, 0, 11, 0.5], "texture": "#base"}
			}
		},
		{
			"from": [5.25, 5.75, 14.75],
			"to": [5.5, 10.25, 15.25],
			"faces": {
				"north": {"uv": [5, 5, 11, 11], "texture": "#side"},
				"east": {"uv": [0, 5, 0.5, 11], "texture": "#base"},
				"south": {"uv": [5, 5, 11, 11], "texture": "#base"},
				"west": {"uv": [15.5, 5, 16, 11], "texture": "#base"},
				"up": {"uv": [5, 15.5, 11, 16], "texture": "#base"},
				"down": {"uv": [5, 0, 11, 0.5], "texture": "#base"}
			}
		},
		{
			"from": [5.75, 5.25, 14.75],
			"to": [10.25, 5.5, 15.25],
			"faces": {
				"north": {"uv": [5, 5, 11, 11], "texture": "#side"},
				"east": {"uv": [0, 5, 0.5, 11], "texture": "#base"},
				"south": {"uv": [5, 5, 11, 11], "texture": "#base"},
				"west": {"uv": [15.5, 5, 16, 11], "texture": "#base"},
				"up": {"uv": [5, 15.5, 11, 16], "texture": "#base"},
				"down": {"uv": [5, 0, 11, 0.5], "texture": "#base"}
			}
		},
		{
			"from": [10.5, 5.75, 14.75],
			"to": [10.75, 10.25, 15.25],
			"faces": {
				"north": {"uv": [5, 5, 11, 11], "texture": "#side"},
				"east": {"uv": [0, 5, 0.5, 11], "texture": "#base"},
				"south": {"uv": [5, 5, 11, 11], "texture": "#base"},
				"west": {"uv": [15.5, 5, 16, 11], "texture": "#base"},
				"up": {"uv": [5, 15.5, 11, 16], "texture": "#base"},
				"down": {"uv": [5, 0, 11, 0.5], "texture": "#base"}
			}
		}
	],
	"display": {
		"thirdperson_righthand": {
			"rotation": [0, 176, 94],
			"translation": [0, 0, 2.5],
			"scale": [0.7, 0.7, 0.7]
		},
		"firstperson_righthand": {
			"rotation": [0, 88, 0],
			"translation": [-1.5, 0, 0],
			"scale": [0.6, 0.6, 0.6]
		},
		"ground": {
			"translation": [0, 0.75, -4],
			"scale": [0.6, 0.6, 0.6]
		},
		"gui": {
			"rotation": [30, -135, 0],
			"translation": [5.25, -3.75, 0],
			"scale": [1.4, 1.4, 1.4]
		},
		"fixed": {
			"translation": [0, 0, -8]
		}
	}
}