{
	"parent": "block/cube",
	"ambientocclusion": false,
	"textures": {
		"front": "rsgauges:blocks/automaticswitch/detectorswitch_glass1_front",
		"side": "rsgauges:blocks/common/cleargrayglass",
		"particle": "rsgauges:blocks/common/cleargrayglass",
		"led": "rsgauges:blocks/indicator/indicator_fg_red_off_texture"
	},
	"elements": [
		{
			"from": [5.5, 5.5, 15.75],
			"to": [10.5, 10.5, 16],
			"faces": {
				"north": {"uv": [5.5, 5.5, 10.5, 10.5], "texture": "#front"},
				"east": {"uv": [0, 5.5, 0.25, 10.5], "texture": "#side"},
				"south": {"uv": [5.5, 5.5, 10.5, 10.5], "texture": "#side"},
				"west": {"uv": [15.75, 5.5, 16, 10.5], "texture": "#side"},
				"up": {"uv": [5.5, 15.75, 10.5, 16], "texture": "#side"},
				"down": {"uv": [5.5, 0, 10.5, 0.25], "texture": "#side"}
			}
		},
		{
			"from": [7, 7.25, 15.625],
			"to": [9, 7.625, 15.75],
			"faces": {
				"north": {"uv": [7, 8.375, 9, 8.75], "texture": "#led"},
				"east": {"uv": [0.25, 8.375, 0.375, 8.75], "texture": "#led"},
				"west": {"uv": [15.625, 8.375, 15.75, 8.75], "texture": "#led"},
				"up": {"uv": [7, 15.625, 9, 15.75], "texture": "#led"},
				"down": {"uv": [7, 0.25, 9, 0.375], "texture": "#led"}
			}
		},
		{
			"from": [6.75, 7.375, 15.625],
			"to": [7, 7.5, 15.75],
			"faces": {
				"north": {"uv": [9, 8.5, 9.25, 8.625], "texture": "#led"},
				"east": {"uv": [0.25, 8.5, 0.375, 8.625], "texture": "#led"},
				"west": {"uv": [15.625, 8.5, 15.75, 8.625], "texture": "#led"},
				"up": {"uv": [6.75, 15.625, 7, 15.75], "texture": "#led"},
				"down": {"uv": [6.75, 0.25, 7, 0.375], "texture": "#led"}
			}
		},
		{
			"from": [9, 7.375, 15.625],
			"to": [9.25, 7.5, 15.75],
			"faces": {
				"north": {"uv": [6.75, 8.5, 7, 8.625], "texture": "#led"},
				"east": {"uv": [0.25, 8.5, 0.375, 8.625], "texture": "#led"},
				"west": {"uv": [15.625, 8.5, 15.75, 8.625], "texture": "#led"},
				"up": {"uv": [9, 15.625, 9.25, 15.75], "texture": "#led"},
				"down": {"uv": [9, 0.25, 9.25, 0.375], "texture": "#led"}
			}
		},
		{
			"from": [10.5, 5.5, 15.875],
			"to": [10.625, 10.5, 16],
			"faces": {
				"north": {"uv": [5.375, 5.5, 5.5, 10.5], "texture": "#led"},
				"east": {"uv": [0, 5.5, 0.125, 10.5], "texture": "#led"},
				"south": {"uv": [10.5, 5.5, 10.625, 10.5], "texture": "#led"},
				"west": {"uv": [15.875, 5.5, 16, 10.5], "texture": "#led"},
				"up": {"uv": [10.5, 15.875, 10.625, 16], "texture": "#led"},
				"down": {"uv": [10.5, 0, 10.625, 0.125], "texture": "#led"}
			}
		},
		{
			"from": [5.5, 5.375, 15.875],
			"to": [10.5, 5.5, 16],
			"faces": {
				"north": {"uv": [5.5, 10.5, 10.5, 10.625], "texture": "#led"},
				"east": {"uv": [0, 10.5, 0.125, 10.625], "texture": "#led"},
				"south": {"uv": [5.5, 10.5, 10.5, 10.625], "texture": "#led"},
				"west": {"uv": [15.875, 10.5, 16, 10.625], "texture": "#led"},
				"up": {"uv": [5.5, 15.875, 10.5, 16], "texture": "#led"},
				"down": {"uv": [5.5, 0, 10.5, 0.125], "texture": "#led"}
			}
		},
		{
			"from": [5.5, 10.5, 15.875],
			"to": [10.5, 10.625, 16],
			"faces": {
				"north": {"uv": [5.5, 5.375, 10.5, 5.5], "texture": "#led"},
				"east": {"uv": [0, 5.375, 0.125, 5.5], "texture": "#led"},
				"south": {"uv": [5.5, 5.375, 10.5, 5.5], "texture": "#led"},
				"west": {"uv": [15.875, 5.375, 16, 5.5], "texture": "#led"},
				"up": {"uv": [5.5, 15.875, 10.5, 16], "texture": "#led"},
				"down": {"uv": [5.5, 0, 10.5, 0.125], "texture": "#led"}
			}
		},
		{
			"from": [5.375, 5.5, 15.875],
			"to": [5.5, 10.5, 16],
			"faces": {
				"north": {"uv": [10.5, 5.5, 10.625, 10.5], "texture": "#led"},
				"east": {"uv": [0, 5.5, 0.125, 10.5], "texture": "#led"},
				"south": {"uv": [5.375, 5.5, 5.5, 10.5], "texture": "#led"},
				"west": {"uv": [15.875, 5.5, 16, 10.5], "texture": "#led"},
				"up": {"uv": [5.375, 15.875, 5.5, 16], "texture": "#led"},
				"down": {"uv": [5.375, 0, 5.5, 0.125], "texture": "#led"}
			}
		}
	],
	"display": {
		"thirdperson_righthand": {
			"rotation": [-8, 80, 46],
			"translation": [-5.25, -0.5, -2],
			"scale": [0.75, 0.75, 0.75]
		},
		"firstperson_righthand": {
			"rotation": [3, 74, 0],
			"translation": [-2, -1, -3.25],
			"scale": [0.75, 0.75, 0.75]
		},
		"ground": {
			"translation": [0, -1.5, -5.25],
			"scale": [0.6, 0.6, 0.6]
		},
		"gui": {
			"rotation": [0, 180, 0],
			"scale": [3, 3, 3]
		},
		"fixed": {
			"translation": [0, 0, -9.5],
			"scale": [1.2, 1.2, 1.2]
		}
	}
}