{
  "forge_marker": 1,
  "defaults": {
    "model": "rsgauges:bistableswitch/bistableswitch3block_s00",
    "textures": {
      "front": "rsgauges:blocks/bistableswitch/bistableswitch3texture_front",
      "side":  "rsgauges:blocks/bistableswitch/bistableswitch3texture_side",
      "onbutton":   "rsgauges:blocks/bistableswitch/bistableswitch3texture_green_s00",
      "offbutton": "rsgauges:blocks/bistableswitch/bistableswitch3texture_red_s00"
    }
  },
  "variants": {
    "normal": [{}],
    "inventory": [{}],
    "facing": { "north": {"y": 0 }, "south": {"y": 180 }, "west": {"y": -90 }, "east": {"y": 90 }, "up": {"x": -90 }, "down": {"x": 90 } },
    "powered": {
      "false":  {},
      "true":   {
        "model": "rsgauges:bistableswitch/bistableswitch3block_s15",
        "textures": {
            "onbutton": "rsgauges:blocks/bistableswitch/bistableswitch3texture_green_s15",
            "offbutton": "rsgauges:blocks/bistableswitch/bistableswitch3texture_red_s15"
        }
      }
    }
  }
}
