{
  "forge_marker": 1,
  "defaults": {
    "model": "rsgauges:bistableswitch/bistableswitch5block_s00",
    "textures": {
      "base":  "rsgauges:blocks/bistableswitch/bistableswitch1texture_side",
      "lever": "rsgauges:blocks/bistableswitch/bistableswitch1texture_handle",
      "front": "rsgauges:blocks/bistableswitch/bistableswitch2texture_lever_s00",
      "ledgreen": "rsgauges:blocks/indicator/indicator_fg_green_off_texture",
      "ledred": "rsgauges:blocks/indicator/indicator_fg_red_on_texture"
    }
  },
  "variants": {
    "normal": [{}],
    "inventory": [{}],
    "facing": { "north": {"y":0}, "south": {"y":180}, "west": {"y":-90}, "east": {"y":90}, "up": {"x":-90}, "down": {"x":90} },
    "powered": {
      "false":  {},
      "true":   {
        "model": "rsgauges:bistableswitch/bistableswitch5block_s15",
        "textures": {
          "ledgreen": "rsgauges:blocks/indicator/indicator_fg_green_on_texture",
          "ledred": "rsgauges:blocks/indicator/indicator_fg_red_off_texture"
        }
      }
    }
  }
}
