{
  "forge_marker": 1,
  "defaults": {
    "model": "rsgauges:bistableswitch/bistableswitch6block_s00",
    "textures": {
      "side":  "rsgauges:blocks/common/darkmachinemetal",
      "handle": "rsgauges:blocks/common/iestylewood"
    }
  },
  "variants": {
    "normal": [{}],
    "inventory": [{}],
    "facing": { "north": {"y":0}, "south": {"y":180}, "west": {"y":-90}, "east": {"y":90}, "up": {"x":-90}, "down": {"x":90} },
    "powered": {
      "false": {},
      "true": { "model": "rsgauges:bistableswitch/bistableswitch6block_s15" }
    }
  }
}
