{
  "forge_marker": 1,
  "defaults": {
    "model": "rsgauges:bistableswitch/bistableswitch1block_s00",
    "textures": {
      "front": "rsgauges:blocks/bistableswitch/bistableswitch1texture",
      "lever": "rsgauges:blocks/bistableswitch/bistableswitch1texture_handle",
      "side":  "rsgauges:blocks/common/darkmachinemetal"
    }
  },
  "variants": {
    "normal": [{}],
    "inventory": [{}],
    "facing": { "north": {"y":0}, "south": {"y":180}, "west": {"y":-90}, "east": {"y":90}, "up": {"x":-90}, "down": {"x":90} },
    "powered": {"false":{}, "true": { "model": "rsgauges:bistableswitch/bistableswitch1block_s15" }}
  }
}
