{
  "forge_marker": 1,
  "defaults": {
    "model": "rsgauges:contactmat/contactmat_glassxblock_thin",
    "textures": {
      "front": "rsgauges:blocks/common/cleargrayglass",
      "side": "rsgauges:blocks/common/cleargrayglass"
    }
  },
  "variants": {
    "normal": [{}],
    "inventory": [{}],
    "facing": {"north":{"y":0}, "south":{"y":180}, "west":{"y":-90}, "east":{"y":90}, "up":{}, "down":{} },
    "powered": {
      "false": {},
      "true": { "textures": {
        "front": "rsgauges:blocks/sensitiveglass/clearwhiteglass40",
        "side": "rsgauges:blocks/sensitiveglass/clearwhiteglass40"
      }}
    }
  }
}
