{
  "forge_marker": 1,
  "defaults": {
    "model": "rsgauges:contactmat/contactmat_rustic1block_s00",
    "textures": {
      "metal":  "rsgauges:blocks/common/old_iron",
      "ui": "rsgauges:blocks/contactswitch/contactmat_rustic1_ui"
    }
  },
  "variants": {
    "normal": [{}],
    "inventory": [{}],
    "facing": {"north":{"y":0}, "south":{"y":180}, "west":{"y":-90}, "east":{"y":90}, "up":{}, "down":{} },
    "powered": {
      "false": {},
      "true":  { "model": "rsgauges:contactmat/contactmat_rustic1block_s15" }
    }
  }
}
