{
  "forge_marker": 1,
  "defaults": {
    "model": "rsgauges:gauge/flatgauge5block",
    "textures": {
      "front": "rsgauges:blocks/gauge/flatgauge5texture_s00",
      "topbottom": "rsgauges:blocks/common/darkgraymetal"
    }
  },
  "variants": {
    "normal": [{}],
    "inventory": [{}],
    "facing": { "north":{}, "south":{"y":180}, "west":{"y":270}, "east":{"y":90}, "up":{"x":-90}, "down":{"x":90} },
    "power": {
      "0":  { "textures": { "front": "rsgauges:blocks/gauge/flatgauge5texture_s00" } },
      "1":  { "textures": { "front": "rsgauges:blocks/gauge/flatgauge5texture_s01" } },
      "2":  { "textures": { "front": "rsgauges:blocks/gauge/flatgauge5texture_s02" } },
      "3":  { "textures": { "front": "rsgauges:blocks/gauge/flatgauge5texture_s03" } },
      "4":  { "textures": { "front": "rsgauges:blocks/gauge/flatgauge5texture_s04" } },
      "5":  { "textures": { "front": "rsgauges:blocks/gauge/flatgauge5texture_s05" } },
      "6":  { "textures": { "front": "rsgauges:blocks/gauge/flatgauge5texture_s06" } },
      "7":  { "textures": { "front": "rsgauges:blocks/gauge/flatgauge5texture_s07" } },
      "8":  { "textures": { "front": "rsgauges:blocks/gauge/flatgauge5texture_s08" } },
      "9":  { "textures": { "front": "rsgauges:blocks/gauge/flatgauge5texture_s09" } },
      "10": { "textures": { "front": "rsgauges:blocks/gauge/flatgauge5texture_s10" } },
      "11": { "textures": { "front": "rsgauges:blocks/gauge/flatgauge5texture_s11" } },
      "12": { "textures": { "front": "rsgauges:blocks/gauge/flatgauge5texture_s12" } },
      "13": { "textures": { "front": "rsgauges:blocks/gauge/flatgauge5texture_s13" } },
      "14": { "textures": { "front": "rsgauges:blocks/gauge/flatgauge5texture_s14" } },
      "15": { "textures": { "front": "rsgauges:blocks/gauge/flatgauge5texture_s15" } }
    }
  }
}
