{
  "forge_marker": 1,
  "defaults": {
    "model": "rsgauges:indicator/indicator1block",
    "textures": {
      "lamp": "rsgauges:blocks/indicator/indicator_fg_green_blink_texture",
      "side":  "rsgauges:blocks/common/darkgraymetal"
    }
  },
  "variants": {
    "normal": [{}],
    "inventory": [{}],
    "facing": { "north": {"y":0}, "south": {"y":180}, "west": {"y":-90}, "east": {"y":90}, "up": {"x":-90}, "down": {"x":90} },
    "power": {
      "false": { "textures": { "lamp": "rsgauges:blocks/indicator/indicator_fg_green_off_texture" } },
      "true": {}
    }
  }
}
