{
  "forge_marker": 1,
  "defaults": {
    "model": "rsgauges:pulseswitch/pulseswitch_rustic7block_s00",
    "textures": { "side": "rsgauges:blocks/common/old_iron" }
  },
  "variants": {
    "normal": [{}],
    "inventory": [{}],
    "facing": { "north":{"y":0}, "south":{"y":180}, "west":{"y":-90}, "east":{"y":90}, "up":{"x":-90}, "down":{"x":90} },
    "powered": {
      "false":  {},
      "true":   {
        "model": "rsgauges:pulseswitch/pulseswitch_rustic7block_s15",
        "textures": {}
      }
    }
  }
}
