{
  "forge_marker": 1,
  "defaults": {
    "model": "rsgauges:pulseswitch/pulseswitch2block_s00",
    "textures": {
      "front": "rsgauges:blocks/common/lightmachinemetal",
      "side":  "rsgauges:blocks/common/darkmachinemetal",
      "handle": "rsgauges:blocks/indicator/indicator_fg_yellow_on_texture"
    }
  },
  "variants": {
    "normal": [{}],
    "inventory": [{}],
    "facing": { "north":{"y":0}, "south":{"y":180}, "west":{"y":-90}, "east":{"y":90}, "up":{"x":-90}, "down":{"x":90} },
    "powered": {
      "false":  {},
      "true":   {
        "model": "rsgauges:pulseswitch/pulseswitch2block_s15",
        "textures": { "handle": "rsgauges:blocks/indicator/indicator_fg_green_on_texture" }
      }
    }
  }
}
