{
  "forge_marker": 1,
  "defaults": {
    "model": "rsgauges:pulseswitch/pulseswitch1block_s00",
    "textures": {
      "front": "rsgauges:blocks/pulseswitch/pulseswitch1texture_s00",
      "handle": "rsgauges:blocks/pulseswitch/pulseswitch1texture_handle_s00",
      "side":  "rsgauges:blocks/pulseswitch/pulseswitch1texture_side"
    }
  },
  "variants": {
    "normal": [{}],
    "inventory": [{}],
    "facing": { "north":{"y":0}, "south":{"y":180}, "west":{"y":-90}, "east":{"y":90}, "up":{"x":-90}, "down":{"x":90} },
    "powered": {
      "false":  {},
      "true":   {
        "model": "rsgauges:pulseswitch/pulseswitch1block_s15",
        "textures": {
            "front": "rsgauges:blocks/pulseswitch/pulseswitch1texture_s15",
            "handle": "rsgauges:blocks/pulseswitch/pulseswitch1texture_handle_s15"
        }
      }
    }
  }
}
