{
  "forge_marker": 1,
  "defaults": {
    "model": "rsgauges:relayswitch/relay_pulseswitchrx2block",
    "textures": { "led": "rsgauges:blocks/indicator/indicator_fg_green_off_texture" }
  },
  "variants": {
    "normal": [{}],
    "inventory": [{}],
    "facing": { "north": {"y":0}, "south": {"y":180}, "west": {"y":-90}, "east": {"y":90}, "up": {"x":-90}, "down": {"x":90} },
    "powered": { "false":{}, "true":{ "textures": { "led": "rsgauges:blocks/indicator/indicator_fg_green_on_texture" } } }
  }
}
