{
  "forge_marker": 1,
  "defaults": { "model": "rsgauges:gauge/industrial/gauge6/gauge6_model_s07" },
  "variants": {
    "normal": [{}],
    "inventory": [{}],
    "facing": { "north":{}, "south":{"y":180}, "west":{"y":270}, "east":{"y":90}, "up":{"x":-90}, "down":{"x":90} },
    "power": {
      "0":  { "model": "rsgauges:gauge/industrial/gauge6/gauge6_model_s00" },
      "1":  { "model": "rsgauges:gauge/industrial/gauge6/gauge6_model_s01" },
      "2":  { "model": "rsgauges:gauge/industrial/gauge6/gauge6_model_s02" },
      "3":  { "model": "rsgauges:gauge/industrial/gauge6/gauge6_model_s03" },
      "4":  { "model": "rsgauges:gauge/industrial/gauge6/gauge6_model_s04" },
      "5":  { "model": "rsgauges:gauge/industrial/gauge6/gauge6_model_s05" },
      "6":  { "model": "rsgauges:gauge/industrial/gauge6/gauge6_model_s06" },
      "7":  { "model": "rsgauges:gauge/industrial/gauge6/gauge6_model_s07" },
      "8":  { "model": "rsgauges:gauge/industrial/gauge6/gauge6_model_s08" },
      "9":  { "model": "rsgauges:gauge/industrial/gauge6/gauge6_model_s09" },
      "10": { "model": "rsgauges:gauge/industrial/gauge6/gauge6_model_s10" },
      "11": { "model": "rsgauges:gauge/industrial/gauge6/gauge6_model_s11" },
      "12": { "model": "rsgauges:gauge/industrial/gauge6/gauge6_model_s12" },
      "13": { "model": "rsgauges:gauge/industrial/gauge6/gauge6_model_s13" },
      "14": { "model": "rsgauges:gauge/industrial/gauge6/gauge6_model_s14" },
      "15": { "model": "rsgauges:gauge/industrial/gauge6/gauge6_model_s15" }
    }
  }
}
