{
	"credit": "I made this with the Blockbench",
  "parent": "block/cube",
  "ambientocclusion": false,
	"textures": {
		"2": "rsgauges:blocks/common/iestylewood",
		"s": "rsgauges:blocks/common/darkmachinemetal",
		"particle": "rsgauges:blocks/common/darkmachinemetal",
		"dgm": "rsgauges:blocks/common/darkgraymetal",
		"drm": "rsgauges:blocks/common/darkroughmetal"
	},
	"elements": [
		{
			"from": [4.75, 1.375, 15.5],
			"to": [5, 14.625, 16],
			"faces": {
				"north": {"uv": [11, 1.375, 11.25, 14.625], "texture": "#s"},
				"south": {"uv": [4.75, 1.375, 5, 14.625], "texture": "#s"},
				"west": {"uv": [15.5, 1.375, 16, 14.625], "texture": "#s"},
				"up": {"uv": [4.75, 15.5, 5, 16], "texture": "#s"},
				"down": {"uv": [4.75, 0, 5, 0.5], "texture": "#s"}
			}
		},
		{
			"from": [11, 1.375, 15.5],
			"to": [11.25, 14.625, 16],
			"faces": {
				"north": {"uv": [4.75, 1.375, 5, 14.625], "texture": "#s"},
				"east": {"uv": [0, 1.375, 0.5, 14.625], "texture": "#s"},
				"south": {"uv": [11, 1.375, 11.25, 14.625], "texture": "#s"},
				"up": {"uv": [11, 15.5, 11.25, 16], "texture": "#s"},
				"down": {"uv": [11, 0, 11.25, 0.5], "texture": "#s"}
			}
		},
		{
			"from": [5, 14.375, 15.5],
			"to": [11, 14.625, 16],
			"faces": {
				"north": {"uv": [5, 1.375, 11, 1.625], "texture": "#s"},
				"south": {"uv": [5, 1.375, 11, 1.625], "texture": "#s"},
				"up": {"uv": [5, 15.5, 11, 16], "texture": "#s"}
			}
		},
		{
			"from": [5, 1.375, 15.5],
			"to": [11, 1.625, 16],
			"faces": {
				"north": {"uv": [5, 14.375, 11, 14.625], "texture": "#s"},
				"south": {"uv": [5, 14.375, 11, 14.625], "texture": "#s"},
				"down": {"uv": [5, 0, 11, 0.5], "texture": "#s"}
			}
		},
		{
			"from": [9, 1.875, 15.25],
			"to": [11, 14.125, 16],
			"faces": {
				"north": {"uv": [4, 0, 7, 15.75], "texture": "#dgm"},
				"east": {"uv": [0, 1.875, 0.75, 14.125], "texture": "#dgm"},
				"south": {"uv": [9, 1.875, 11, 14.125], "texture": "#s"},
				"west": {"uv": [15.25, 1.875, 16, 14.125], "texture": "#drm"}
			}
		},
		{
			"from": [5, 1.875, 15.25],
			"to": [7, 14.125, 16],
			"faces": {
				"north": {"uv": [7, 0, 10, 15.75], "texture": "#dgm"},
				"east": {"uv": [0, 1.875, 0.75, 14.125], "texture": "#drm"},
				"south": {"uv": [5, 1.875, 7, 14.125], "texture": "#s"},
				"west": {"uv": [15.25, 1.875, 16, 14.125], "texture": "#dgm"}
			}
		},
		{
			"from": [7.5, 1.875, 15.25],
			"to": [8.5, 14.125, 16],
			"faces": {
				"north": {"uv": [7.5, 1.875, 8.5, 14.125], "texture": "#dgm"},
				"east": {"uv": [0, 1.875, 0.75, 14.125], "texture": "#drm"},
				"south": {"uv": [7.5, 1.875, 8.5, 14.125], "texture": "#s"},
				"west": {"uv": [15.25, 1.875, 16, 14.125], "texture": "#drm"}
			}
		},
		{
			"from": [8.5, 1.875, 15.75],
			"to": [9, 14.125, 16],
			"faces": {
				"north": {"uv": [4.5, 1, 6, 15.25], "texture": "#drm"},
				"east": {"uv": [0, 1.875, 0.25, 14.125], "texture": "#dgm"},
				"south": {"uv": [8.5, 1.875, 9, 14.125], "texture": "#s"},
				"west": {"uv": [15.75, 1.875, 16, 14.125], "texture": "#dgm"},
				"up": {"uv": [8.5, 15.75, 9, 16], "texture": "#dgm"},
				"down": {"uv": [8.5, 0, 9, 0.25], "texture": "#dgm"}
			}
		},
		{
			"from": [7, 1.875, 15.75],
			"to": [7.5, 14.125, 16],
			"faces": {
				"north": {"uv": [7.5, 0, 9, 13.25], "texture": "#drm"},
				"east": {"uv": [0, 1.875, 0.25, 14.125], "texture": "#dgm"},
				"south": {"uv": [7, 1.875, 7.5, 14.125], "texture": "#s"},
				"west": {"uv": [15.75, 1.875, 16, 14.125], "texture": "#dgm"},
				"up": {"uv": [7, 15.75, 7.5, 16], "texture": "#dgm"},
				"down": {"uv": [7, 0, 7.5, 0.25], "texture": "#dgm"}
			}
		},
		{
			"from": [5, 14.125, 15.25],
			"to": [11, 14.375, 16],
			"faces": {
				"north": {"uv": [5, 1.625, 11, 1.875], "texture": "#dgm"},
				"east": {"uv": [0, 1.625, 0.75, 1.875], "texture": "#dgm"},
				"south": {"uv": [5, 1.625, 11, 1.875], "texture": "#s"},
				"west": {"uv": [15.25, 1.625, 16, 1.875], "texture": "#dgm"},
				"up": {"uv": [5, 15.25, 11, 16], "texture": "#dgm"},
				"down": {"uv": [5, 0, 11, 0.75], "texture": "#dgm"}
			}
		},
		{
			"from": [5, 1.625, 15.25],
			"to": [11, 1.875, 16],
			"faces": {
				"north": {"uv": [5, 14.125, 11, 14.375], "texture": "#dgm"},
				"east": {"uv": [0, 14.125, 0.75, 14.375], "texture": "#dgm"},
				"south": {"uv": [5, 14.125, 11, 14.375], "texture": "#s"},
				"west": {"uv": [15.25, 14.125, 16, 14.375], "texture": "#dgm"},
				"up": {"uv": [5, 15.25, 11, 16], "texture": "#dgm"},
				"down": {"uv": [5, 0, 11, 0.75], "texture": "#dgm"}
			}
		},
		{
			"from": [5.25, 7.25, 13.75],
			"to": [10.75, 8, 13.875],
			"faces": {
				"east": {"uv": [2.125, 13.25, 2.25, 14], "texture": "#2"},
				"south": {"uv": [0, 3, 15.5, 5.75], "texture": "#2"},
				"west": {"uv": [13.75, 13.25, 13.875, 14], "texture": "#2"},
				"up": {"uv": [5.25, 13.75, 10.75, 13.875], "texture": "#2"},
				"down": {"uv": [5.25, 2.125, 10.75, 2.25], "texture": "#2"}
			}
		},
		{
			"from": [8.5, 7.375, 13.875],
			"to": [9, 7.875, 15.75],
			"faces": {
				"north": {"uv": [7, 13.375, 7.5, 13.875], "texture": "#dgm"},
				"east": {"uv": [0.25, 13.375, 2.125, 13.875], "texture": "#dgm"},
				"west": {"uv": [13.875, 13.375, 15.75, 13.875], "texture": "#dgm"},
				"up": {"uv": [8.5, 13.875, 9, 15.75], "texture": "#dgm"},
				"down": {"uv": [8.5, 0.25, 9, 2.125], "texture": "#dgm"}
			}
		},
		{
			"from": [7, 7.375, 13.875],
			"to": [7.5, 7.875, 15.75],
			"faces": {
				"north": {"uv": [8.5, 13.375, 9, 13.875], "texture": "#dgm"},
				"east": {"uv": [0.25, 13.375, 2.125, 13.875], "texture": "#dgm"},
				"west": {"uv": [13.875, 13.375, 15.75, 13.875], "texture": "#dgm"},
				"up": {"uv": [7, 13.875, 7.5, 15.75], "texture": "#dgm"},
				"down": {"uv": [7, 0.25, 7.5, 2.125], "texture": "#dgm"}
			}
		},
		{
			"from": [5.125, 7.25, 13],
			"to": [10.875, 8, 13.75],
			"faces": {
				"north": {"uv": [5.125, 13.25, 10.875, 14], "texture": "#dgm"},
				"east": {"uv": [2.25, 9.25, 7, 14], "texture": "#dgm"},
				"south": {"uv": [5.125, 13.25, 10.875, 14], "texture": "#dgm"},
				"west": {"uv": [9, 9.25, 13.75, 14], "texture": "#dgm"},
				"up": {"uv": [5.125, 13, 10.875, 13.75], "texture": "#dgm"},
				"down": {"uv": [5.125, 2.25, 10.875, 3], "texture": "#dgm"}
			}
		},
		{
			"from": [5.25, 7.25, 12.875],
			"to": [10.75, 8, 13],
			"faces": {
				"north": {"uv": [0, 6, 15.5, 8.75], "texture": "#2"},
				"east": {"uv": [3, 13.25, 3.125, 14], "texture": "#2"},
				"west": {"uv": [12.875, 13.25, 13, 14], "texture": "#2"},
				"up": {"uv": [5.25, 12.875, 10.75, 13], "texture": "#2"},
				"down": {"uv": [5.25, 3, 10.75, 3.125], "texture": "#2"}
			}
		},
		{
			"from": [5.25, 8, 13],
			"to": [10.75, 8.125, 13.75],
			"faces": {
				"north": {"uv": [5.25, 13.125, 10.75, 13.25], "texture": "#2"},
				"east": {"uv": [2.25, 13.125, 3, 13.25], "texture": "#2"},
				"south": {"uv": [5.25, 13.125, 10.75, 13.25], "texture": "#2"},
				"west": {"uv": [13, 13.125, 13.75, 13.25], "texture": "#2"},
				"up": {"uv": [0.25, 12, 15.75, 13.75], "texture": "#2"}
			}
		},
		{
			"from": [5.25, 7.125, 13],
			"to": [10.75, 7.25, 13.75],
			"faces": {
				"north": {"uv": [5.25, 14, 10.75, 14.125], "texture": "#2"},
				"east": {"uv": [2.25, 14, 3, 14.125], "texture": "#2"},
				"south": {"uv": [5.25, 14, 10.75, 14.125], "texture": "#2"},
				"west": {"uv": [13, 14, 13.75, 14.125], "texture": "#2"},
				"down": {"uv": [0, 7, 15.5, 9.75], "texture": "#2"}
			}
		},
		{
			"from": [7, 7.875, 14.375],
			"to": [7.5, 8, 15.75],
			"faces": {
				"north": {"uv": [8.5, 13.25, 9, 13.375], "texture": "#dgm"},
				"east": {"uv": [0.25, 13.25, 1.625, 13.375], "texture": "#dgm"},
				"south": {"uv": [7, 13.25, 7.5, 13.375], "texture": "#s"},
				"west": {"uv": [14.375, 13.25, 15.75, 13.375], "texture": "#dgm"},
				"up": {"uv": [7, 14.375, 7.5, 15.75], "texture": "#dgm"}
			}
		},
		{
			"from": [7, 7.25, 14.375],
			"to": [7.5, 7.375, 15.75],
			"faces": {
				"north": {"uv": [8.5, 13.875, 9, 14], "texture": "#dgm"},
				"east": {"uv": [0.25, 13.875, 1.625, 14], "texture": "#dgm"},
				"south": {"uv": [7, 13.875, 7.5, 14], "texture": "#s"},
				"west": {"uv": [14.375, 13.875, 15.75, 14], "texture": "#dgm"},
				"down": {"uv": [7, 0.25, 7.5, 1.625], "texture": "#dgm"}
			}
		},
		{
			"from": [8.5, 7.25, 14.375],
			"to": [9, 7.375, 15.75],
			"faces": {
				"north": {"uv": [7, 13.875, 7.5, 14], "texture": "#dgm"},
				"east": {"uv": [0.25, 13.875, 1.625, 14], "texture": "#dgm"},
				"south": {"uv": [8.5, 13.875, 9, 14], "texture": "#s"},
				"west": {"uv": [14.375, 13.875, 15.75, 14], "texture": "#dgm"},
				"down": {"uv": [8.5, 0.25, 9, 1.625], "texture": "#dgm"}
			}
		},
		{
			"from": [8.5, 7.875, 14.375],
			"to": [9, 8, 15.75],
			"faces": {
				"north": {"uv": [7, 13.25, 7.5, 13.375], "texture": "#dgm"},
				"east": {"uv": [0.25, 13.25, 1.625, 13.375], "texture": "#dgm"},
				"south": {"uv": [8.5, 13.25, 9, 13.375], "texture": "#s"},
				"west": {"uv": [14.375, 13.25, 15.75, 13.375], "texture": "#dgm"},
				"up": {"uv": [8.5, 14.375, 9, 15.75], "texture": "#dgm"}
			}
		},
		{
			"from": [6.75, 7.375, 14.25],
			"to": [7, 7.875, 15.25],
			"faces": {
				"north": {"uv": [9, 13.375, 9.25, 13.875], "texture": "#dgm"},
				"west": {"uv": [14.25, 13.375, 15.25, 13.875], "texture": "#dgm"},
				"up": {"uv": [6.75, 14.25, 7, 15.25], "texture": "#dgm"},
				"down": {"uv": [6.75, 0.75, 7, 1.75], "texture": "#dgm"}
			}
		},
		{
			"from": [7.5, 7.375, 14.25],
			"to": [7.75, 7.875, 15.25],
			"faces": {
				"north": {"uv": [8.25, 13.375, 8.5, 13.875], "texture": "#dgm"},
				"east": {"uv": [0.75, 13.375, 1.75, 13.875], "texture": "#dgm"},
				"up": {"uv": [7.5, 14.25, 7.75, 15.25], "texture": "#dgm"},
				"down": {"uv": [7.5, 0.75, 7.75, 1.75], "texture": "#dgm"}
			}
		},
		{
			"from": [8.25, 7.375, 14.25],
			"to": [8.5, 7.875, 15.25],
			"faces": {
				"north": {"uv": [7.5, 13.375, 7.75, 13.875], "texture": "#dgm"},
				"west": {"uv": [14.25, 13.375, 15.25, 13.875], "texture": "#dgm"},
				"up": {"uv": [8.25, 14.25, 8.5, 15.25], "texture": "#dgm"},
				"down": {"uv": [8.25, 0.75, 8.5, 1.75], "texture": "#dgm"}
			}
		},
		{
			"from": [9, 7.375, 14.25],
			"to": [9.25, 7.875, 15.25],
			"faces": {
				"north": {"uv": [6.75, 13.375, 7, 13.875], "texture": "#dgm"},
				"east": {"uv": [0.75, 13.375, 1.75, 13.875], "texture": "#dgm"},
				"up": {"uv": [9, 14.25, 9.25, 15.25], "texture": "#dgm"},
				"down": {"uv": [9, 0.75, 9.25, 1.75], "texture": "#dgm"}
			}
		}
	],
	"display": {
		"ground": {
			"translation": [0, 0, -7],
			"scale": [0.75, 0.75, 0.75]
		},
		"gui": {
			"rotation": [0, 180, 0],
			"translation": [0, 0.5, 0]
		},
		"fixed": {
			"translation": [0, 0, -7]
		}
	},
	"groups": [
		{
			"name": "group",
			"children": [0, 1, 2, 3, 4, 5, 6, 7, 8, 9, 10]
		},
		{
			"name": "group",
			"children": [11, 12, 13, 14, 15, 16, 17, 18, 19, 20, 21, 22, 23, 24, 25]
		}
	]
}