{
	"parent": "block/cube",
	"ambientocclusion": false,
	"textures": {
		"metal": "rsgauges:blocks/common/old_iron",
		"particle": "rsgauges:blocks/common/old_iron"
	},
	"elements": [
		{
			"from": [1, 12.625, 11.25],
			"to": [5, 13, 11.75],
			"faces": {
				"north": {"uv": [0, 0, 14, 0.25], "texture": "#metal"},
				"east": {"uv": [0, 0, 12, 0.25], "texture": "#metal"},
				"south": {"uv": [0, 0, 14, 0.25], "texture": "#metal"},
				"west": {"uv": [0, 15, 12, 15.25], "texture": "#metal"},
				"up": {"uv": [0, 2, 11, 4], "texture": "#metal"},
				"down": {"uv": [1, 13, 15, 16], "texture": "#metal"}
			}
		},
		{
			"from": [5, 12.625, 11.25],
			"to": [9, 13, 11.75],
			"faces": {
				"north": {"uv": [0, 0, 14, 0.25], "texture": "#metal"},
				"east": {"uv": [0, 0, 12, 0.25], "texture": "#metal"},
				"south": {"uv": [0, 0, 14, 0.25], "texture": "#metal"},
				"west": {"uv": [0, 15, 12, 15.25], "texture": "#metal"},
				"up": {"uv": [1, 4, 12, 6], "texture": "#metal"},
				"down": {"uv": [1, 13, 15, 16], "texture": "#metal"}
			}
		},
		{
			"from": [9, 12.625, 11.25],
			"to": [13, 13, 11.75],
			"faces": {
				"north": {"uv": [0, 0, 14, 0.25], "texture": "#metal"},
				"east": {"uv": [0, 0, 12, 0.25], "texture": "#metal"},
				"south": {"uv": [0, 0, 14, 0.25], "texture": "#metal"},
				"west": {"uv": [0, 15, 12, 15.25], "texture": "#metal"},
				"up": {"uv": [0, 2, 11, 4], "texture": "#metal"},
				"down": {"uv": [0, 11, 14, 14], "texture": "#metal"}
			}
		},
		{
			"from": [1, 12.625, 13.25],
			"to": [5, 13, 13.75],
			"faces": {
				"north": {"uv": [0, 0, 14, 0.25], "texture": "#metal"},
				"east": {"uv": [0, 0, 12, 0.25], "texture": "#metal"},
				"south": {"uv": [0, 0, 14, 0.25], "texture": "#metal"},
				"west": {"uv": [0, 15, 12, 15.25], "texture": "#metal"},
				"up": {"uv": [0, 13, 11, 15], "texture": "#metal"},
				"down": {"uv": [1, 13, 15, 16], "texture": "#metal"}
			}
		},
		{
			"from": [5, 12.625, 13.25],
			"to": [9, 13, 13.75],
			"faces": {
				"north": {"uv": [0, 0, 14, 0.25], "texture": "#metal"},
				"east": {"uv": [0, 0, 12, 0.25], "texture": "#metal"},
				"south": {"uv": [0, 0, 14, 0.25], "texture": "#metal"},
				"west": {"uv": [0, 15, 12, 15.25], "texture": "#metal"},
				"up": {"uv": [0, 2, 11, 4], "texture": "#metal"},
				"down": {"uv": [1, 13, 15, 16], "texture": "#metal"}
			}
		},
		{
			"from": [9, 12.625, 13.25],
			"to": [13, 13, 13.75],
			"faces": {
				"north": {"uv": [0, 0, 14, 0.25], "texture": "#metal"},
				"east": {"uv": [0, 0, 12, 0.25], "texture": "#metal"},
				"south": {"uv": [0, 0, 14, 0.25], "texture": "#metal"},
				"west": {"uv": [0, 15, 12, 15.25], "texture": "#metal"},
				"up": {"uv": [0, 2, 11, 4], "texture": "#metal"},
				"down": {"uv": [0, 11, 14, 14], "texture": "#metal"}
			}
		},
		{
			"from": [1, 12.625, 9.25],
			"to": [5, 13, 9.75],
			"faces": {
				"north": {"uv": [0, 0, 14, 0.25], "texture": "#metal"},
				"east": {"uv": [0, 0, 12, 0.25], "texture": "#metal"},
				"south": {"uv": [0, 0, 14, 0.25], "texture": "#metal"},
				"west": {"uv": [0, 15, 12, 15.25], "texture": "#metal"},
				"up": {"uv": [1, 2, 12, 4], "texture": "#metal"},
				"down": {"uv": [1, 13, 15, 16], "texture": "#metal"}
			}
		},
		{
			"from": [9, 12.625, 9.25],
			"to": [13, 13, 9.75],
			"faces": {
				"north": {"uv": [0, 0, 14, 0.25], "texture": "#metal"},
				"east": {"uv": [0, 0, 12, 0.25], "texture": "#metal"},
				"south": {"uv": [0, 0, 14, 0.25], "texture": "#metal"},
				"west": {"uv": [0, 15, 12, 15.25], "texture": "#metal"},
				"up": {"uv": [0, 2, 11, 4], "texture": "#metal"},
				"down": {"uv": [0, 11, 14, 14], "texture": "#metal"}
			}
		},
		{
			"from": [5, 12.625, 9.25],
			"to": [9, 13, 9.75],
			"faces": {
				"north": {"uv": [0, 0, 14, 0.25], "texture": "#metal"},
				"east": {"uv": [0, 0, 12, 0.25], "texture": "#metal"},
				"south": {"uv": [0, 0, 14, 0.25], "texture": "#metal"},
				"west": {"uv": [0, 15, 12, 15.25], "texture": "#metal"},
				"up": {"uv": [2, 4, 13, 6], "texture": "#metal"},
				"down": {"uv": [1, 13, 15, 16], "texture": "#metal"}
			}
		},
		{
			"from": [1, 12.625, 7.25],
			"to": [5, 13, 7.75],
			"faces": {
				"north": {"uv": [0, 0, 14, 0.25], "texture": "#metal"},
				"east": {"uv": [0, 0, 12, 0.25], "texture": "#metal"},
				"south": {"uv": [0, 0, 14, 0.25], "texture": "#metal"},
				"west": {"uv": [0, 15, 12, 15.25], "texture": "#metal"},
				"up": {"uv": [3, 5, 14, 7], "texture": "#metal"},
				"down": {"uv": [1, 13, 15, 16], "texture": "#metal"}
			}
		},
		{
			"from": [1, 12.625, 5.25],
			"to": [5.125, 13, 5.75],
			"faces": {
				"north": {"uv": [0, 0, 14, 0.25], "texture": "#metal"},
				"east": {"uv": [0, 0, 12, 0.25], "texture": "#metal"},
				"south": {"uv": [0, 0, 14, 0.25], "texture": "#metal"},
				"west": {"uv": [0, 15, 12, 15.25], "texture": "#metal"},
				"up": {"uv": [0, 2, 11, 4], "texture": "#metal"},
				"down": {"uv": [1, 13, 15, 16], "texture": "#metal"}
			}
		},
		{
			"from": [1, 12.625, 3.25],
			"to": [5, 13, 3.75],
			"faces": {
				"north": {"uv": [0, 0, 14, 0.25], "texture": "#metal"},
				"east": {"uv": [0, 0, 12, 0.25], "texture": "#metal"},
				"south": {"uv": [0, 0, 14, 0.25], "texture": "#metal"},
				"west": {"uv": [0, 15, 12, 15.25], "texture": "#metal"},
				"up": {"uv": [1, 3, 12, 5], "texture": "#metal"},
				"down": {"uv": [1, 13, 15, 16], "texture": "#metal"}
			}
		},
		{
			"from": [5, 12.625, 7.25],
			"to": [9, 13, 7.75],
			"faces": {
				"north": {"uv": [0, 0, 14, 0.25], "texture": "#metal"},
				"east": {"uv": [0, 0, 12, 0.25], "texture": "#metal"},
				"south": {"uv": [0, 0, 14, 0.25], "texture": "#metal"},
				"west": {"uv": [0, 15, 12, 15.25], "texture": "#metal"},
				"up": {"uv": [0, 10, 11, 12], "texture": "#metal"},
				"down": {"uv": [1, 13, 15, 16], "texture": "#metal"}
			}
		},
		{
			"from": [5.125, 12.625, 5.25],
			"to": [9, 13, 5.75],
			"faces": {
				"north": {"uv": [0, 0, 14, 0.25], "texture": "#metal"},
				"east": {"uv": [0, 0, 12, 0.25], "texture": "#metal"},
				"south": {"uv": [0, 0, 14, 0.25], "texture": "#metal"},
				"west": {"uv": [0, 15, 12, 15.25], "texture": "#metal"},
				"up": {"uv": [0, 2, 11, 4], "texture": "#metal"},
				"down": {"uv": [1, 13, 15, 16], "texture": "#metal"}
			}
		},
		{
			"from": [5, 12.625, 3.25],
			"to": [9, 13, 3.75],
			"faces": {
				"north": {"uv": [0, 0, 14, 0.25], "texture": "#metal"},
				"east": {"uv": [0, 0, 12, 0.25], "texture": "#metal"},
				"south": {"uv": [0, 0, 14, 0.25], "texture": "#metal"},
				"west": {"uv": [0, 15, 12, 15.25], "texture": "#metal"},
				"up": {"uv": [0, 2, 11, 4], "texture": "#metal"},
				"down": {"uv": [1, 13, 15, 16], "texture": "#metal"}
			}
		},
		{
			"from": [9, 12.625, 7.25],
			"to": [13, 13, 7.75],
			"faces": {
				"north": {"uv": [0, 0, 14, 0.25], "texture": "#metal"},
				"east": {"uv": [0, 0, 12, 0.25], "texture": "#metal"},
				"south": {"uv": [0, 0, 14, 0.25], "texture": "#metal"},
				"west": {"uv": [0, 15, 12, 15.25], "texture": "#metal"},
				"up": {"uv": [0, 2, 11, 4], "texture": "#metal"},
				"down": {"uv": [0, 11, 14, 14], "texture": "#metal"}
			}
		},
		{
			"from": [9, 12.625, 5.25],
			"to": [13, 13, 5.75],
			"faces": {
				"north": {"uv": [0, 0, 14, 0.25], "texture": "#metal"},
				"east": {"uv": [0, 0, 12, 0.25], "texture": "#metal"},
				"south": {"uv": [0, 0, 14, 0.25], "texture": "#metal"},
				"west": {"uv": [0, 15, 12, 15.25], "texture": "#metal"},
				"up": {"uv": [0, 2, 11, 4], "texture": "#metal"},
				"down": {"uv": [0, 11, 14, 14], "texture": "#metal"}
			}
		},
		{
			"from": [9, 12.625, 3.25],
			"to": [13, 13, 3.75],
			"faces": {
				"north": {"uv": [0, 0, 14, 0.25], "texture": "#metal"},
				"east": {"uv": [0, 0, 12, 0.25], "texture": "#metal"},
				"south": {"uv": [0, 0, 14, 0.25], "texture": "#metal"},
				"west": {"uv": [0, 15, 12, 15.25], "texture": "#metal"},
				"up": {"uv": [1, 1, 12, 3], "texture": "#metal"},
				"down": {"uv": [0, 11, 14, 14], "texture": "#metal"}
			}
		},
		{
			"from": [9, 12.625, 1.25],
			"to": [13, 13, 1.75],
			"faces": {
				"north": {"uv": [0, 0, 14, 0.25], "texture": "#metal"},
				"east": {"uv": [0, 0, 12, 0.25], "texture": "#metal"},
				"south": {"uv": [0, 0, 14, 0.25], "texture": "#metal"},
				"west": {"uv": [0, 15, 12, 15.25], "texture": "#metal"},
				"up": {"uv": [4, 7, 15, 9], "texture": "#metal"},
				"down": {"uv": [0, 11, 14, 14], "texture": "#metal"}
			}
		},
		{
			"from": [5, 12.625, 1.25],
			"to": [9, 13, 1.75],
			"faces": {
				"north": {"uv": [0, 0, 14, 0.25], "texture": "#metal"},
				"east": {"uv": [0, 0, 12, 0.25], "texture": "#metal"},
				"south": {"uv": [0, 0, 14, 0.25], "texture": "#metal"},
				"west": {"uv": [0, 15, 12, 15.25], "texture": "#metal"},
				"up": {"uv": [2, 4, 13, 6], "texture": "#metal"},
				"down": {"uv": [1, 13, 15, 16], "texture": "#metal"}
			}
		},
		{
			"from": [1, 12.625, 1.25],
			"to": [5, 13, 1.75],
			"faces": {
				"north": {"uv": [0, 0, 14, 0.25], "texture": "#metal"},
				"east": {"uv": [0, 0, 12, 0.25], "texture": "#metal"},
				"south": {"uv": [0, 0, 14, 0.25], "texture": "#metal"},
				"west": {"uv": [0, 15, 12, 15.25], "texture": "#metal"},
				"up": {"uv": [0, 2, 11, 4], "texture": "#metal"},
				"down": {"uv": [1, 13, 15, 16], "texture": "#metal"}
			}
		},
		{
			"from": [0, 12.625, 12],
			"to": [1, 13, 16],
			"faces": {
				"north": {"uv": [0, 0, 14, 0.25], "texture": "#metal"},
				"east": {"uv": [0, 2, 12, 4.25], "texture": "#metal"},
				"south": {"uv": [6, 10, 11, 12.25], "texture": "#metal"},
				"west": {"uv": [0, 6, 12, 8.25], "texture": "#metal"},
				"up": {"uv": [4, 3, 7, 13], "texture": "#metal"},
				"down": {"uv": [3, 1, 5, 13], "texture": "#metal"}
			}
		},
		{
			"from": [0, 12.625, 8],
			"to": [1, 13, 12],
			"faces": {
				"north": {"uv": [0, 0, 14, 0.25], "texture": "#metal"},
				"east": {"uv": [2, 2, 14, 4.25], "texture": "#metal"},
				"south": {"uv": [0, 0, 14, 0.25], "texture": "#metal"},
				"west": {"uv": [0, 6, 12, 8.25], "texture": "#metal"},
				"up": {"uv": [4, 3, 7, 13], "texture": "#metal"},
				"down": {"uv": [8, 3, 10, 15], "texture": "#metal"}
			}
		},
		{
			"from": [0, 12.625, 4],
			"to": [1, 13, 8],
			"faces": {
				"north": {"uv": [0, 0, 14, 0.25], "texture": "#metal"},
				"east": {"uv": [3, 6, 15, 8.25], "texture": "#metal"},
				"south": {"uv": [0, 0, 14, 0.25], "texture": "#metal"},
				"west": {"uv": [4, 9, 16, 11.25], "texture": "#metal"},
				"up": {"uv": [4, 3, 7, 13], "texture": "#metal"},
				"down": {"uv": [4, 2, 6, 14], "texture": "#metal"}
			}
		},
		{
			"from": [0, 12.625, 0],
			"to": [1, 13, 4],
			"faces": {
				"north": {"uv": [0, 0, 5, 1.25], "texture": "#metal"},
				"east": {"uv": [2, 4, 14, 6.25], "texture": "#metal"},
				"south": {"uv": [0, 0, 14, 0.25], "texture": "#metal"},
				"west": {"uv": [4, 9, 16, 11.25], "texture": "#metal"},
				"up": {"uv": [4, 3, 7, 13], "texture": "#metal"},
				"down": {"uv": [3, 3, 5, 15], "texture": "#metal"}
			}
		},
		{
			"from": [1, 12.625, 15.25],
			"to": [5, 13, 15.75],
			"faces": {
				"north": {"uv": [0, 0, 14, 0.25], "texture": "#metal"},
				"east": {"uv": [0, 0, 12, 0.25], "texture": "#metal"},
				"south": {"uv": [0, 0, 14, 0.25], "texture": "#metal"},
				"west": {"uv": [0, 15, 12, 15.25], "texture": "#metal"},
				"up": {"uv": [0, 13, 11, 15], "texture": "#metal"},
				"down": {"uv": [1, 13, 15, 16], "texture": "#metal"}
			}
		},
		{
			"from": [9, 12.625, 15.25],
			"to": [13, 13, 15.75],
			"faces": {
				"north": {"uv": [0, 0, 14, 0.25], "texture": "#metal"},
				"east": {"uv": [0, 0, 12, 0.25], "texture": "#metal"},
				"south": {"uv": [0, 0, 14, 0.25], "texture": "#metal"},
				"west": {"uv": [0, 15, 12, 15.25], "texture": "#metal"},
				"up": {"uv": [0, 2, 11, 4], "texture": "#metal"},
				"down": {"uv": [0, 11, 14, 14], "texture": "#metal"}
			}
		},
		{
			"from": [5, 12.625, 15.25],
			"to": [9, 13, 15.75],
			"faces": {
				"north": {"uv": [0, 0, 14, 0.25], "texture": "#metal"},
				"east": {"uv": [0, 0, 12, 0.25], "texture": "#metal"},
				"south": {"uv": [0, 0, 14, 0.25], "texture": "#metal"},
				"west": {"uv": [0, 15, 12, 15.25], "texture": "#metal"},
				"up": {"uv": [0, 2, 11, 4], "texture": "#metal"},
				"down": {"uv": [1, 13, 15, 16], "texture": "#metal"}
			}
		},
		{
			"from": [11, 12.625, 0.25],
			"to": [15, 13, 0.75],
			"faces": {
				"north": {"uv": [0, 0, 14, 0.25], "texture": "#metal"},
				"east": {"uv": [0, 0, 12, 0.25], "texture": "#metal"},
				"south": {"uv": [0, 0, 14, 0.25], "texture": "#metal"},
				"west": {"uv": [0, 15, 12, 15.25], "texture": "#metal"},
				"up": {"uv": [1, 3, 12, 5], "texture": "#metal"},
				"down": {"uv": [0, 11, 14, 14], "texture": "#metal"}
			}
		},
		{
			"from": [7, 12.625, 0.25],
			"to": [11, 13, 0.75],
			"faces": {
				"north": {"uv": [0, 0, 14, 0.25], "texture": "#metal"},
				"east": {"uv": [0, 0, 12, 0.25], "texture": "#metal"},
				"south": {"uv": [0, 0, 14, 0.25], "texture": "#metal"},
				"west": {"uv": [0, 15, 12, 15.25], "texture": "#metal"},
				"up": {"uv": [3, 5, 14, 7], "texture": "#metal"},
				"down": {"uv": [2, 4, 16, 16], "texture": "#metal"}
			}
		},
		{
			"from": [3.125, 12.625, 0.25],
			"to": [7, 13, 0.75],
			"faces": {
				"north": {"uv": [0, 0, 14, 0.25], "texture": "#metal"},
				"east": {"uv": [0, 0, 12, 0.25], "texture": "#metal"},
				"south": {"uv": [0, 0, 14, 0.25], "texture": "#metal"},
				"west": {"uv": [0, 15, 12, 15.25], "texture": "#metal"},
				"up": {"uv": [0, 2, 11, 4], "texture": "#metal"},
				"down": {"uv": [0, 11, 14, 14], "texture": "#metal"}
			}
		},
		{
			"from": [11, 12.625, 2.25],
			"to": [15, 13, 2.75],
			"faces": {
				"north": {"uv": [0, 0, 14, 0.25], "texture": "#metal"},
				"east": {"uv": [0, 0, 12, 0.25], "texture": "#metal"},
				"south": {"uv": [0, 0, 14, 0.25], "texture": "#metal"},
				"west": {"uv": [0, 15, 12, 15.25], "texture": "#metal"},
				"up": {"uv": [2, 3, 13, 5], "texture": "#metal"},
				"down": {"uv": [0, 11, 14, 14], "texture": "#metal"}
			}
		},
		{
			"from": [3, 12.625, 2.25],
			"to": [7, 13, 2.75],
			"faces": {
				"north": {"uv": [0, 0, 14, 0.25], "texture": "#metal"},
				"east": {"uv": [0, 0, 12, 0.25], "texture": "#metal"},
				"south": {"uv": [0, 0, 14, 0.25], "texture": "#metal"},
				"west": {"uv": [0, 15, 12, 15.25], "texture": "#metal"},
				"up": {"uv": [0, 2, 11, 4], "texture": "#metal"},
				"down": {"uv": [1, 13, 15, 16], "texture": "#metal"}
			}
		},
		{
			"from": [7, 12.625, 2.25],
			"to": [11, 13, 2.75],
			"faces": {
				"north": {"uv": [0, 0, 14, 0.25], "texture": "#metal"},
				"east": {"uv": [0, 0, 12, 0.25], "texture": "#metal"},
				"south": {"uv": [0, 0, 14, 0.25], "texture": "#metal"},
				"west": {"uv": [0, 15, 12, 15.25], "texture": "#metal"},
				"up": {"uv": [3, 5, 14, 7], "texture": "#metal"},
				"down": {"uv": [1, 13, 15, 16], "texture": "#metal"}
			}
		},
		{
			"from": [11, 12.625, 4.25],
			"to": [15, 13, 4.75],
			"faces": {
				"north": {"uv": [0, 0, 14, 0.25], "texture": "#metal"},
				"east": {"uv": [0, 0, 12, 0.25], "texture": "#metal"},
				"south": {"uv": [0, 0, 14, 0.25], "texture": "#metal"},
				"west": {"uv": [0, 15, 12, 15.25], "texture": "#metal"},
				"up": {"uv": [2, 3, 13, 5], "texture": "#metal"},
				"down": {"uv": [0, 11, 14, 14], "texture": "#metal"}
			}
		},
		{
			"from": [3, 12.625, 4.25],
			"to": [7, 13, 4.75],
			"faces": {
				"north": {"uv": [0, 0, 14, 0.25], "texture": "#metal"},
				"east": {"uv": [0, 0, 12, 0.25], "texture": "#metal"},
				"south": {"uv": [0, 0, 14, 0.25], "texture": "#metal"},
				"west": {"uv": [0, 15, 12, 15.25], "texture": "#metal"},
				"up": {"uv": [3, 10, 14, 12], "texture": "#metal"},
				"down": {"uv": [1, 13, 15, 16], "texture": "#metal"}
			}
		},
		{
			"from": [7, 12.625, 4.25],
			"to": [11, 13, 4.75],
			"faces": {
				"north": {"uv": [0, 0, 14, 0.25], "texture": "#metal"},
				"east": {"uv": [0, 0, 12, 0.25], "texture": "#metal"},
				"south": {"uv": [0, 0, 14, 0.25], "texture": "#metal"},
				"west": {"uv": [0, 15, 12, 15.25], "texture": "#metal"},
				"up": {"uv": [0, 4, 11, 6], "texture": "#metal"},
				"down": {"uv": [1, 13, 15, 16], "texture": "#metal"}
			}
		},
		{
			"from": [11, 12.625, 6.25],
			"to": [15, 13, 6.75],
			"faces": {
				"north": {"uv": [0, 0, 14, 0.25], "texture": "#metal"},
				"east": {"uv": [0, 0, 12, 0.25], "texture": "#metal"},
				"south": {"uv": [0, 0, 14, 0.25], "texture": "#metal"},
				"west": {"uv": [0, 15, 12, 15.25], "texture": "#metal"},
				"up": {"uv": [0, 2, 11, 4], "texture": "#metal"},
				"down": {"uv": [0, 11, 14, 14], "texture": "#metal"}
			}
		},
		{
			"from": [7, 12.625, 6.25],
			"to": [11, 13, 6.75],
			"faces": {
				"north": {"uv": [0, 0, 14, 0.25], "texture": "#metal"},
				"east": {"uv": [0, 0, 12, 0.25], "texture": "#metal"},
				"south": {"uv": [0, 0, 14, 0.25], "texture": "#metal"},
				"west": {"uv": [0, 15, 12, 15.25], "texture": "#metal"},
				"up": {"uv": [2, 3, 13, 5], "texture": "#metal"},
				"down": {"uv": [1, 13, 15, 16], "texture": "#metal"}
			}
		},
		{
			"from": [3, 12.625, 6.25],
			"to": [7, 13, 6.75],
			"faces": {
				"north": {"uv": [0, 0, 14, 0.25], "texture": "#metal"},
				"east": {"uv": [0, 0, 12, 0.25], "texture": "#metal"},
				"south": {"uv": [0, 0, 14, 0.25], "texture": "#metal"},
				"west": {"uv": [0, 15, 12, 15.25], "texture": "#metal"},
				"up": {"uv": [0, 2, 11, 4], "texture": "#metal"},
				"down": {"uv": [1, 13, 15, 16], "texture": "#metal"}
			}
		},
		{
			"from": [3, 12.625, 8.25],
			"to": [7, 13, 8.75],
			"faces": {
				"north": {"uv": [0, 0, 14, 0.25], "texture": "#metal"},
				"east": {"uv": [0, 0, 12, 0.25], "texture": "#metal"},
				"south": {"uv": [0, 0, 14, 0.25], "texture": "#metal"},
				"west": {"uv": [0, 15, 12, 15.25], "texture": "#metal"},
				"up": {"uv": [2, 6, 13, 8], "texture": "#metal"},
				"down": {"uv": [1, 13, 15, 16], "texture": "#metal"}
			}
		},
		{
			"from": [7, 12.625, 8.25],
			"to": [11, 13, 8.75],
			"faces": {
				"north": {"uv": [0, 0, 14, 0.25], "texture": "#metal"},
				"east": {"uv": [0, 0, 12, 0.25], "texture": "#metal"},
				"south": {"uv": [0, 0, 14, 0.25], "texture": "#metal"},
				"west": {"uv": [0, 15, 12, 15.25], "texture": "#metal"},
				"up": {"uv": [2, 4, 13, 6], "texture": "#metal"},
				"down": {"uv": [1, 13, 15, 16], "texture": "#metal"}
			}
		},
		{
			"from": [11, 12.625, 8.25],
			"to": [15, 13, 8.75],
			"faces": {
				"north": {"uv": [0, 0, 14, 0.25], "texture": "#metal"},
				"east": {"uv": [0, 0, 12, 0.25], "texture": "#metal"},
				"south": {"uv": [0, 0, 14, 0.25], "texture": "#metal"},
				"west": {"uv": [0, 15, 12, 15.25], "texture": "#metal"},
				"up": {"uv": [0, 13, 11, 15], "texture": "#metal"},
				"down": {"uv": [0, 11, 14, 14], "texture": "#metal"}
			}
		},
		{
			"from": [11, 12.625, 10.25],
			"to": [15, 13, 10.75],
			"faces": {
				"north": {"uv": [0, 0, 14, 0.25], "texture": "#metal"},
				"east": {"uv": [0, 0, 12, 0.25], "texture": "#metal"},
				"south": {"uv": [0, 0, 14, 0.25], "texture": "#metal"},
				"west": {"uv": [0, 15, 12, 15.25], "texture": "#metal"},
				"up": {"uv": [0, 2, 11, 4], "texture": "#metal"},
				"down": {"uv": [0, 11, 14, 14], "texture": "#metal"}
			}
		},
		{
			"from": [7, 12.625, 10.25],
			"to": [11, 13, 10.75],
			"faces": {
				"north": {"uv": [0, 0, 14, 0.25], "texture": "#metal"},
				"east": {"uv": [0, 0, 12, 0.25], "texture": "#metal"},
				"south": {"uv": [0, 0, 14, 0.25], "texture": "#metal"},
				"west": {"uv": [0, 15, 12, 15.25], "texture": "#metal"},
				"up": {"uv": [0, 2, 11, 4], "texture": "#metal"},
				"down": {"uv": [1, 13, 15, 16], "texture": "#metal"}
			}
		},
		{
			"from": [3, 12.625, 10.25],
			"to": [7, 13, 10.75],
			"faces": {
				"north": {"uv": [0, 0, 14, 0.25], "texture": "#metal"},
				"east": {"uv": [0, 0, 12, 0.25], "texture": "#metal"},
				"south": {"uv": [0, 0, 14, 0.25], "texture": "#metal"},
				"west": {"uv": [0, 15, 12, 15.25], "texture": "#metal"},
				"up": {"uv": [0, 2, 11, 4], "texture": "#metal"},
				"down": {"uv": [1, 13, 15, 16], "texture": "#metal"}
			}
		},
		{
			"from": [3, 12.625, 12.25],
			"to": [7, 13, 12.75],
			"faces": {
				"north": {"uv": [0, 0, 14, 0.25], "texture": "#metal"},
				"east": {"uv": [0, 0, 12, 0.25], "texture": "#metal"},
				"south": {"uv": [0, 0, 14, 0.25], "texture": "#metal"},
				"west": {"uv": [0, 15, 12, 15.25], "texture": "#metal"},
				"up": {"uv": [0, 2, 11, 4], "texture": "#metal"},
				"down": {"uv": [1, 13, 15, 16], "texture": "#metal"}
			}
		},
		{
			"from": [7, 12.625, 12.25],
			"to": [11, 13, 12.75],
			"faces": {
				"north": {"uv": [0, 0, 14, 0.25], "texture": "#metal"},
				"east": {"uv": [0, 0, 12, 0.25], "texture": "#metal"},
				"south": {"uv": [0, 0, 14, 0.25], "texture": "#metal"},
				"west": {"uv": [0, 15, 12, 15.25], "texture": "#metal"},
				"up": {"uv": [0, 12, 11, 14], "texture": "#metal"},
				"down": {"uv": [1, 13, 15, 16], "texture": "#metal"}
			}
		},
		{
			"from": [11, 12.625, 12.25],
			"to": [15, 13, 12.75],
			"faces": {
				"north": {"uv": [0, 0, 14, 0.25], "texture": "#metal"},
				"east": {"uv": [0, 0, 12, 0.25], "texture": "#metal"},
				"south": {"uv": [0, 0, 14, 0.25], "texture": "#metal"},
				"west": {"uv": [0, 15, 12, 15.25], "texture": "#metal"},
				"up": {"uv": [2, 2, 13, 4], "texture": "#metal"},
				"down": {"uv": [0, 11, 14, 14], "texture": "#metal"}
			}
		},
		{
			"from": [11, 12.625, 14.25],
			"to": [15, 13, 14.75],
			"faces": {
				"north": {"uv": [0, 0, 14, 0.25], "texture": "#metal"},
				"east": {"uv": [0, 0, 12, 0.25], "texture": "#metal"},
				"south": {"uv": [2, 9, 16, 11.25], "texture": "#metal"},
				"west": {"uv": [3, 4, 15, 4.25], "texture": "#metal"},
				"up": {"uv": [0, 14, 10, 16], "texture": "#metal"},
				"down": {"uv": [0, 0, 14, 12], "texture": "#metal"}
			}
		},
		{
			"from": [7, 12.625, 14.25],
			"to": [11, 13, 14.75],
			"faces": {
				"north": {"uv": [0, 0, 14, 0.25], "texture": "#metal"},
				"east": {"uv": [0, 0, 12, 0.25], "texture": "#metal"},
				"south": {"uv": [2, 9, 16, 11.25], "texture": "#metal"},
				"west": {"uv": [3, 4, 15, 4.25], "texture": "#metal"},
				"up": {"uv": [4, 13, 14, 15], "texture": "#metal"},
				"down": {"uv": [0, 0, 14, 12], "texture": "#metal"}
			}
		},
		{
			"from": [3, 12.625, 14.25],
			"to": [7, 13, 14.75],
			"faces": {
				"north": {"uv": [0, 0, 14, 0.25], "texture": "#metal"},
				"east": {"uv": [0, 0, 12, 0.25], "texture": "#metal"},
				"south": {"uv": [2, 9, 16, 11.25], "texture": "#metal"},
				"west": {"uv": [3, 4, 15, 4.25], "texture": "#metal"},
				"up": {"uv": [1, 11, 11, 13], "texture": "#metal"},
				"down": {"uv": [0, 0, 14, 12], "texture": "#metal"}
			}
		},
		{
			"from": [15, 12.625, 12],
			"to": [16, 13, 16],
			"faces": {
				"north": {"uv": [0, 0, 14, 0.25], "texture": "#metal"},
				"east": {"uv": [0, 2, 12, 4.25], "texture": "#metal"},
				"south": {"uv": [6, 10, 11, 12.25], "texture": "#metal"},
				"west": {"uv": [0, 6, 12, 8.25], "texture": "#metal"},
				"up": {"uv": [4, 3, 7, 13], "texture": "#metal"},
				"down": {"uv": [3, 1, 5, 13], "texture": "#metal"}
			}
		},
		{
			"from": [15, 12.625, 8],
			"to": [16, 13, 12],
			"faces": {
				"north": {"uv": [0, 0, 14, 0.25], "texture": "#metal"},
				"east": {"uv": [2, 2, 14, 4.25], "texture": "#metal"},
				"south": {"uv": [0, 0, 14, 0.25], "texture": "#metal"},
				"west": {"uv": [0, 6, 12, 8.25], "texture": "#metal"},
				"up": {"uv": [4, 3, 7, 13], "texture": "#metal"},
				"down": {"uv": [8, 3, 10, 15], "texture": "#metal"}
			}
		},
		{
			"from": [15, 12.625, 4],
			"to": [16, 13, 8],
			"faces": {
				"north": {"uv": [0, 0, 14, 0.25], "texture": "#metal"},
				"east": {"uv": [3, 6, 15, 8.25], "texture": "#metal"},
				"south": {"uv": [0, 0, 14, 0.25], "texture": "#metal"},
				"west": {"uv": [4, 9, 16, 11.25], "texture": "#metal"},
				"up": {"uv": [4, 3, 7, 13], "texture": "#metal"},
				"down": {"uv": [4, 2, 6, 14], "texture": "#metal"}
			}
		},
		{
			"from": [15, 12.625, 0],
			"to": [16, 13, 4],
			"faces": {
				"north": {"uv": [0, 0, 5, 1.25], "texture": "#metal"},
				"east": {"uv": [2, 4, 14, 6.25], "texture": "#metal"},
				"south": {"uv": [0, 0, 14, 0.25], "texture": "#metal"},
				"west": {"uv": [4, 9, 16, 11.25], "texture": "#metal"},
				"up": {"uv": [4, 3, 7, 13], "texture": "#metal"},
				"down": {"uv": [3, 3, 5, 15], "texture": "#metal"}
			}
		}
	],
	"display": {
		"thirdperson_righthand": {
			"rotation": [86, 10, -90],
			"translation": [-1, -1.75, -1.5],
			"scale": [0.3, 0.3, 0.3]
		},
		"firstperson_righthand": {
			"rotation": [30, 13, 82],
			"translation": [4.25, -1.25, 0],
			"scale": [0.3, 0.3, 0.3]
		},
		"ground": {
			"translation": [0, -3, 0],
			"scale": [0.3, 0.3, 0.3]
		},
		"gui": {
			"rotation": [30, 45, 0],
			"translation": [0, 0.25, 0],
			"scale": [0.7, 0.7, 0.7]
		},
		"fixed": {
			"rotation": [-90, 0, 0],
			"translation": [0, 0, 2.25],
			"scale": [0.5, 0.5, 0.5]
		}
	}
}