{
	"parent": "block/cube",
	"ambientocclusion": false,
	"textures": {
    "redmetal": "rsgauges:blocks/common/darkredmetal",
    "metal": "rsgauges:blocks/common/darkgraymetal",
		"particle": "rsgauges:blocks/common/darkgraymetal"
	},
	"elements": [
		{
			"from": [6, 6, 15.5],
			"to": [10, 10, 16],
			"faces": {
				"north": {"uv": [6, 6, 10, 10], "texture": "#metal"},
				"east": {"uv": [0, 6, 0.5, 10], "texture": "#metal"},
				"south": {"uv": [6, 6, 10, 10], "texture": "#metal"},
				"west": {"uv": [15.5, 6, 16, 10], "texture": "#metal"},
				"up": {"uv": [6, 15.5, 10, 16], "texture": "#metal"},
				"down": {"uv": [6, 0, 10, 0.5], "texture": "#metal"}
			}
		},
		{
			"from": [7, 7, 15],
			"to": [9, 9, 15.5],
			"faces": {
				"north": {"uv": [7, 7, 9, 9], "texture": "#metal"},
				"east": {"uv": [0.5, 7, 1, 9], "texture": "#metal"},
				"south": {"uv": [7, 7, 9, 9], "texture": "#metal"},
				"west": {"uv": [15, 7, 15.5, 9], "texture": "#metal"},
				"up": {"uv": [7, 15, 9, 15.5], "texture": "#metal"},
				"down": {"uv": [7, 0.5, 9, 1], "texture": "#metal"}
			}
		},
		{
			"from": [7.25, 7.25, 14],
			"to": [8.75, 8.75, 15],
			"faces": {
				"north": {"uv": [7.25, 7.25, 8.75, 8.75], "texture": "#metal"},
				"east": {"uv": [1, 7.25, 2, 8.75], "texture": "#metal"},
				"south": {"uv": [7.25, 7.25, 8.75, 8.75], "texture": "#metal"},
				"west": {"uv": [14, 7.25, 15, 8.75], "texture": "#metal"},
				"up": {"uv": [7.25, 14, 8.75, 15], "texture": "#metal"},
				"down": {"uv": [7.25, 1, 8.75, 2], "texture": "#metal"}
			}
		},
		{
			"from": [7.5, 7.5, 13.25],
			"to": [8.5, 8.5, 14],
			"faces": {
				"north": {"uv": [7.5, 7.5, 8.5, 8.5], "texture": "#metal"},
				"east": {"uv": [2, 7.5, 2.75, 8.5], "texture": "#metal"},
				"south": {"uv": [7.5, 7.5, 8.5, 8.5], "texture": "#metal"},
				"west": {"uv": [13.25, 7.5, 14, 8.5], "texture": "#metal"},
				"up": {"uv": [7.5, 13.25, 8.5, 14], "texture": "#metal"},
				"down": {"uv": [7.5, 2, 8.5, 2.75], "texture": "#metal"}
			}
		},
		{
			"from": [7.5, 7, 11.25],
			"to": [8.5, 9, 13.25],
			"faces": {
				"north": {"uv": [7.5, 7, 8.5, 9], "texture": "#metal"},
				"east": {"uv": [2.75, 7, 4.75, 9], "texture": "#metal"},
				"south": {"uv": [7.5, 7, 8.5, 9], "texture": "#metal"},
				"west": {"uv": [11.25, 7, 13.25, 9], "texture": "#metal"},
				"up": {"uv": [7.5, 11.25, 8.5, 13.25], "texture": "#metal"},
				"down": {"uv": [7.5, 2.75, 8.5, 4.75], "texture": "#metal"}
			}
		},
		{
			"from": [8.5, 6.75, 11],
			"to": [9.5, 9.25, 13.5],
			"faces": {
				"north": {"uv": [6.5, 6.75, 7.5, 9.25], "texture": "#redmetal"},
				"east": {"uv": [2.5, 6.75, 5, 9.25], "texture": "#redmetal"},
				"south": {"uv": [8.5, 6.75, 9.5, 9.25], "texture": "#redmetal"},
				"west": {"uv": [11, 6.75, 13.5, 9.25], "texture": "#redmetal"},
				"up": {"uv": [8.5, 11, 9.5, 13.5], "texture": "#redmetal"},
				"down": {"uv": [8.5, 2.5, 9.5, 5], "texture": "#redmetal"}
			}
		},
		{
			"from": [9.5, 8.5, 10.75],
			"to": [10.5, 9.5, 13.75],
			"faces": {
				"north": {"uv": [5.5, 6.5, 6.5, 7.5], "texture": "#metal"},
				"east": {"uv": [2.25, 6.5, 5.25, 7.5], "texture": "#metal"},
				"south": {"uv": [9.5, 6.5, 10.5, 7.5], "texture": "#metal"},
				"west": {"uv": [10.75, 6.5, 13.75, 7.5], "texture": "#metal"},
				"up": {"uv": [9.5, 10.75, 10.5, 13.75], "texture": "#metal"},
				"down": {"uv": [9.5, 2.25, 10.5, 5.25], "texture": "#metal"}
			}
		},
		{
			"from": [9.5, 6.5, 10.75],
			"to": [10.5, 7.5, 13.75],
			"faces": {
				"north": {"uv": [5.5, 8.5, 6.5, 9.5], "texture": "#metal"},
				"east": {"uv": [2.25, 8.5, 5.25, 9.5], "texture": "#metal"},
				"south": {"uv": [9.5, 8.5, 10.5, 9.5], "texture": "#metal"},
				"west": {"uv": [10.75, 8.5, 13.75, 9.5], "texture": "#metal"},
				"up": {"uv": [9.5, 10.75, 10.5, 13.75], "texture": "#metal"},
				"down": {"uv": [9.5, 2.25, 10.5, 5.25], "texture": "#metal"}
			}
		},
		{
			"from": [9.5, 7.5, 12.75],
			"to": [10.5, 8.5, 13.75],
			"faces": {
				"north": {"uv": [5.5, 7.5, 6.5, 8.5], "texture": "#metal"},
				"east": {"uv": [2.25, 7.5, 3.25, 8.5], "texture": "#metal"},
				"south": {"uv": [9.5, 7.5, 10.5, 8.5], "texture": "#metal"},
				"west": {"uv": [12.75, 7.5, 13.75, 8.5], "texture": "#metal"},
				"up": {"uv": [9.5, 12.75, 10.5, 13.75], "texture": "#metal"},
				"down": {"uv": [9.5, 2.25, 10.5, 3.25], "texture": "#metal"}
			}
		},
		{
			"from": [9.5, 7.5, 10.75],
			"to": [10.5, 8.5, 11.75],
			"faces": {
				"north": {"uv": [5.5, 7.5, 6.5, 8.5], "texture": "#metal"},
				"east": {"uv": [4.25, 7.5, 5.25, 8.5], "texture": "#metal"},
				"south": {"uv": [9.5, 7.5, 10.5, 8.5], "texture": "#metal"},
				"west": {"uv": [10.75, 7.5, 11.75, 8.5], "texture": "#metal"},
				"up": {"uv": [9.5, 10.75, 10.5, 11.75], "texture": "#metal"},
				"down": {"uv": [9.5, 4.25, 10.5, 5.25], "texture": "#metal"}
			}
		},
		{
			"from": [10.5, 8.75, 13],
			"to": [12.25, 9.75, 14],
			"faces": {
				"north": {"uv": [3.75, 6.25, 5.5, 7.25], "texture": "#redmetal"},
				"east": {"uv": [2, 6.25, 3, 7.25], "texture": "#redmetal"},
				"south": {"uv": [10.5, 6.25, 12.25, 7.25], "texture": "#redmetal"},
				"west": {"uv": [13, 6.25, 14, 7.25], "texture": "#redmetal"},
				"up": {"uv": [10.5, 13, 12.25, 14], "texture": "#redmetal"},
				"down": {"uv": [10.5, 2, 12.25, 3], "texture": "#redmetal"}
			}
		},
		{
			"from": [10.5, 6.25, 13],
			"to": [12.25, 7.25, 14],
			"faces": {
				"north": {"uv": [3.75, 8.75, 5.5, 9.75], "texture": "#redmetal"},
				"east": {"uv": [2, 8.75, 3, 9.75], "texture": "#redmetal"},
				"south": {"uv": [10.5, 8.75, 12.25, 9.75], "texture": "#redmetal"},
				"west": {"uv": [13, 8.75, 14, 9.75], "texture": "#redmetal"},
				"up": {"uv": [10.5, 13, 12.25, 14], "texture": "#redmetal"},
				"down": {"uv": [10.5, 2, 12.25, 3], "texture": "#redmetal"}
			}
		},
		{
			"from": [10.5, 7.25, 13],
			"to": [12.25, 8.75, 14],
			"faces": {
				"north": {"uv": [3.75, 7.25, 5.5, 8.75], "texture": "#metal"},
				"east": {"uv": [2, 7.25, 3, 8.75], "texture": "#redmetal"},
				"south": {"uv": [10.5, 7.25, 12.25, 8.75], "texture": "#redmetal"},
				"west": {"uv": [13, 7.25, 14, 8.75], "texture": "#redmetal"},
				"up": {"uv": [10.5, 13, 12.25, 14], "texture": "#redmetal"},
				"down": {"uv": [10.5, 2, 12.25, 3], "texture": "#redmetal"}
			}
		},
		{
			"from": [10.5, 7.25, 10.5],
			"to": [12.25, 8.75, 11.5],
			"faces": {
				"north": {"uv": [3.75, 7.25, 5.5, 8.75], "texture": "#redmetal"},
				"east": {"uv": [4.5, 7.25, 5.5, 8.75], "texture": "#redmetal"},
				"south": {"uv": [10.5, 7.25, 12.25, 8.75], "texture": "#metal"},
				"west": {"uv": [10.5, 7.25, 11.5, 8.75], "texture": "#redmetal"},
				"up": {"uv": [10.5, 10.5, 12.25, 11.5], "texture": "#redmetal"},
				"down": {"uv": [10.5, 4.5, 12.25, 5.5], "texture": "#redmetal"}
			}
		},
		{
			"from": [5, 8.5, 10.75],
			"to": [7.5, 9.5, 11.75],
			"faces": {
				"north": {"uv": [8.5, 6.5, 11, 7.5], "texture": "#redmetal"},
				"east": {"uv": [4.25, 6.5, 5.25, 7.5], "texture": "#redmetal"},
				"south": {"uv": [5, 6.5, 7.5, 7.5], "texture": "#redmetal"},
				"west": {"uv": [10.75, 6.5, 11.75, 7.5], "texture": "#redmetal"},
				"up": {"uv": [5, 10.75, 7.5, 11.75], "texture": "#redmetal"},
				"down": {"uv": [5, 4.25, 7.5, 5.25], "texture": "#redmetal"}
			}
		},
		{
			"from": [5, 7.5, 10.75],
			"to": [7.5, 8.5, 11.75],
			"faces": {
				"north": {"uv": [8.5, 7.5, 11, 8.5], "texture": "#redmetal"},
				"east": {"uv": [4.25, 7.5, 5.25, 8.5], "texture": "#redmetal"},
				"south": {"uv": [5, 7.5, 7.5, 8.5], "texture": "#metal"},
				"west": {"uv": [10.75, 7.5, 11.75, 8.5], "texture": "#redmetal"},
				"up": {"uv": [5, 10.75, 7.5, 11.75], "texture": "#redmetal"},
				"down": {"uv": [5, 4.25, 7.5, 5.25], "texture": "#redmetal"}
			}
		},
		{
			"from": [5, 6.5, 10.75],
			"to": [7.5, 7.5, 11.75],
			"faces": {
				"north": {"uv": [8.5, 8.5, 11, 9.5], "texture": "#redmetal"},
				"east": {"uv": [4.25, 8.5, 5.25, 9.5], "texture": "#redmetal"},
				"south": {"uv": [5, 8.5, 7.5, 9.5], "texture": "#redmetal"},
				"west": {"uv": [10.75, 8.5, 11.75, 9.5], "texture": "#redmetal"},
				"up": {"uv": [5, 10.75, 7.5, 11.75], "texture": "#redmetal"},
				"down": {"uv": [5, 4.25, 7.5, 5.25], "texture": "#redmetal"}
			}
		},
		{
			"from": [5, 7.5, 12.75],
			"to": [7.5, 8.5, 13.75],
			"faces": {
				"north": {"uv": [8.5, 7.5, 11, 8.5], "texture": "#metal"},
				"east": {"uv": [2.25, 7.5, 3.25, 8.5], "texture": "#redmetal"},
				"south": {"uv": [5, 7.5, 7.5, 8.5], "texture": "#redmetal"},
				"west": {"uv": [12.75, 7.5, 13.75, 8.5], "texture": "#redmetal"},
				"up": {"uv": [5, 12.75, 7.5, 13.75], "texture": "#redmetal"},
				"down": {"uv": [5, 2.25, 7.5, 3.25], "texture": "#redmetal"}
			}
		},
		{
			"from": [5, 6.5, 12.75],
			"to": [7.5, 7.5, 13.75],
			"faces": {
				"north": {"uv": [8.5, 8.5, 11, 9.5], "texture": "#redmetal"},
				"east": {"uv": [2.25, 8.5, 3.25, 9.5], "texture": "#redmetal"},
				"south": {"uv": [5, 8.5, 7.5, 9.5], "texture": "#redmetal"},
				"west": {"uv": [12.75, 8.5, 13.75, 9.5], "texture": "#redmetal"},
				"up": {"uv": [5, 12.75, 7.5, 13.75], "texture": "#redmetal"},
				"down": {"uv": [5, 2.25, 7.5, 3.25], "texture": "#redmetal"}
			}
		},
		{
			"from": [5, 8.5, 12.75],
			"to": [7.5, 9.5, 13.75],
			"faces": {
				"north": {"uv": [8.5, 6.5, 11, 7.5], "texture": "#redmetal"},
				"east": {"uv": [2.25, 6.5, 3.25, 7.5], "texture": "#redmetal"},
				"south": {"uv": [5, 6.5, 7.5, 7.5], "texture": "#redmetal"},
				"west": {"uv": [12.75, 6.5, 13.75, 7.5], "texture": "#redmetal"},
				"up": {"uv": [5, 12.75, 7.5, 13.75], "texture": "#redmetal"},
				"down": {"uv": [5, 2.25, 7.5, 3.25], "texture": "#redmetal"}
			}
		},
		{
			"from": [5, 8.5, 11.75],
			"to": [7.5, 9.5, 12.75],
			"faces": {
				"north": {"uv": [8.5, 6.5, 11, 7.5], "texture": "#redmetal"},
				"east": {"uv": [3.25, 6.5, 4.25, 7.5], "texture": "#redmetal"},
				"south": {"uv": [5, 6.5, 7.5, 7.5], "texture": "#redmetal"},
				"west": {"uv": [11.75, 6.5, 12.75, 7.5], "texture": "#redmetal"},
				"up": {"uv": [5, 11.75, 7.5, 12.75], "texture": "#redmetal"},
				"down": {"uv": [5, 3.25, 7.5, 4.25], "texture": "#metal"}
			}
		},
		{
			"from": [5, 6.5, 11.75],
			"to": [7.5, 7.5, 12.75],
			"faces": {
				"north": {"uv": [8.5, 8.5, 11, 9.5], "texture": "#redmetal"},
				"east": {"uv": [3.25, 8.5, 4.25, 9.5], "texture": "#redmetal"},
				"south": {"uv": [5, 8.5, 7.5, 9.5], "texture": "#redmetal"},
				"west": {"uv": [11.75, 8.5, 12.75, 9.5], "texture": "#redmetal"},
				"up": {"uv": [5, 11.75, 7.5, 12.75], "texture": "#metal"},
				"down": {"uv": [5, 3.25, 7.5, 4.25], "texture": "#redmetal"}
			}
		},
		{
			"from": [10.5, 6.25, 10.5],
			"to": [12.25, 7.25, 11.5],
			"faces": {
				"north": {"uv": [3.75, 8.75, 5.5, 9.75], "texture": "#redmetal"},
				"east": {"uv": [4.5, 8.75, 5.5, 9.75], "texture": "#redmetal"},
				"south": {"uv": [10.5, 8.75, 12.25, 9.75], "texture": "#redmetal"},
				"west": {"uv": [10.5, 8.75, 11.5, 9.75], "texture": "#redmetal"},
				"up": {"uv": [10.5, 10.5, 12.25, 11.5], "texture": "#redmetal"},
				"down": {"uv": [10.5, 4.5, 12.25, 5.5], "texture": "#redmetal"}
			}
		},
		{
			"from": [10.5, 8.75, 10.5],
			"to": [12.25, 9.75, 11.5],
			"faces": {
				"north": {"uv": [3.75, 6.25, 5.5, 7.25], "texture": "#redmetal"},
				"east": {"uv": [4.5, 6.25, 5.5, 7.25], "texture": "#redmetal"},
				"south": {"uv": [10.5, 6.25, 12.25, 7.25], "texture": "#redmetal"},
				"west": {"uv": [10.5, 6.25, 11.5, 7.25], "texture": "#redmetal"},
				"up": {"uv": [10.5, 10.5, 12.25, 11.5], "texture": "#redmetal"},
				"down": {"uv": [10.5, 4.5, 12.25, 5.5], "texture": "#redmetal"}
			}
		},
		{
			"from": [10.5, 8.75, 11.5],
			"to": [12.25, 9.75, 13],
			"faces": {
				"north": {"uv": [3.75, 6.25, 5.5, 7.25], "texture": "#redmetal"},
				"east": {"uv": [3, 6.25, 4.5, 7.25], "texture": "#redmetal"},
				"south": {"uv": [10.5, 6.25, 12.25, 7.25], "texture": "#redmetal"},
				"west": {"uv": [11.5, 6.25, 13, 7.25], "texture": "#redmetal"},
				"up": {"uv": [10.5, 11.5, 12.25, 13], "texture": "#redmetal"},
				"down": {"uv": [10.5, 3, 12.25, 4.5], "texture": "#metal"}
			}
		},
		{
			"from": [10.5, 6.25, 11.5],
			"to": [12.25, 7.25, 13],
			"faces": {
				"north": {"uv": [3.75, 8.75, 5.5, 9.75], "texture": "#redmetal"},
				"east": {"uv": [3, 8.75, 4.5, 9.75], "texture": "#redmetal"},
				"south": {"uv": [10.5, 8.75, 12.25, 9.75], "texture": "#redmetal"},
				"west": {"uv": [11.5, 8.75, 13, 9.75], "texture": "#redmetal"},
				"up": {"uv": [10.5, 11.5, 12.25, 13], "texture": "#metal"},
				"down": {"uv": [10.5, 3, 12.25, 4.5], "texture": "#redmetal"}
			}
		}
	],
	"display": {
		"thirdperson_righthand": {
			"rotation": [161, 1, -100],
			"translation": [0, 0, 2.25],
			"scale": [0.6, 0.6, 0.6]
		},
		"firstperson_righthand": {
			"rotation": [85, -25, -101],
			"translation": [7.25, -1.5, -4.75],
			"scale": [0.6, 0.6, 0.6]
		},
		"ground": {
			"rotation": [92, 0, 0],
			"translation": [0.25, 1.25, 1],
			"scale": [0.6, 0.6, 0.6]
		},
		"gui": {
			"rotation": [125, 0, 45],
			"translation": [0, 6.25, 0],
			"scale": [1.5, 1.5, 1.5]
		},
		"fixed": {
			"translation": [0, 0, -11.75],
			"scale": [1.5, 1.5, 1.5]
		}
	}
}