{
	"parent": "block/cube",
	"ambientocclusion": false,
	"textures": {
    "lamp": "rsgauges:blocks/indicator/indicator_fg_red_off_texture",
    "side":  "rsgauges:blocks/common/darkgraymetal"
	},
	"elements": [
		{
			"from": [6, 6, 11.5],
			"to": [10, 10, 15],
			"faces": {
				"north": {"uv": [6, 6, 10, 10], "texture": "#lamp"},
				"east": {"uv": [1, 6, 4.5, 10], "texture": "#lamp"},
				"west": {"uv": [11.5, 6, 15, 10], "texture": "#lamp"},
				"up": {"uv": [6, 11.5, 10, 15], "texture": "#lamp"},
				"down": {"uv": [6, 1, 10, 4.5], "texture": "#lamp"}
			}
		},
		{
			"from": [5.5, 5.5, 15],
			"to": [10.5, 10.5, 16],
			"faces": {
				"north": {"uv": [0, 5.5, 1, 10.5], "texture": "#side"},
				"east": {"uv": [0, 5.5, 1, 10.5], "texture": "#side"},
				"south": {"uv": [0, 5.5, 1, 10.5], "texture": "#side"},
				"west": {"uv": [0, 5.5, 1, 10.5], "texture": "#side"},
				"up": {"uv": [0, 5.5, 1, 10.5], "texture": "#side"},
				"down": {"uv": [0, 5.5, 1, 10.5], "texture": "#side"}
			}
		},
		{
			"from": [6.5, 6.5, 12],
			"to": [9.5, 9.5, 15],
			"faces": {
				"north": {"uv": [0, 5.5, 1, 10.5], "texture": "#lamp"},
				"east": {"uv": [0, 5.5, 1, 10.5], "texture": "#lamp"},
				"south": {"uv": [0, 5.5, 1, 10.5], "texture": "#lamp"},
				"west": {"uv": [0, 0, 1.5, 2], "texture": "#lamp"},
				"up": {"uv": [0, 5.5, 1, 10.5], "texture": "#lamp"},
				"down": {"uv": [0, 5.5, 1, 10.5], "texture": "#lamp"}
			}
		}
	],
	"display": {
		"thirdperson_righthand": {
			"rotation": [138, 0, 0],
			"translation": [0, 2.5, 2],
			"scale": [0.6, 0.6, 0.6]
		},
		"firstperson_righthand": {
			"rotation": [76, 0, 0],
			"translation": [7.5, 0, -5.5],
			"scale": [0.6, 0.6, 0.6]
		},
		"ground": {
			"translation": [0, -1.25, -4],
			"scale": [0.6, 0.6, 0.6]
		},
		"gui": {
			"rotation": [125, 0, 45],
			"translation": [0, 5.75, 0],
			"scale": [1.5, 1.5, 1.5]
		},
		"fixed": {
			"translation": [0, 0, -7.75]
		}
	}
}