{
	"parent": "block/cube",
	"ambientocclusion": false,
	"textures": {
		"side": "rsgauges:blocks/common/darkgraymetal",
		"particle": "rsgauges:blocks/common/darkgraymetal",
		"lamp": "rsgauges:blocks/indicator/indicator_fg_white_off_texture"
	},
	"elements": [
		{
			"from": [6, 6, 15.3],
			"to": [10, 10, 16],
			"faces": {
				"north": {"uv": [6, 6, 10, 10], "texture": "#side"},
				"east": {"uv": [0, 6, 0.7, 10], "texture": "#side"},
				"south": {"uv": [6, 6, 10, 10], "texture": "#side"},
				"west": {"uv": [15.3, 6, 16, 10], "texture": "#side"},
				"up": {"uv": [6, 15.3, 10, 16], "texture": "#side"},
				"down": {"uv": [6, 0, 10, 0.7], "texture": "#side"}
			}
		},
		{
			"from": [6.5, 6.5, 15.2],
			"to": [9.5, 9.5, 15.3],
			"faces": {
				"north": {"uv": [6.5, 6.5, 9.5, 9.5], "texture": "#lamp", "tintindex": 0},
				"east": {"uv": [0.7, 6.5, 0.8, 9.5], "texture": "#lamp", "tintindex": 0},
				"west": {"uv": [15.2, 6.5, 15.3, 9.5], "texture": "#lamp", "tintindex": 0},
				"up": {"uv": [6.5, 15.2, 9.5, 15.3], "texture": "#lamp", "tintindex": 0},
				"down": {"uv": [6.5, 0.7, 9.5, 0.8], "texture": "#lamp", "tintindex": 0}
			}
		},
		{
			"from": [6.8, 6.8, 15.1],
			"to": [9.2, 9.2, 15.2],
			"faces": {
				"north": {"uv": [6.8, 6.8, 9.2, 9.2], "texture": "#lamp", "tintindex": 0},
				"east": {"uv": [0.8, 6.8, 0.9, 9.2], "texture": "#lamp", "tintindex": 0},
				"west": {"uv": [15.1, 6.8, 15.2, 9.2], "texture": "#lamp", "tintindex": 0},
				"up": {"uv": [6.8, 15.1, 9.2, 15.2], "texture": "#lamp", "tintindex": 0},
				"down": {"uv": [6.8, 0.8, 9.2, 0.9], "texture": "#lamp", "tintindex": 0}
			}
		}
	],
	"display": {
		"thirdperson_righthand": {
			"rotation": [-9, 71, 0],
			"translation": [-3.25, -0.75, -2.25],
			"scale": [0.6, 0.6, 0.6]
		},
		"firstperson_righthand": {
			"rotation": [12, 74, 0],
			"translation": [-2, 0, -1.75],
			"scale": [0.6, 0.6, 0.6]
		},
		"ground": {
			"translation": [0, -1.25, -4],
			"scale": [0.6, 0.6, 0.6]
		},
		"gui": {
			"rotation": [30, -135, 0],
			"translation": [11, -5.25, 0],
			"scale": [2, 2, 2]
		},
		"fixed": {
			"translation": [0, 0, -7.75]
		}
	}
}