{
  "parent": "block/cube",
  "ambientocclusion": false,
  "textures": {
    "0": "rsgauges:blocks/common/darkroughmetal",
    "3": "rsgauges:blocks/common/old_wood",
    "5": "rsgauges:blocks/common/old_iron",
    "particle": "rsgauges:blocks/common/old_iron"
  },
  "display": {
    "gui":    { "rotation": [ 0, 180, 0 ], "translation": [  0.00, 0.50,   0.00 ], "scale": [ 1.00, 1.00, 1.00 ] },
    "fixed":  { "rotation": [ 0,   0, 0 ], "translation": [  0.00, 0.00, -11.00 ], "scale": [ 1.00, 1.00, 1.00 ] },
    "ground": { "rotation": [ 0,   0, 0 ], "translation": [  0.00, 0.00,  -7.00 ], "scale": [ 0.50, 0.50, 0.50 ] }
  },
"elements": [
		{
			"from": [3.25, 14.5, 15.5],
			"to": [5.75, 14.75, 16],
			"faces": {
				"north": {"uv": [5, 5, 8.5, 6.25], "texture": "#5"},
				"east": {"uv": [4, 5, 4.5, 5.25], "texture": "#5"},
				"south": {"uv": [4, 5, 8.5, 6.25], "texture": "#5"},
				"west": {"uv": [4, 5, 4.5, 5.25], "texture": "#5"},
				"up": {"uv": [0, 4, 2.5, 4.5], "texture": "#5"},
				"down": {"uv": [4, 5, 6.5, 5.5], "texture": "#5"}
			}
		},
		{
			"from": [3.5, 11.5, 15.5],
			"to": [5.5, 14.5, 16],
			"faces": {
				"north": {"uv": [9, 5, 12, 10], "texture": "#5"},
				"east": {"uv": [4, 5, 4.5, 8], "texture": "#5"},
				"south": {"uv": [8, 3, 11, 8], "texture": "#5"},
				"west": {"uv": [4, 5, 4.5, 8], "texture": "#5"},
				"up": {"uv": [4, 5, 6, 5.5], "texture": "#5"},
				"down": {"uv": [4, 5, 6, 5.5], "texture": "#5"}
			}
		},
		{
			"from": [3.25, 11.25, 15.5],
			"to": [5.75, 11.5, 16],
			"faces": {
				"north": {"uv": [5, 2, 7.5, 2.25], "texture": "#5"},
				"east": {"uv": [4, 5, 4.5, 5.25], "texture": "#5"},
				"south": {"uv": [7, 3, 11.5, 4.25], "texture": "#5"},
				"west": {"uv": [4, 5, 4.5, 5.25], "texture": "#5"},
				"up": {"uv": [4, 5, 6.5, 5.5], "texture": "#5"},
				"down": {"uv": [4, 5, 6.5, 5.5], "texture": "#5"}
			}
		},
		{
			"from": [2.5, 13.25, 15.5],
			"to": [2.75, 14, 16],
			"faces": {
				"north": {"uv": [3, 6, 4.25, 7.75], "texture": "#5"},
				"east": {"uv": [4, 5, 4.5, 5.75], "texture": "#5"},
				"south": {"uv": [4, 7, 5.25, 9.75], "texture": "#5"},
				"west": {"uv": [4, 5, 4.5, 5.75], "texture": "#5"},
				"up": {"uv": [4, 5, 4.25, 5.5], "texture": "#5"},
				"down": {"uv": [4, 5, 4.25, 5.5], "texture": "#5"}
			}
		},
		{
			"from": [2.75, 11.75, 15.5],
			"to": [3, 14.25, 16],
			"faces": {
				"north": {"uv": [9, 7, 9.25, 9.5], "texture": "#5"},
				"east": {"uv": [4, 5, 4.5, 7.5], "texture": "#5"},
				"south": {"uv": [2, 7, 2.25, 9.5], "texture": "#5"},
				"west": {"uv": [4, 5, 4.5, 7.5], "texture": "#5"},
				"up": {"uv": [4, 5, 4.25, 5.5], "texture": "#5"},
				"down": {"uv": [4, 5, 4.25, 5.5], "texture": "#5"}
			}
		},
		{
			"from": [6, 11.75, 15.5],
			"to": [6.25, 14.25, 16],
			"faces": {
				"north": {"uv": [9, 7, 9.25, 9.5], "texture": "#5"},
				"east": {"uv": [4, 5, 4.5, 7.5], "texture": "#5"},
				"south": {"uv": [2, 7, 2.25, 9.5], "texture": "#5"},
				"west": {"uv": [4, 5, 4.5, 7.5], "texture": "#5"},
				"up": {"uv": [4, 5, 4.25, 5.5], "texture": "#5"},
				"down": {"uv": [4, 5, 4.25, 5.5], "texture": "#5"}
			}
		},
		{
			"from": [6.25, 13.25, 15.5],
			"to": [6.5, 14, 16],
			"faces": {
				"north": {"uv": [10, 5, 10.25, 5.75], "texture": "#5"},
				"east": {"uv": [4, 5, 4.5, 5.75], "texture": "#5"},
				"south": {"uv": [4, 7, 5.25, 9.75], "texture": "#5"},
				"west": {"uv": [4, 5, 4.5, 5.75], "texture": "#5"},
				"up": {"uv": [4, 5, 4.25, 5.5], "texture": "#5"},
				"down": {"uv": [4, 5, 4.25, 5.5], "texture": "#5"}
			}
		},
		{
			"from": [3.5, 11, 15.5],
			"to": [4.25, 11.25, 16],
			"faces": {
				"north": {"uv": [5, 2, 7.75, 3.25], "texture": "#5"},
				"east": {"uv": [4, 5, 4.5, 5.25], "texture": "#5"},
				"south": {"uv": [7, 2, 7.75, 2.25], "texture": "#5"},
				"west": {"uv": [4, 5, 4.5, 5.25], "texture": "#5"},
				"up": {"uv": [4, 5, 4.75, 5.5], "texture": "#5"},
				"down": {"uv": [4, 5, 4.75, 5.5], "texture": "#5"}
			}
		},
		{
			"from": [3.5, 14.75, 15.5],
			"to": [4.25, 15, 16],
			"faces": {
				"north": {"uv": [5, 5, 6, 6.25], "texture": "#5"},
				"east": {"uv": [4, 5, 4.5, 5.25], "texture": "#5"},
				"south": {"uv": [4, 5, 4.75, 5.25], "texture": "#5"},
				"west": {"uv": [4, 5, 4.5, 5.25], "texture": "#5"},
				"up": {"uv": [4, 5, 4.75, 5.5], "texture": "#5"},
				"down": {"uv": [4, 5, 4.75, 5.5], "texture": "#5"}
			}
		},
		{
			"from": [5.75, 12.5, 15.25],
			"to": [6, 13.5, 15.5],
			"faces": {
				"north": {"uv": [9, 7, 9.25, 8], "texture": "#5"},
				"east": {"uv": [4, 5, 4.25, 6], "texture": "#5"},
				"south": {"uv": [4, 5, 4.25, 6], "texture": "#5"},
				"west": {"uv": [4, 5, 4.25, 6], "texture": "#5"},
				"up": {"uv": [4, 5, 4.25, 5.25], "texture": "#5"},
				"down": {"uv": [4, 5, 4.25, 5.25], "texture": "#5"}
			}
		},
		{
			"from": [3, 12.5, 15.25],
			"to": [3.25, 13.5, 15.5],
			"faces": {
				"north": {"uv": [9, 7, 9.25, 8], "texture": "#5"},
				"east": {"uv": [4, 5, 4.25, 6], "texture": "#5"},
				"south": {"uv": [4, 5, 4.25, 6], "texture": "#5"},
				"west": {"uv": [4, 5, 4.25, 6], "texture": "#5"},
				"up": {"uv": [4, 5, 4.25, 5.25], "texture": "#5"},
				"down": {"uv": [4, 5, 4.25, 5.25], "texture": "#5"}
			}
		},
		{
			"from": [4, 14, 15.25],
			"to": [5, 14.25, 15.5],
			"faces": {
				"north": {"uv": [4, 5, 5, 5.25], "texture": "#5"},
				"east": {"uv": [4, 5, 4.25, 5.25], "texture": "#5"},
				"south": {"uv": [4, 5, 5, 5.25], "texture": "#5"},
				"west": {"uv": [4, 5, 4.25, 5.25], "texture": "#5"},
				"up": {"uv": [4, 5, 5, 5.25], "texture": "#5"},
				"down": {"uv": [4, 5, 5, 5.25], "texture": "#5"}
			}
		},
		{
			"from": [4, 11.5, 15.25],
			"to": [5, 11.75, 15.5],
			"faces": {
				"north": {"uv": [4, 5, 5, 5.25], "texture": "#5"},
				"east": {"uv": [4, 5, 4.25, 5.25], "texture": "#5"},
				"south": {"uv": [4, 5, 5, 5.25], "texture": "#5"},
				"west": {"uv": [4, 5, 4.25, 5.25], "texture": "#5"},
				"up": {"uv": [4, 5, 5, 5.25], "texture": "#5"},
				"down": {"uv": [4, 5, 5, 5.25], "texture": "#5"}
			}
		},
		{
			"from": [6, 12.75, 15.25],
			"to": [6.25, 13.25, 15.5],
			"faces": {
				"north": {"uv": [9, 7, 9.25, 7.5], "texture": "#5"},
				"east": {"uv": [4, 5, 4.25, 5.5], "texture": "#5"},
				"south": {"uv": [4, 5, 4.25, 5.5], "texture": "#5"},
				"west": {"uv": [4, 5, 4.25, 5.5], "texture": "#5"},
				"up": {"uv": [4, 5, 4.25, 5.25], "texture": "#5"},
				"down": {"uv": [4, 5, 4.25, 5.25], "texture": "#5"}
			}
		},
		{
			"from": [2.75, 12.75, 15.25],
			"to": [3, 13.25, 15.5],
			"faces": {
				"north": {"uv": [9, 7, 9.25, 7.5], "texture": "#5"},
				"east": {"uv": [4, 5, 4.25, 5.5], "texture": "#5"},
				"south": {"uv": [4, 5, 4.25, 5.5], "texture": "#5"},
				"west": {"uv": [4, 5, 4.25, 5.5], "texture": "#5"},
				"up": {"uv": [4, 5, 4.25, 5.25], "texture": "#5"},
				"down": {"uv": [4, 5, 4.25, 5.25], "texture": "#5"}
			}
		},
		{
			"from": [4.25, 14.5, 15.25],
			"to": [4.75, 14.75, 15.5],
			"faces": {
				"north": {"uv": [4, 5, 4.5, 5.25], "texture": "#5"},
				"east": {"uv": [4, 5, 4.25, 5.25], "texture": "#5"},
				"south": {"uv": [4, 5, 4.5, 5.25], "texture": "#5"},
				"west": {"uv": [4, 5, 4.25, 5.25], "texture": "#5"},
				"up": {"uv": [4, 5, 4.5, 5.25], "texture": "#5"},
				"down": {"uv": [4, 5, 4.5, 5.25], "texture": "#5"}
			}
		},
		{
			"from": [4.25, 11.25, 15.25],
			"to": [4.75, 11.5, 15.5],
			"faces": {
				"north": {"uv": [4, 5, 4.5, 5.25], "texture": "#5"},
				"east": {"uv": [4, 5, 4.25, 5.25], "texture": "#5"},
				"south": {"uv": [4, 5, 4.5, 5.25], "texture": "#5"},
				"west": {"uv": [4, 5, 4.25, 5.25], "texture": "#5"},
				"up": {"uv": [4, 5, 4.5, 5.25], "texture": "#5"},
				"down": {"uv": [4, 5, 4.5, 5.25], "texture": "#5"}
			}
		},
		{
			"from": [3, 12, 15.5],
			"to": [3.5, 14, 16],
			"faces": {
				"north": {"uv": [9, 7, 9.5, 9], "texture": "#5"},
				"east": {"uv": [4, 5, 4.5, 7], "texture": "#5"},
				"south": {"uv": [2, 7, 3.5, 11], "texture": "#5"},
				"west": {"uv": [4, 5, 4.5, 7], "texture": "#5"},
				"up": {"uv": [4, 5, 4.5, 5.5], "texture": "#5"},
				"down": {"uv": [4, 5, 4.5, 5.5], "texture": "#5"}
			}
		},
		{
			"from": [5.5, 12, 15.5],
			"to": [6, 14, 16],
			"faces": {
				"north": {"uv": [9, 7, 10.5, 10], "texture": "#5"},
				"east": {"uv": [4, 5, 4.5, 7], "texture": "#5"},
				"south": {"uv": [2, 7, 4.5, 14], "texture": "#5"},
				"west": {"uv": [4, 5, 4.5, 7], "texture": "#5"},
				"up": {"uv": [4, 5, 4.5, 5.5], "texture": "#5"},
				"down": {"uv": [4, 5, 4.5, 5.5], "texture": "#5"}
			}
		},
		{
			"from": [4.75, 14.75, 15.5],
			"to": [5.5, 15, 16],
			"faces": {
				"north": {"uv": [5, 2, 7.75, 3.25], "texture": "#5"},
				"east": {"uv": [4, 5, 4.5, 5.25], "texture": "#5"},
				"south": {"uv": [4, 5, 4.75, 5.25], "texture": "#5"},
				"west": {"uv": [4, 5, 4.5, 5.25], "texture": "#5"},
				"up": {"uv": [7, 3, 7.75, 3.5], "texture": "#5"},
				"down": {"uv": [4, 5, 4.75, 5.5], "texture": "#5"}
			}
		},
		{
			"from": [4.75, 11, 15.5],
			"to": [5.5, 11.25, 16],
			"faces": {
				"north": {"uv": [5, 2, 7.75, 3.25], "texture": "#5"},
				"east": {"uv": [4, 5, 4.5, 5.25], "texture": "#5"},
				"south": {"uv": [11, 8, 11.75, 8.25], "texture": "#5"},
				"west": {"uv": [4, 5, 4.5, 5.25], "texture": "#5"},
				"up": {"uv": [4, 5, 4.75, 5.5], "texture": "#5"},
				"down": {"uv": [4, 5, 4.75, 5.5], "texture": "#5"}
			}
		},
		{
			"from": [6.25, 12, 15.5],
			"to": [6.5, 12.75, 16],
			"faces": {
				"north": {"uv": [9, 7, 10.25, 9.75], "texture": "#5"},
				"east": {"uv": [4, 5, 4.5, 5.75], "texture": "#5"},
				"south": {"uv": [4, 7, 5.25, 9.75], "texture": "#5"},
				"west": {"uv": [4, 5, 4.5, 5.75], "texture": "#5"},
				"up": {"uv": [4, 5, 4.25, 5.5], "texture": "#5"},
				"down": {"uv": [4, 5, 4.25, 5.5], "texture": "#5"}
			}
		},
		{
			"from": [2.5, 12, 15.5],
			"to": [2.75, 12.75, 16],
			"faces": {
				"north": {"uv": [4, 9, 5.25, 10.75], "texture": "#5"},
				"east": {"uv": [4, 5, 4.5, 5.75], "texture": "#5"},
				"south": {"uv": [4, 7, 5.25, 9.75], "texture": "#5"},
				"west": {"uv": [4, 5, 4.5, 5.75], "texture": "#5"},
				"up": {"uv": [4, 5, 4.25, 5.5], "texture": "#5"},
				"down": {"uv": [4, 5, 4.25, 5.5], "texture": "#5"}
			}
		},
		{
			"from": [6.5, 13, 13.75],
			"to": [6.75, 13.5, 15.5],
			"rotation": {"angle": 22.5, "axis": "z", "origin": [6.08611, 9.40833, 13.425]},
			"faces": {
				"north": {"uv": [11, 13, 12.75, 15.125], "texture": "#0", "rotation": 270},
				"east": {"uv": [11, 13, 12.75, 15.125], "texture": "#0", "rotation": 90},
				"south": {"uv": [11, 13, 12.75, 15.125], "texture": "#0", "rotation": 90},
				"west": {"uv": [11, 13, 12.75, 15.125], "texture": "#0", "rotation": 90},
				"up": {"uv": [11, 13, 12.75, 15.125], "texture": "#0", "rotation": 90},
				"down": {"uv": [11, 13, 12.75, 15.125], "texture": "#0", "rotation": 90}
			}
		},
		{
			"from": [5.25, 13, 13.75],
			"to": [5.5, 13.5, 15.5],
			"rotation": {"angle": 22.5, "axis": "z", "origin": [6.08611, 9.40833, 13.425]},
			"faces": {
				"north": {"uv": [11, 13, 12.75, 15.125], "texture": "#0", "rotation": 270},
				"east": {"uv": [11, 13, 12.75, 15.125], "texture": "#0", "rotation": 90},
				"south": {"uv": [11, 13, 12.75, 15.125], "texture": "#0", "rotation": 90},
				"west": {"uv": [11, 13, 12.75, 15.125], "texture": "#0", "rotation": 90},
				"up": {"uv": [11, 13, 12.75, 15.125], "texture": "#0", "rotation": 90},
				"down": {"uv": [11, 13, 12.75, 15.125], "texture": "#0", "rotation": 90}
			}
		},
		{
			"from": [5.75, 13.75, 13.75],
			"to": [6.25, 14, 15.5],
			"rotation": {"angle": 22.5, "axis": "z", "origin": [6.08611, 9.40833, 13.425]},
			"faces": {
				"north": {"uv": [11, 13, 12.75, 15.125], "texture": "#0", "rotation": 270},
				"east": {"uv": [11, 13, 12.75, 15.125], "texture": "#0", "rotation": 90},
				"south": {"uv": [11, 13, 12.75, 15.125], "texture": "#0", "rotation": 90},
				"west": {"uv": [11, 13, 12.75, 15.125], "texture": "#0", "rotation": 90},
				"up": {"uv": [11, 13, 12.75, 15.125], "texture": "#0", "rotation": 90},
				"down": {"uv": [11, 13, 12.75, 15.125], "texture": "#0", "rotation": 90}
			}
		},
		{
			"from": [5.75, 12.5, 13.75],
			"to": [6.25, 12.75, 15.5],
			"rotation": {"angle": 22.5, "axis": "z", "origin": [6.08611, 9.40833, 13.425]},
			"faces": {
				"north": {"uv": [11, 13, 12.75, 15.125], "texture": "#0", "rotation": 270},
				"east": {"uv": [11, 13, 12.75, 15.125], "texture": "#0", "rotation": 90},
				"south": {"uv": [11, 13, 12.75, 15.125], "texture": "#0", "rotation": 90},
				"west": {"uv": [11, 13, 12.75, 15.125], "texture": "#0", "rotation": 90},
				"up": {"uv": [11, 13, 12.75, 15.125], "texture": "#0", "rotation": 90},
				"down": {"uv": [11, 13, 12.75, 15.125], "texture": "#0", "rotation": 90}
			}
		},
		{
			"from": [5.5, 12.75, 13.75],
			"to": [6.5, 13.75, 15.5],
			"rotation": {"angle": 22.5, "axis": "z", "origin": [6.08611, 9.40833, 13.425]},
			"faces": {
				"north": {"uv": [11, 13, 12.75, 15.125], "texture": "#0", "rotation": 270},
				"east": {"uv": [11, 13, 12.75, 15.125], "texture": "#0", "rotation": 90},
				"south": {"uv": [11, 13, 12.75, 15.125], "texture": "#0", "rotation": 90},
				"west": {"uv": [11, 13, 12.75, 15.125], "texture": "#0", "rotation": 90},
				"up": {"uv": [11, 13, 12.75, 15.125], "texture": "#0", "rotation": 90},
				"down": {"uv": [11, 13, 12.75, 15.125], "texture": "#0", "rotation": 90}
			}
		},
		{
			"from": [5.5, 7.25, 13],
			"to": [6.75, 11.5, 13.75],
			"rotation": {"angle": 22.5, "axis": "z", "origin": [6.08611, 9.40833, 13.425]},
			"faces": {
				"north": {"uv": [3, 6, 13.25, 8.25], "texture": "#5", "rotation": 270},
				"east": {"uv": [4, 3, 15.25, 4.75], "texture": "#5", "rotation": 90},
				"south": {"uv": [1, 5, 8.25, 6.25], "texture": "#5", "rotation": 90},
				"west": {"uv": [1, 4, 11.25, 5.75], "texture": "#5", "rotation": 90},
				"up": {"uv": [0, 0, 0.75, 1.25], "texture": "#5", "rotation": 90},
				"down": {"uv": [0, 0, 0.75, 1.25], "texture": "#5", "rotation": 90}
			}
		},
		{
			"from": [7, 12, 13],
			"to": [7.25, 14.25, 13.75],
			"rotation": {"angle": 22.5, "axis": "z", "origin": [6.08611, 9.40833, 13.425]},
			"faces": {
				"north": {"uv": [0, 0, 2.25, 0.25], "texture": "#5", "rotation": 270},
				"east": {"uv": [3, 11, 9.25, 12.75], "texture": "#5", "rotation": 90},
				"south": {"uv": [0, 0, 2.25, 0.25], "texture": "#5", "rotation": 90},
				"west": {"uv": [0, 0, 2.25, 0.75], "texture": "#5", "rotation": 90},
				"up": {"uv": [0, 0, 0.75, 0.25], "texture": "#5", "rotation": 90},
				"down": {"uv": [0, 0, 0.75, 0.25], "texture": "#5", "rotation": 90}
			}
		},
		{
			"from": [5.25, 11.5, 13],
			"to": [5.5, 14.5, 13.75],
			"rotation": {"angle": 22.5, "axis": "z", "origin": [6.08611, 9.40833, 13.425]},
			"faces": {
				"north": {"uv": [4, 5, 7, 5.25], "texture": "#5", "rotation": 270},
				"east": {"uv": [0, 0, 3, 0.75], "texture": "#5", "rotation": 90},
				"south": {"uv": [0, 0, 3, 0.25], "texture": "#5", "rotation": 90},
				"west": {"uv": [3, 5, 6, 5.75], "texture": "#5", "rotation": 90},
				"up": {"uv": [0, 0, 0.75, 0.25], "texture": "#5", "rotation": 90},
				"down": {"uv": [0, 0, 0.75, 0.25], "texture": "#5", "rotation": 90}
			}
		},
		{
			"from": [4.75, 12, 13],
			"to": [5, 14, 13.75],
			"rotation": {"angle": 22.5, "axis": "z", "origin": [6.08611, 9.40833, 13.425]},
			"faces": {
				"north": {"uv": [3, 5, 5, 5.25], "texture": "#5", "rotation": 270},
				"east": {"uv": [0, 0, 2, 0.75], "texture": "#5", "rotation": 90},
				"south": {"uv": [0, 0, 2, 0.25], "texture": "#5", "rotation": 90},
				"west": {"uv": [5, 4, 9, 5.75], "texture": "#5", "rotation": 90},
				"up": {"uv": [0, 0, 0.75, 0.25], "texture": "#5", "rotation": 90},
				"down": {"uv": [0, 0, 0.75, 0.25], "texture": "#5", "rotation": 90}
			}
		},
		{
			"from": [6.75, 11.5, 13],
			"to": [7, 14.5, 13.75],
			"rotation": {"angle": 22.5, "axis": "z", "origin": [6.08611, 9.40833, 13.425]},
			"faces": {
				"north": {"uv": [7, 8, 10, 8.25], "texture": "#5", "rotation": 270},
				"east": {"uv": [3, 10, 14, 10.75], "texture": "#5", "rotation": 90},
				"south": {"uv": [0, 0, 3, 0.25], "texture": "#5", "rotation": 90},
				"west": {"uv": [0, 0, 3, 0.75], "texture": "#5", "rotation": 90},
				"up": {"uv": [0, 0, 0.75, 0.25], "texture": "#5", "rotation": 90},
				"down": {"uv": [0, 0, 0.75, 0.25], "texture": "#5", "rotation": 90}
			}
		},
		{
			"from": [5.5, 2.5, 13],
			"to": [6.75, 3.25, 13.75],
			"rotation": {"angle": 22.5, "axis": "z", "origin": [6.08611, 9.40833, 13.425]},
			"faces": {
				"north": {"uv": [2, 2, 6.75, 4.25], "texture": "#5", "rotation": 270},
				"east": {"uv": [2, 2, 5.75, 4.25], "texture": "#5", "rotation": 90},
				"south": {"uv": [2, 2, 6.75, 4.25], "texture": "#5", "rotation": 90},
				"west": {"uv": [2, 2, 6.75, 4.25], "texture": "#5", "rotation": 90},
				"up": {"uv": [2, 2, 6.75, 4.25], "texture": "#5", "rotation": 90},
				"down": {"uv": [2, 2, 6.75, 4.25], "texture": "#5", "rotation": 90}
			}
		},
		{
			"from": [5.75, 2.5, 13.75],
			"to": [6.5, 3.25, 14],
			"rotation": {"angle": 22.5, "axis": "z", "origin": [6.08611, 9.40833, 13.425]},
			"faces": {
				"north": {"uv": [2, 2, 6.75, 4.25], "texture": "#5", "rotation": 270},
				"east": {"uv": [2, 2, 6.75, 4.25], "texture": "#5", "rotation": 90},
				"south": {"uv": [2, 2, 6.75, 4.25], "texture": "#5", "rotation": 90},
				"west": {"uv": [2, 2, 6.75, 4.25], "texture": "#5", "rotation": 90},
				"up": {"uv": [2, 2, 6.75, 4.25], "texture": "#5", "rotation": 90},
				"down": {"uv": [2, 2, 6.75, 4.25], "texture": "#5", "rotation": 90}
			}
		},
		{
			"from": [5.75, 2.5, 12.75],
			"to": [6.5, 3.25, 13],
			"rotation": {"angle": 22.5, "axis": "z", "origin": [6.08611, 9.40833, 13.425]},
			"faces": {
				"north": {"uv": [2, 2, 6.75, 4.25], "texture": "#5", "rotation": 270},
				"east": {"uv": [2, 2, 6.75, 4.25], "texture": "#5", "rotation": 90},
				"south": {"uv": [2, 2, 6.75, 4.25], "texture": "#5", "rotation": 90},
				"west": {"uv": [2, 2, 6.75, 4.25], "texture": "#5", "rotation": 90},
				"up": {"uv": [2, 2, 6.75, 4.25], "texture": "#5", "rotation": 90},
				"down": {"uv": [2, 2, 6.75, 4.25], "texture": "#5", "rotation": 90}
			}
		},
		{
			"from": [5.75, 2.25, 13],
			"to": [6.5, 2.5, 13.75],
			"rotation": {"angle": 22.5, "axis": "z", "origin": [6.08611, 9.40833, 13.425]},
			"faces": {
				"north": {"uv": [3, 5, 4.25, 6.25], "texture": "#5", "rotation": 270},
				"east": {"uv": [9, 11, 10.25, 13.25], "texture": "#5", "rotation": 90},
				"south": {"uv": [3, 5, 4.25, 7.25], "texture": "#5", "rotation": 90},
				"west": {"uv": [3, 5, 6.25, 7.25], "texture": "#5", "rotation": 90},
				"up": {"uv": [3, 5, 6.25, 7.25], "texture": "#5", "rotation": 90},
				"down": {"uv": [3, 5, 6.25, 7.25], "texture": "#5", "rotation": 90}
			}
		},
		{
			"from": [5.25, 7, 12.5],
			"to": [7, 7.25, 14.25],
			"rotation": {"angle": 22.5, "axis": "z", "origin": [6.08611, 9.40833, 13.425]},
			"faces": {
				"north": {"uv": [10, 1, 10.25, 2.75], "texture": "#5", "rotation": 270},
				"east": {"uv": [4, 5, 4.25, 6.75], "texture": "#5", "rotation": 90},
				"south": {"uv": [1, 3, 1.25, 4.75], "texture": "#5", "rotation": 90},
				"west": {"uv": [1, 3, 1.25, 4.75], "texture": "#5", "rotation": 90},
				"up": {"uv": [0, 0, 1.75, 1.75], "texture": "#5", "rotation": 90},
				"down": {"uv": [0, 0, 1.75, 1.75], "texture": "#5", "rotation": 90}
			}
		},
		{
			"from": [5.5, 3.25, 13],
			"to": [6.75, 7, 13.75],
			"rotation": {"angle": 22.5, "axis": "z", "origin": [6.08611, 9.40833, 13.425]},
			"faces": {
				"north": {"uv": [4, 8, 10.75, 9.25], "texture": "#3", "rotation": 270},
				"east": {"uv": [2, 2, 8.75, 3.75], "texture": "#3", "rotation": 90},
				"south": {"uv": [2, 2, 9.75, 3.25], "texture": "#3", "rotation": 90},
				"west": {"uv": [2, 2, 7.75, 3.75], "texture": "#3", "rotation": 90},
				"up": {"uv": [2, 2, 2.75, 3.25], "texture": "#3", "rotation": 90},
				"down": {"uv": [2, 2, 2.75, 3.25], "texture": "#3", "rotation": 90}
			}
		},
		{
			"from": [5.75, 3.25, 12.75],
			"to": [6.5, 7, 13],
			"rotation": {"angle": 22.5, "axis": "z", "origin": [6.08611, 9.40833, 13.425]},
			"faces": {
				"north": {"uv": [2, 2, 6.75, 3.75], "texture": "#3", "rotation": 270},
				"east": {"uv": [2, 2, 5.75, 2.25], "texture": "#3", "rotation": 90},
				"south": {"uv": [2, 2, 5.75, 2.75], "texture": "#3", "rotation": 90},
				"west": {"uv": [2, 2, 5.75, 2.25], "texture": "#3", "rotation": 90},
				"up": {"uv": [2, 2, 2.25, 2.75], "texture": "#3", "rotation": 90},
				"down": {"uv": [2, 2, 2.25, 2.75], "texture": "#3", "rotation": 90}
			}
		},
		{
			"from": [5.75, 3.25, 13.75],
			"to": [6.5, 7, 14],
			"rotation": {"angle": 22.5, "axis": "z", "origin": [6.08611, 9.40833, 13.425]},
			"faces": {
				"north": {"uv": [2, 2, 5.75, 2.75], "texture": "#3", "rotation": 270},
				"east": {"uv": [2, 2, 5.75, 2.25], "texture": "#3", "rotation": 90},
				"south": {"uv": [2, 2, 7.75, 3.75], "texture": "#3", "rotation": 90},
				"west": {"uv": [2, 2, 5.75, 2.25], "texture": "#3", "rotation": 90},
				"up": {"uv": [2, 2, 2.25, 2.75], "texture": "#3", "rotation": 90},
				"down": {"uv": [2, 2, 2.25, 2.75], "texture": "#3", "rotation": 90}
			}
		},
		{
			"from": [5.5, 11.5, 13],
			"to": [6.75, 14.75, 13.75],
			"rotation": {"angle": 22.5, "axis": "z", "origin": [6.08611, 9.40833, 13.425]},
			"faces": {
				"north": {"uv": [5, 7, 12.25, 9.25], "texture": "#5", "rotation": 270},
				"east": {"uv": [0, 0, 3.25, 0.75], "texture": "#5", "rotation": 90},
				"south": {"uv": [0, 0, 3.25, 1.25], "texture": "#5", "rotation": 90},
				"west": {"uv": [0, 0, 3.25, 0.75], "texture": "#5", "rotation": 90},
				"up": {"uv": [7, 9, 8.75, 11.25], "texture": "#5", "rotation": 90},
				"down": {"uv": [0, 0, 0.75, 1.25], "texture": "#5", "rotation": 90}
			}
		},
		{
			"from": [5.75, 2, 13.5],
			"to": [6.25, 2.25, 13.75],
			"rotation": {"angle": 22.5, "axis": "z", "origin": [6.08611, 9.40833, 13.425]},
			"faces": {
				"north": {"uv": [3, 5, 6.25, 7.25], "texture": "#5", "rotation": 270},
				"east": {"uv": [3, 5, 6.25, 7.25], "texture": "#5", "rotation": 90},
				"south": {"uv": [8, 9, 9.25, 11.25], "texture": "#5", "rotation": 90},
				"west": {"uv": [3, 5, 6.25, 7.25], "texture": "#5", "rotation": 90},
				"up": {"uv": [3, 5, 6.25, 7.25], "texture": "#5", "rotation": 90},
				"down": {"uv": [4, 13, 5.25, 15.25], "texture": "#5", "rotation": 90}
			}
		},
		{
			"from": [6, 2, 13],
			"to": [6.5, 2.25, 13.25],
			"rotation": {"angle": 22.5, "axis": "z", "origin": [6.08611, 9.40833, 13.425]},
			"faces": {
				"north": {"uv": [3, 5, 6.25, 7.25], "texture": "#5", "rotation": 270},
				"east": {"uv": [3, 5, 6.25, 7.25], "texture": "#5", "rotation": 90},
				"south": {"uv": [7, 11, 9.25, 13.25], "texture": "#5", "rotation": 90},
				"west": {"uv": [3, 5, 6.25, 7.25], "texture": "#5", "rotation": 90},
				"up": {"uv": [3, 5, 6.25, 7.25], "texture": "#5", "rotation": 90},
				"down": {"uv": [5, 4, 6.25, 7.25], "texture": "#5", "rotation": 90}
			}
		},
		{
			"from": [6.75, 7.25, 13],
			"to": [7, 7.5, 13.25],
			"rotation": {"angle": 22.5, "axis": "z", "origin": [6.08611, 9.40833, 13.425]},
			"faces": {
				"north": {"uv": [0, 0, 0.25, 0.25], "texture": "#5", "rotation": 270},
				"east": {"uv": [0, 0, 0.25, 0.25], "texture": "#5", "rotation": 90},
				"south": {"uv": [0, 0, 0.25, 0.25], "texture": "#5", "rotation": 90},
				"west": {"uv": [0, 0, 0.25, 0.25], "texture": "#5", "rotation": 90},
				"up": {"uv": [0, 0, 0.25, 0.25], "texture": "#5", "rotation": 90},
				"down": {"uv": [0, 0, 0.25, 0.25], "texture": "#5", "rotation": 90}
			}
		},
		{
			"from": [6.25, 7.25, 12.75],
			"to": [6.5, 7.5, 13],
			"rotation": {"angle": 22.5, "axis": "z", "origin": [6.08611, 9.40833, 13.425]},
			"faces": {
				"north": {"uv": [0, 0, 0.25, 0.25], "texture": "#5", "rotation": 270},
				"east": {"uv": [0, 0, 0.25, 0.25], "texture": "#5", "rotation": 90},
				"south": {"uv": [0, 0, 0.25, 0.25], "texture": "#5", "rotation": 90},
				"west": {"uv": [0, 0, 0.25, 0.25], "texture": "#5", "rotation": 90},
				"up": {"uv": [0, 0, 0.25, 0.25], "texture": "#5", "rotation": 90},
				"down": {"uv": [0, 0, 0.25, 0.25], "texture": "#5", "rotation": 90}
			}
		},
		{
			"from": [5.75, 7.25, 12.75],
			"to": [6, 7.5, 13],
			"rotation": {"angle": 22.5, "axis": "z", "origin": [6.08611, 9.40833, 13.425]},
			"faces": {
				"north": {"uv": [0, 0, 0.25, 0.25], "texture": "#5", "rotation": 270},
				"east": {"uv": [0, 0, 0.25, 0.25], "texture": "#5", "rotation": 90},
				"south": {"uv": [0, 0, 0.25, 0.25], "texture": "#5", "rotation": 90},
				"west": {"uv": [0, 0, 0.25, 0.25], "texture": "#5", "rotation": 90},
				"up": {"uv": [0, 0, 0.25, 0.25], "texture": "#5", "rotation": 90},
				"down": {"uv": [0, 0, 0.25, 0.25], "texture": "#5", "rotation": 90}
			}
		},
		{
			"from": [6.25, 7.25, 13.75],
			"to": [6.5, 7.5, 14],
			"rotation": {"angle": 22.5, "axis": "z", "origin": [6.08611, 9.40833, 13.425]},
			"faces": {
				"north": {"uv": [0, 0, 0.25, 0.25], "texture": "#5", "rotation": 270},
				"east": {"uv": [0, 0, 0.25, 0.25], "texture": "#5", "rotation": 90},
				"south": {"uv": [0, 0, 0.25, 0.25], "texture": "#5", "rotation": 90},
				"west": {"uv": [0, 0, 0.25, 0.25], "texture": "#5", "rotation": 90},
				"up": {"uv": [0, 0, 0.25, 0.25], "texture": "#5", "rotation": 90},
				"down": {"uv": [0, 0, 0.25, 0.25], "texture": "#5", "rotation": 90}
			}
		},
		{
			"from": [5.75, 7.25, 13.75],
			"to": [6, 7.5, 14],
			"rotation": {"angle": 22.5, "axis": "z", "origin": [6.08611, 9.40833, 13.425]},
			"faces": {
				"north": {"uv": [0, 0, 0.25, 0.25], "texture": "#5", "rotation": 270},
				"east": {"uv": [0, 0, 0.25, 0.25], "texture": "#5", "rotation": 90},
				"south": {"uv": [0, 0, 0.25, 0.25], "texture": "#5", "rotation": 90},
				"west": {"uv": [0, 0, 0.25, 0.25], "texture": "#5", "rotation": 90},
				"up": {"uv": [0, 0, 0.25, 0.25], "texture": "#5", "rotation": 90},
				"down": {"uv": [0, 0, 0.25, 0.25], "texture": "#5", "rotation": 90}
			}
		},
		{
			"from": [6.75, 7.25, 13.5],
			"to": [7, 7.5, 13.75],
			"rotation": {"angle": 22.5, "axis": "z", "origin": [6.08611, 9.40833, 13.425]},
			"faces": {
				"north": {"uv": [0, 0, 0.25, 0.25], "texture": "#5", "rotation": 270},
				"east": {"uv": [0, 0, 0.25, 0.25], "texture": "#5", "rotation": 90},
				"south": {"uv": [0, 0, 0.25, 0.25], "texture": "#5", "rotation": 90},
				"west": {"uv": [0, 0, 0.25, 0.25], "texture": "#5", "rotation": 90},
				"up": {"uv": [0, 0, 0.25, 0.25], "texture": "#5", "rotation": 90},
				"down": {"uv": [0, 0, 0.25, 0.25], "texture": "#5", "rotation": 90}
			}
		},
		{
			"from": [5.25, 7.25, 13.5],
			"to": [5.5, 7.5, 13.75],
			"rotation": {"angle": 22.5, "axis": "z", "origin": [6.08611, 9.40833, 13.425]},
			"faces": {
				"north": {"uv": [0, 0, 0.25, 0.25], "texture": "#5", "rotation": 270},
				"east": {"uv": [0, 0, 0.25, 0.25], "texture": "#5", "rotation": 90},
				"south": {"uv": [0, 0, 0.25, 0.25], "texture": "#5", "rotation": 90},
				"west": {"uv": [0, 0, 0.25, 0.25], "texture": "#5", "rotation": 90},
				"up": {"uv": [0, 0, 0.25, 0.25], "texture": "#5", "rotation": 90},
				"down": {"uv": [0, 0, 0.25, 0.25], "texture": "#5", "rotation": 90}
			}
		},
		{
			"from": [5.25, 7.25, 13],
			"to": [5.5, 7.5, 13.25],
			"rotation": {"angle": 22.5, "axis": "z", "origin": [6.08611, 9.40833, 13.425]},
			"faces": {
				"north": {"uv": [0, 0, 0.25, 0.25], "texture": "#5", "rotation": 270},
				"east": {"uv": [0, 0, 0.25, 0.25], "texture": "#5", "rotation": 90},
				"south": {"uv": [0, 0, 0.25, 0.25], "texture": "#5", "rotation": 90},
				"west": {"uv": [0, 0, 0.25, 0.25], "texture": "#5", "rotation": 90},
				"up": {"uv": [0, 0, 0.25, 0.25], "texture": "#5", "rotation": 90},
				"down": {"uv": [0, 0, 0.25, 0.25], "texture": "#5", "rotation": 90}
			}
		},
		{
			"from": [6.25, 11, 12.75],
			"to": [6.5, 12, 13],
			"rotation": {"angle": 22.5, "axis": "z", "origin": [6.08611, 9.40833, 13.425]},
			"faces": {
				"north": {"uv": [9, 12, 10, 12.25], "texture": "#5", "rotation": 270},
				"east": {"uv": [9, 12, 10, 12.25], "texture": "#5", "rotation": 90},
				"south": {"uv": [11, 14, 16, 15.25], "texture": "#5", "rotation": 90},
				"west": {"uv": [9, 12, 10, 12.25], "texture": "#5", "rotation": 90},
				"up": {"uv": [9, 12, 9.25, 12.25], "texture": "#5", "rotation": 90},
				"down": {"uv": [9, 12, 9.25, 12.25], "texture": "#5", "rotation": 90}
			}
		},
		{
			"from": [6, 10, 12.75],
			"to": [6.25, 11, 13],
			"rotation": {"angle": 22.5, "axis": "z", "origin": [6.08611, 9.40833, 13.425]},
			"faces": {
				"north": {"uv": [9, 12, 10, 12.25], "texture": "#5", "rotation": 270},
				"east": {"uv": [9, 12, 10, 12.25], "texture": "#5", "rotation": 90},
				"south": {"uv": [11, 14, 16, 15.25], "texture": "#5", "rotation": 90},
				"west": {"uv": [9, 12, 10, 12.25], "texture": "#5", "rotation": 90},
				"up": {"uv": [9, 12, 9.25, 12.25], "texture": "#5", "rotation": 90},
				"down": {"uv": [9, 12, 9.25, 12.25], "texture": "#5", "rotation": 90}
			}
		},
		{
			"from": [6.25, 9, 12.75],
			"to": [6.5, 10, 13],
			"rotation": {"angle": 22.5, "axis": "z", "origin": [6.08611, 9.40833, 13.425]},
			"faces": {
				"north": {"uv": [9, 12, 10, 12.25], "texture": "#5", "rotation": 270},
				"east": {"uv": [9, 12, 10, 12.25], "texture": "#5", "rotation": 90},
				"south": {"uv": [11, 14, 16, 15.25], "texture": "#5", "rotation": 90},
				"west": {"uv": [9, 12, 10, 12.25], "texture": "#5", "rotation": 90},
				"up": {"uv": [9, 12, 9.25, 12.25], "texture": "#5", "rotation": 90},
				"down": {"uv": [9, 12, 9.25, 12.25], "texture": "#5", "rotation": 90}
			}
		},
		{
			"from": [6, 8, 12.75],
			"to": [6.25, 9, 13],
			"rotation": {"angle": 22.5, "axis": "z", "origin": [6.08611, 9.40833, 13.425]},
			"faces": {
				"north": {"uv": [9, 12, 10, 12.25], "texture": "#5", "rotation": 270},
				"east": {"uv": [9, 12, 10, 12.25], "texture": "#5", "rotation": 90},
				"south": {"uv": [11, 14, 16, 15.25], "texture": "#5", "rotation": 90},
				"west": {"uv": [9, 12, 10, 12.25], "texture": "#5", "rotation": 90},
				"up": {"uv": [9, 12, 9.25, 12.25], "texture": "#5", "rotation": 90},
				"down": {"uv": [9, 12, 9.25, 12.25], "texture": "#5", "rotation": 90}
			}
		},
		{
			"from": [6, 8, 13.75],
			"to": [6.25, 9, 14],
			"rotation": {"angle": 22.5, "axis": "z", "origin": [6.08611, 9.40833, 13.425]},
			"faces": {
				"north": {"uv": [12, 12, 13, 12.25], "texture": "#5", "rotation": 270},
				"east": {"uv": [12, 12, 13, 12.25], "texture": "#5", "rotation": 90},
				"south": {"uv": [11, 14, 16, 15.25], "texture": "#5", "rotation": 90},
				"west": {"uv": [12, 12, 13, 12.25], "texture": "#5", "rotation": 90},
				"up": {"uv": [12, 12, 12.25, 12.25], "texture": "#5", "rotation": 90},
				"down": {"uv": [12, 12, 12.25, 12.25], "texture": "#5", "rotation": 90}
			}
		},
		{
			"from": [6.25, 9, 13.75],
			"to": [6.5, 10, 14],
			"rotation": {"angle": 22.5, "axis": "z", "origin": [6.08611, 9.40833, 13.425]},
			"faces": {
				"north": {"uv": [12, 12, 13, 12.25], "texture": "#5", "rotation": 270},
				"east": {"uv": [12, 12, 13, 12.25], "texture": "#5", "rotation": 90},
				"south": {"uv": [11, 14, 16, 15.25], "texture": "#5", "rotation": 90},
				"west": {"uv": [12, 12, 13, 12.25], "texture": "#5", "rotation": 90},
				"up": {"uv": [12, 12, 12.25, 12.25], "texture": "#5", "rotation": 90},
				"down": {"uv": [12, 12, 12.25, 12.25], "texture": "#5", "rotation": 90}
			}
		},
		{
			"from": [6, 10, 13.75],
			"to": [6.25, 11, 14],
			"rotation": {"angle": 22.5, "axis": "z", "origin": [6.08611, 9.40833, 13.425]},
			"faces": {
				"north": {"uv": [12, 12, 13, 12.25], "texture": "#5", "rotation": 270},
				"east": {"uv": [12, 12, 13, 12.25], "texture": "#5", "rotation": 90},
				"south": {"uv": [11, 14, 16, 15.25], "texture": "#5", "rotation": 90},
				"west": {"uv": [12, 12, 13, 12.25], "texture": "#5", "rotation": 90},
				"up": {"uv": [12, 12, 12.25, 12.25], "texture": "#5", "rotation": 90},
				"down": {"uv": [12, 12, 12.25, 12.25], "texture": "#5", "rotation": 90}
			}
		},
		{
			"from": [6.25, 11, 13.75],
			"to": [6.5, 12, 14],
			"rotation": {"angle": 22.5, "axis": "z", "origin": [6.08611, 9.40833, 13.425]},
			"faces": {
				"north": {"uv": [12, 12, 13, 12.25], "texture": "#5", "rotation": 270},
				"east": {"uv": [12, 12, 13, 12.25], "texture": "#5", "rotation": 90},
				"south": {"uv": [11, 14, 16, 15.25], "texture": "#5", "rotation": 90},
				"west": {"uv": [12, 12, 13, 12.25], "texture": "#5", "rotation": 90},
				"up": {"uv": [12, 12, 12.25, 12.25], "texture": "#5", "rotation": 90},
				"down": {"uv": [12, 12, 12.25, 12.25], "texture": "#5", "rotation": 90}
			}
		},
		{
			"from": [5, 11.75, 13],
			"to": [5.25, 14.25, 13.75],
			"rotation": {"angle": 22.5, "axis": "z", "origin": [6.08611, 9.40833, 13.425]},
			"faces": {
				"north": {"uv": [5, 4, 7.5, 4.25], "texture": "#5", "rotation": 270},
				"east": {"uv": [0, 0, 2.5, 0.75], "texture": "#5", "rotation": 90},
				"south": {"uv": [0, 0, 2.5, 0.25], "texture": "#5", "rotation": 90},
				"west": {"uv": [3, 5, 5.5, 5.75], "texture": "#5", "rotation": 90},
				"up": {"uv": [0, 0, 0.75, 0.25], "texture": "#5", "rotation": 90},
				"down": {"uv": [0, 0, 0.75, 0.25], "texture": "#5", "rotation": 90}
			}
		},
		{
			"from": [6.5, 13, 12.75],
			"to": [6.75, 13.5, 13],
			"rotation": {"angle": 22.5, "axis": "z", "origin": [6.08611, 9.40833, 13.425]},
			"faces": {
				"north": {"uv": [8.5, 12.5, 10.75, 14.625], "texture": "#0", "rotation": 270},
				"east": {"uv": [8.5, 12.5, 10.75, 14.625], "texture": "#0", "rotation": 90},
				"south": {"uv": [8.5, 12.5, 10.75, 14.625], "texture": "#0", "rotation": 90},
				"west": {"uv": [8.5, 12.5, 10.75, 14.625], "texture": "#0", "rotation": 90},
				"up": {"uv": [8.5, 12.5, 10.75, 14.625], "texture": "#0", "rotation": 90},
				"down": {"uv": [8.5, 12.5, 10.75, 14.625], "texture": "#0", "rotation": 90}
			}
		},
		{
			"from": [5.25, 13, 12.75],
			"to": [5.5, 13.5, 13],
			"rotation": {"angle": 22.5, "axis": "z", "origin": [6.08611, 9.40833, 13.425]},
			"faces": {
				"north": {"uv": [8.5, 12.5, 10.75, 14.625], "texture": "#0", "rotation": 270},
				"east": {"uv": [8.5, 12.5, 10.75, 14.625], "texture": "#0", "rotation": 90},
				"south": {"uv": [8.5, 12.5, 10.75, 14.625], "texture": "#0", "rotation": 90},
				"west": {"uv": [8.5, 12.5, 10.75, 14.625], "texture": "#0", "rotation": 90},
				"up": {"uv": [8.5, 12.5, 10.75, 14.625], "texture": "#0", "rotation": 90},
				"down": {"uv": [8.5, 12.5, 10.75, 14.625], "texture": "#0", "rotation": 90}
			}
		},
		{
			"from": [5.75, 13.75, 12.75],
			"to": [6.25, 14, 13],
			"rotation": {"angle": 22.5, "axis": "z", "origin": [6.08611, 9.40833, 13.425]},
			"faces": {
				"north": {"uv": [8.5, 12.5, 10.75, 14.625], "texture": "#0", "rotation": 270},
				"east": {"uv": [8.5, 12.5, 10.75, 14.625], "texture": "#0", "rotation": 90},
				"south": {"uv": [8.5, 12.5, 10.75, 14.625], "texture": "#0", "rotation": 90},
				"west": {"uv": [8.5, 12.5, 10.75, 14.625], "texture": "#0", "rotation": 90},
				"up": {"uv": [8.5, 12.5, 10.75, 14.625], "texture": "#0", "rotation": 90},
				"down": {"uv": [8.5, 12.5, 10.75, 14.625], "texture": "#0", "rotation": 90}
			}
		},
		{
			"from": [5.75, 12.5, 12.75],
			"to": [6.25, 12.75, 13],
			"rotation": {"angle": 22.5, "axis": "z", "origin": [6.08611, 9.40833, 13.425]},
			"faces": {
				"north": {"uv": [8.5, 12.5, 10.75, 14.625], "texture": "#0", "rotation": 270},
				"east": {"uv": [8.5, 12.5, 10.75, 14.625], "texture": "#0", "rotation": 90},
				"south": {"uv": [8.5, 12.5, 10.75, 14.625], "texture": "#0", "rotation": 90},
				"west": {"uv": [8.5, 12.5, 10.75, 14.625], "texture": "#0", "rotation": 90},
				"up": {"uv": [8.5, 12.5, 10.75, 14.625], "texture": "#0", "rotation": 90},
				"down": {"uv": [8.5, 12.5, 10.75, 14.625], "texture": "#0", "rotation": 90}
			}
		},
		{
			"from": [5.5, 12.75, 12.75],
			"to": [6.5, 13.75, 13],
			"rotation": {"angle": 22.5, "axis": "z", "origin": [6.08611, 9.40833, 13.425]},
			"faces": {
				"north": {"uv": [8.5, 12.5, 10.75, 14.625], "texture": "#0", "rotation": 270},
				"east": {"uv": [8.5, 12.5, 10.75, 14.625], "texture": "#0", "rotation": 90},
				"south": {"uv": [8.5, 12.5, 10.75, 14.625], "texture": "#0", "rotation": 90},
				"west": {"uv": [8.5, 12.5, 10.75, 14.625], "texture": "#0", "rotation": 90},
				"up": {"uv": [8.5, 12.5, 10.75, 14.625], "texture": "#0", "rotation": 90},
				"down": {"uv": [8.5, 12.5, 10.75, 14.625], "texture": "#0", "rotation": 90}
			}
		},
		{
			"from": [5.75, 12.5, 12.5],
			"to": [6, 13.5, 12.75],
			"rotation": {"angle": 22.5, "axis": "z", "origin": [6.08611, 9.40833, 13.425]},
			"faces": {
				"north": {"uv": [8.5, 12.5, 10.75, 14.625], "texture": "#0", "rotation": 270},
				"east": {"uv": [8.5, 12.5, 10.75, 14.625], "texture": "#0", "rotation": 90},
				"south": {"uv": [8.5, 12.5, 10.75, 14.625], "texture": "#0", "rotation": 90},
				"west": {"uv": [8.5, 12.5, 10.75, 14.625], "texture": "#0", "rotation": 90},
				"up": {"uv": [8.5, 12.5, 10.75, 14.625], "texture": "#0", "rotation": 90},
				"down": {"uv": [8.5, 12.5, 10.75, 14.625], "texture": "#0", "rotation": 90}
			}
		},
		{
			"from": [6, 13, 12.5],
			"to": [6.25, 14, 12.75],
			"rotation": {"angle": 22.5, "axis": "z", "origin": [6.08611, 9.40833, 13.425]},
			"faces": {
				"north": {"uv": [8.5, 12.5, 10.75, 14.625], "texture": "#0", "rotation": 270},
				"east": {"uv": [8.5, 12.5, 10.75, 14.625], "texture": "#0", "rotation": 90},
				"south": {"uv": [8.5, 12.5, 10.75, 14.625], "texture": "#0", "rotation": 90},
				"west": {"uv": [8.5, 12.5, 10.75, 14.625], "texture": "#0", "rotation": 90},
				"up": {"uv": [8.5, 12.5, 10.75, 14.625], "texture": "#0", "rotation": 90},
				"down": {"uv": [8.5, 12.5, 10.75, 14.625], "texture": "#0", "rotation": 90}
			}
		}
	]
}