{
  "parent": "block/cube",
  "ambientocclusion": false,
  "textures": {
    "3": "rsgauges:blocks/common/old_wood",
    "5": "rsgauges:blocks/common/old_iron",
    "particle": "rsgauges:blocks/common/old_iron"
  },
  "display": {
    "gui":    { "rotation": [ 0, 180, 0 ], "translation": [  0.00, 0.50,   0.00 ], "scale": [ 1.00, 1.00, 1.00 ] },
    "fixed":  { "rotation": [ 0,   0, 0 ], "translation": [  0.00, 0.00, -11.00 ], "scale": [ 1.00, 1.00, 1.00 ] },
    "ground": { "rotation": [ 0,   0, 0 ], "translation": [  0.00, 0.00,  -7.00 ], "scale": [ 0.50, 0.50, 0.50 ] }
  },
  "elements": [
		{
			"from": [8.75, 6.5, 15],
			"to": [9.75, 9.5, 15.75],
			"rotation": {"angle": 0, "axis": "y", "origin": [9.25, 8, 15.375]},
			"faces": {
				"north": {"uv": [5, 3, 7.5, 8.25], "texture": "#5"},
				"east": {"uv": [6, 6, 8.5, 10.25], "texture": "#5"},
				"south": {"uv": [6.25, 5.25, 10.75, 12.5], "texture": "#5"},
				"west": {"uv": [6.25, 5.25, 9.75, 12.5], "texture": "#5"},
				"up": {"uv": [6.25, 5.25, 9.75, 7.5], "texture": "#5"},
				"down": {"uv": [6.25, 5.25, 10.75, 12.5], "texture": "#5"}
			}
		},
		{
			"from": [6.25, 6.5, 15.75],
			"to": [9.75, 9.5, 16],
			"rotation": {"angle": 0, "axis": "y", "origin": [8, 8, 15.875]},
			"faces": {
				"north": {"uv": [6.25, 7.25, 13.75, 15.5], "texture": "#5"},
				"east": {"uv": [1, 6, 1.5, 9.25], "texture": "#5"},
				"south": {"uv": [6.25, 7.25, 9.75, 10.5], "texture": "#5"},
				"west": {"uv": [6.75, 7.25, 7.25, 10.5], "texture": "#5"},
				"up": {"uv": [6.25, 6.75, 7.75, 7.25], "texture": "#5"},
				"down": {"uv": [6.25, 8.75, 9.75, 9.25], "texture": "#5"}
			}
		},
		{
			"from": [6.25, 6.5, 14.75],
			"to": [7.25, 9.5, 15.75],
			"rotation": {"angle": 0, "axis": "y", "origin": [6.75, 8, 15.25]},
			"faces": {
				"north": {"uv": [9, 8, 11.5, 15.25], "texture": "#5"},
				"east": {"uv": [3, 6, 5.5, 14.25], "texture": "#5"},
				"south": {"uv": [5, 2, 8.5, 10.25], "texture": "#5"},
				"west": {"uv": [5, 2, 6.5, 10.25], "texture": "#5"},
				"up": {"uv": [5, 2, 8.5, 5.25], "texture": "#5"},
				"down": {"uv": [5, 2, 8.5, 10.25], "texture": "#5"}
			}
		},
		{
			"from": [6.25, 9.5, 15],
			"to": [9.75, 10, 16],
			"rotation": {"angle": 0, "axis": "y", "origin": [8, 9.75, 15.5]},
			"faces": {
				"north": {"uv": [2, 2, 11.5, 4.25], "texture": "#5"},
				"east": {"uv": [5, 7, 8.5, 10.25], "texture": "#5"},
				"south": {"uv": [6.25, 7.25, 9.75, 8.5], "texture": "#5"},
				"west": {"uv": [6.75, 7.25, 7.25, 10.5], "texture": "#5"},
				"up": {"uv": [7, 4, 14.5, 5.5], "texture": "#5"},
				"down": {"uv": [6.25, 8.75, 9.75, 9.25], "texture": "#5"}
			}
		},
		{
			"from": [6.25, 6, 15],
			"to": [9.75, 6.5, 16],
			"rotation": {"angle": 0, "axis": "y", "origin": [8, 6.25, 15.5]},
			"faces": {
				"north": {"uv": [1, 6, 5.5, 8.25], "texture": "#5"},
				"east": {"uv": [8.75, 7.25, 9.25, 10.5], "texture": "#5"},
				"south": {"uv": [6.25, 7.25, 9.75, 8.5], "texture": "#5"},
				"west": {"uv": [6.75, 7.25, 7.25, 10.5], "texture": "#5"},
				"up": {"uv": [6.25, 6.75, 9.75, 7.25], "texture": "#5"},
				"down": {"uv": [6.25, 8.75, 12.75, 10.25], "texture": "#5"}
			}
		},
		{
			"from": [8.75, 6.5, 14.75],
			"to": [9.75, 9.5, 15],
			"rotation": {"angle": 0, "axis": "y", "origin": [9.25, 8, 14.875]},
			"faces": {
				"north": {"uv": [5, 3, 7.5, 8.25], "texture": "#5"},
				"east": {"uv": [4, 3, 4.5, 12.25], "texture": "#5"},
				"south": {"uv": [6.25, 5.25, 10.75, 12.5], "texture": "#5"},
				"west": {"uv": [9, 5, 9.5, 12.25], "texture": "#5"},
				"up": {"uv": [6.25, 5.25, 10.75, 12.5], "texture": "#5"},
				"down": {"uv": [6.25, 5.25, 10.75, 12.5], "texture": "#5"}
			}
		},
		{
			"from": [6.25, 6.5, 14.5],
			"to": [7.25, 9.5, 14.75],
			"rotation": {"angle": 0, "axis": "y", "origin": [6.75, 8, 14.625]},
			"faces": {
				"north": {"uv": [9, 8, 11.5, 15.25], "texture": "#5"},
				"east": {"uv": [1, 3, 2.5, 11.25], "texture": "#5"},
				"south": {"uv": [5, 2, 8.5, 10.25], "texture": "#5"},
				"west": {"uv": [7, 6, 7.5, 14.25], "texture": "#5"},
				"up": {"uv": [6.25, 6.75, 13.75, 8.25], "texture": "#5"},
				"down": {"uv": [5, 2, 8.5, 3.25], "texture": "#5"}
			}
		},
		{
			"from": [6.25, 9.5, 14.75],
			"to": [9.75, 9.75, 15],
			"rotation": {"angle": 0, "axis": "y", "origin": [8, 9.625, 14.875]},
			"faces": {
				"north": {"uv": [2, 2, 11.5, 4.25], "texture": "#5"},
				"east": {"uv": [5, 7, 8.5, 10.25], "texture": "#5"},
				"south": {"uv": [6.25, 7.25, 9.75, 10.5], "texture": "#5"},
				"west": {"uv": [6.75, 7.25, 7.25, 10.5], "texture": "#5"},
				"up": {"uv": [6.25, 6.75, 13.75, 9.25], "texture": "#5"},
				"down": {"uv": [6.25, 8.75, 9.75, 9.25], "texture": "#5"}
			}
		},
		{
			"from": [6.25, 6.25, 14.75],
			"to": [9.75, 6.5, 15],
			"rotation": {"angle": 0, "axis": "y", "origin": [8, 6.375, 14.875]},
			"faces": {
				"north": {"uv": [2, 2, 7.5, 4.25], "texture": "#5"},
				"east": {"uv": [5, 7, 8.5, 10.25], "texture": "#5"},
				"south": {"uv": [6.25, 7.25, 9.75, 10.5], "texture": "#5"},
				"west": {"uv": [6.75, 7.25, 7.25, 10.5], "texture": "#5"},
				"up": {"uv": [6.25, 6.75, 13.75, 8.25], "texture": "#5"},
				"down": {"uv": [6.25, 8.75, 9.75, 9.25], "texture": "#5"}
			}
		},
		{
			"from": [7.25, 6.5, 15.25],
			"to": [8.75, 6.75, 15.75],
			"rotation": {"angle": 0, "axis": "y", "origin": [8, 6.625, 15.5]},
			"faces": {
				"north": {"uv": [2, 2, 8.75, 3.75], "texture": "#5", "rotation": 180},
				"east": {"uv": [8, 6, 8.75, 10.75], "texture": "#5", "rotation": 180},
				"south": {"uv": [2, 2, 6.75, 6.75], "texture": "#5", "rotation": 180},
				"west": {"uv": [3, 5, 3.75, 9.75], "texture": "#5", "rotation": 180},
				"up": {"uv": [2, 2, 6.75, 2.75], "texture": "#5", "rotation": 180},
				"down": {"uv": [2, 2, 3.75, 6.75], "texture": "#5", "rotation": 180}
			}
		},
		{
			"from": [7.25, 9.25, 15.25],
			"to": [8.75, 9.5, 15.75],
			"rotation": {"angle": 0, "axis": "y", "origin": [8, 9.375, 15.5]},
			"faces": {
				"north": {"uv": [2, 2, 8.75, 3.75], "texture": "#5", "rotation": 180},
				"east": {"uv": [8, 6, 8.75, 10.75], "texture": "#5", "rotation": 180},
				"south": {"uv": [2, 2, 6.75, 6.75], "texture": "#5", "rotation": 180},
				"west": {"uv": [3, 5, 3.75, 9.75], "texture": "#5", "rotation": 180},
				"up": {"uv": [2, 2, 6.75, 2.75], "texture": "#5", "rotation": 180},
				"down": {"uv": [2, 2, 3.75, 6.75], "texture": "#5", "rotation": 180}
			}
		},
		{
			"from": [6.25, 6.75, 14.25],
			"to": [7.25, 9.25, 14.5],
			"rotation": {"angle": 0, "axis": "y", "origin": [6.75, 8, 14.375]},
			"faces": {
				"north": {"uv": [9, 8, 11.5, 15.25], "texture": "#5"},
				"east": {"uv": [2, 6, 3.5, 14.25], "texture": "#5"},
				"south": {"uv": [5, 2, 8.5, 10.25], "texture": "#5"},
				"west": {"uv": [14, 4, 14.5, 12.25], "texture": "#5"},
				"up": {"uv": [6, 2, 13.5, 3.5], "texture": "#5"},
				"down": {"uv": [5, 2, 8.5, 3.25], "texture": "#5"}
			}
		},
		{
			"from": [6.25, 7, 14],
			"to": [7.25, 9, 14.25],
			"rotation": {"angle": 0, "axis": "y", "origin": [6.75, 8, 14.125]},
			"faces": {
				"north": {"uv": [11, 9, 13.5, 14.25], "texture": "#5"},
				"east": {"uv": [6, 3, 7.5, 11.25], "texture": "#5"},
				"south": {"uv": [5, 2, 8.5, 10.25], "texture": "#5"},
				"west": {"uv": [5, 3, 5.5, 11.25], "texture": "#5"},
				"up": {"uv": [6.25, 6.75, 13.75, 8.25], "texture": "#5"},
				"down": {"uv": [3, 8, 6.5, 9.25], "texture": "#5"}
			}
		},
		{
			"from": [8.75, 6.75, 14.25],
			"to": [9.75, 9.25, 14.5],
			"rotation": {"angle": 0, "axis": "y", "origin": [9.25, 8, 14.375]},
			"faces": {
				"north": {"uv": [9, 8, 11.5, 15.25], "texture": "#5"},
				"east": {"uv": [5, 4, 5.5, 9.25], "texture": "#5"},
				"south": {"uv": [5, 2, 8.5, 10.25], "texture": "#5"},
				"west": {"uv": [5, 2, 5.5, 10.25], "texture": "#5"},
				"up": {"uv": [6, 1, 9.5, 2.25], "texture": "#5"},
				"down": {"uv": [5, 4, 8.5, 5.25], "texture": "#5"}
			}
		},
		{
			"from": [8.75, 7, 14],
			"to": [9.75, 9, 14.25],
			"rotation": {"angle": 0, "axis": "y", "origin": [9.25, 8, 14.125]},
			"faces": {
				"north": {"uv": [3, 7, 5.5, 12.25], "texture": "#5"},
				"east": {"uv": [12, 7, 12.5, 12.25], "texture": "#5"},
				"south": {"uv": [5, 2, 8.5, 10.25], "texture": "#5"},
				"west": {"uv": [10, 7, 11.5, 15.25], "texture": "#5"},
				"up": {"uv": [9, 7, 12.5, 8.25], "texture": "#5"},
				"down": {"uv": [5, 4, 8.5, 5.25], "texture": "#5"}
			}
		},
		{
			"from": [8.75, 6.5, 14.5],
			"to": [9.75, 9.5, 14.75],
			"rotation": {"angle": 0, "axis": "y", "origin": [9.25, 8, 14.625]},
			"faces": {
				"north": {"uv": [9, 8, 11.5, 15.25], "texture": "#5"},
				"east": {"uv": [9, 9, 9.5, 14.25], "texture": "#5"},
				"south": {"uv": [5, 2, 8.5, 10.25], "texture": "#5"},
				"west": {"uv": [1, 7, 1.5, 15.25], "texture": "#5"},
				"up": {"uv": [4, 7, 7.5, 8.25], "texture": "#5"},
				"down": {"uv": [5, 2, 8.5, 10.25], "texture": "#5"}
			}
		},
		{
			"from": [7.5, 5.25, 13.75],
			"to": [8.5, 6.25, 15.25],
			"rotation": {"angle": -45, "axis": "x", "origin": [8, 5.75, 12.90789]},
			"faces": {
				"north": {"uv": [10, 5, 11, 6], "texture": "#5", "rotation": 180},
				"east": {"uv": [10, 5, 11, 6.5], "texture": "#5", "rotation": 270},
				"south": {"uv": [10, 5, 11, 6], "texture": "#5"},
				"west": {"uv": [10, 5, 11, 6.5], "texture": "#5", "rotation": 90},
				"up": {"uv": [8, 5, 11, 9.5], "texture": "#5", "rotation": 180},
				"down": {"uv": [10, 5, 13, 9.5], "texture": "#5"}
			}
		},
		{
			"from": [7.25, 5, 9],
			"to": [8.75, 6.5, 9.5],
			"rotation": {"angle": -45, "axis": "x", "origin": [8, 5.75, 12.90789]},
			"faces": {
				"north": {"uv": [2, 2, 7.5, 3.5], "texture": "#5"},
				"east": {"uv": [2, 2, 7.5, 3.5], "texture": "#5", "rotation": 270},
				"south": {"uv": [2, 2, 7.5, 3.5], "texture": "#5", "rotation": 180},
				"west": {"uv": [2, 2, 8.5, 5.5], "texture": "#5", "rotation": 90},
				"up": {"uv": [6, 2, 13.5, 4.5], "texture": "#5", "rotation": 180},
				"down": {"uv": [2, 2, 7.5, 3.5], "texture": "#5"}
			}
		},
		{
			"from": [7.5, 5.25, 9.5],
			"to": [8.5, 6.25, 10.5],
			"rotation": {"angle": -45, "axis": "x", "origin": [8, 5.75, 12.90789]},
			"faces": {
				"north": {"uv": [7, 7, 10, 11], "texture": "#3"},
				"east": {"uv": [7, 7, 10, 11], "texture": "#3", "rotation": 270},
				"south": {"uv": [7, 7, 10, 11], "texture": "#3", "rotation": 180},
				"west": {"uv": [7, 7, 10, 11], "texture": "#3", "rotation": 90},
				"up": {"uv": [7, 7, 10, 11], "texture": "#3", "rotation": 180},
				"down": {"uv": [7, 7, 10, 11], "texture": "#3"}
			}
		},
		{
			"from": [7.5, 5.25, 10.5],
			"to": [8.5, 6.25, 10.75],
			"rotation": {"angle": -45, "axis": "x", "origin": [8, 5.75, 12.90789]},
			"faces": {
				"north": {"uv": [10, 5, 11, 6], "texture": "#5", "rotation": 180},
				"east": {"uv": [0, 2, 1, 2.25], "texture": "#5", "rotation": 270},
				"south": {"uv": [10, 5, 11, 6], "texture": "#5"},
				"west": {"uv": [7, 5, 8, 5.25], "texture": "#5", "rotation": 90},
				"up": {"uv": [8, 5, 9, 5.25], "texture": "#5", "rotation": 180},
				"down": {"uv": [10, 5, 11, 5.25], "texture": "#5"}
			}
		},
		{
			"from": [7.5, 5.25, 10.75],
			"to": [8.5, 6.25, 12],
			"rotation": {"angle": -45, "axis": "x", "origin": [8, 5.75, 12.90789]},
			"faces": {
				"north": {"uv": [2, 6, 4, 11.25], "texture": "#3"},
				"east": {"uv": [3, 4, 5, 9.25], "texture": "#3", "rotation": 270},
				"south": {"uv": [2, 6, 4, 11.25], "texture": "#3", "rotation": 180},
				"west": {"uv": [3, 7, 5, 12.25], "texture": "#3", "rotation": 90},
				"up": {"uv": [4, 4, 6, 9.25], "texture": "#3", "rotation": 180},
				"down": {"uv": [2, 6, 4, 11.25], "texture": "#3"}
			}
		},
		{
			"from": [7.5, 5.25, 12],
			"to": [8.5, 6.25, 12.25],
			"rotation": {"angle": -45, "axis": "x", "origin": [8, 5.75, 12.90789]},
			"faces": {
				"north": {"uv": [10, 5, 11, 6], "texture": "#5", "rotation": 180},
				"east": {"uv": [0, 2, 1, 2.25], "texture": "#5", "rotation": 270},
				"south": {"uv": [10, 5, 11, 6], "texture": "#5"},
				"west": {"uv": [7, 5, 8, 5.25], "texture": "#5", "rotation": 90},
				"up": {"uv": [8, 5, 9, 5.25], "texture": "#5", "rotation": 180},
				"down": {"uv": [10, 5, 11, 5.25], "texture": "#5"}
			}
		},
		{
			"from": [7.5, 5.25, 12.25],
			"to": [8.5, 6.25, 13.25],
			"rotation": {"angle": -45, "axis": "x", "origin": [8, 5.75, 12.90789]},
			"faces": {
				"north": {"uv": [12, 9, 15, 14], "texture": "#3", "rotation": 180},
				"east": {"uv": [9, 6, 12, 11], "texture": "#3", "rotation": 180},
				"south": {"uv": [12, 9, 15, 14], "texture": "#3", "rotation": 180},
				"west": {"uv": [8, 8, 11, 13], "texture": "#3", "rotation": 180},
				"up": {"uv": [13, 3, 16, 8], "texture": "#3", "rotation": 180},
				"down": {"uv": [9, 7, 12, 12], "texture": "#3", "rotation": 180}
			}
		},
		{
			"from": [7.25, 5, 13.25],
			"to": [8.75, 6.5, 13.75],
			"rotation": {"angle": -45, "axis": "x", "origin": [8, 5.75, 12.90789]},
			"faces": {
				"north": {"uv": [4, 4, 7.5, 6.5], "texture": "#5", "rotation": 270},
				"east": {"uv": [4, 4, 5.5, 9.5], "texture": "#5", "rotation": 180},
				"south": {"uv": [4, 4, 7.5, 6.5], "texture": "#5", "rotation": 90},
				"west": {"uv": [4, 4, 5.5, 8.5], "texture": "#5"},
				"up": {"uv": [4, 4, 6.5, 11.5], "texture": "#5", "rotation": 90},
				"down": {"uv": [4, 4, 5.5, 8.5], "texture": "#5", "rotation": 270}
			}
		},
		{
			"from": [8.25, 5.5, 8.75],
			"to": [8.5, 6, 9],
			"rotation": {"angle": -45, "axis": "x", "origin": [8, 5.75, 12.90789]},
			"faces": {
				"north": {"uv": [8, 9, 8.5, 9.25], "texture": "#5", "rotation": 90},
				"east": {"uv": [10, 8, 10.5, 8.25], "texture": "#5", "rotation": 90},
				"south": {"uv": [10, 8, 10.5, 8.25], "texture": "#5", "rotation": 90},
				"west": {"uv": [10, 8, 10.5, 8.25], "texture": "#5", "rotation": 90},
				"up": {"uv": [10, 8, 10.25, 8.25], "texture": "#5", "rotation": 90},
				"down": {"uv": [10, 8, 10.25, 8.25], "texture": "#5", "rotation": 90}
			}
		},
		{
			"from": [7.5, 5.5, 8.75],
			"to": [7.75, 6, 9],
			"rotation": {"angle": -45, "axis": "x", "origin": [8, 5.75, 12.90789]},
			"faces": {
				"north": {"uv": [11, 10, 11.5, 10.25], "texture": "#5", "rotation": 90},
				"east": {"uv": [11, 10, 11.5, 10.25], "texture": "#5", "rotation": 90},
				"south": {"uv": [11, 10, 11.5, 10.25], "texture": "#5", "rotation": 90},
				"west": {"uv": [11, 10, 11.5, 10.25], "texture": "#5", "rotation": 90},
				"up": {"uv": [11, 10, 11.25, 10.25], "texture": "#5", "rotation": 90},
				"down": {"uv": [11, 10, 11.25, 10.25], "texture": "#5", "rotation": 90}
			}
		},
		{
			"from": [7.75, 5.5, 8.5],
			"to": [8.25, 6, 8.75],
			"rotation": {"angle": -45, "axis": "x", "origin": [8, 5.75, 12.90789]},
			"faces": {
				"north": {"uv": [6, 8, 6.5, 8.5], "texture": "#5", "rotation": 90},
				"east": {"uv": [4, 4, 4.5, 4.25], "texture": "#5", "rotation": 90},
				"south": {"uv": [4, 4, 4.5, 4.5], "texture": "#5", "rotation": 90},
				"west": {"uv": [4, 4, 4.5, 4.25], "texture": "#5", "rotation": 90},
				"up": {"uv": [4, 4, 4.25, 4.5], "texture": "#5", "rotation": 90},
				"down": {"uv": [1, 2, 1.25, 2.5], "texture": "#5", "rotation": 90}
			}
		},
		{
			"from": [7.25, 5, 15.25],
			"to": [8.75, 6.5, 16.5],
			"rotation": {"angle": -45, "axis": "x", "origin": [8, 5.75, 12.90789]},
			"faces": {
				"north": {"uv": [5, 9, 12.5, 14.5], "texture": "#5", "rotation": 180},
				"east": {"uv": [8, 6, 9.25, 7.5], "texture": "#5", "rotation": 180},
				"south": {"uv": [2, 2, 3.5, 3.5], "texture": "#5", "rotation": 180},
				"west": {"uv": [3, 5, 4.25, 6.5], "texture": "#5", "rotation": 180},
				"up": {"uv": [2, 2, 7.5, 3.25], "texture": "#5", "rotation": 180},
				"down": {"uv": [2, 2, 3.5, 3.25], "texture": "#5", "rotation": 180}
			}
		},
		{
			"from": [7.75, 6.25, 15],
			"to": [8.25, 6.5, 15.25],
			"rotation": {"angle": -45, "axis": "x", "origin": [8, 5.75, 12.90789]},
			"faces": {
				"north": {"uv": [3, 11, 3.5, 11.25], "texture": "#5", "rotation": 180},
				"east": {"uv": [3, 11, 3.25, 11.25], "texture": "#5", "rotation": 180},
				"south": {"uv": [3, 11, 3.5, 11.25], "texture": "#5", "rotation": 180},
				"west": {"uv": [3, 11, 3.25, 11.25], "texture": "#5", "rotation": 180},
				"up": {"uv": [3, 11, 3.5, 11.25], "texture": "#5", "rotation": 180},
				"down": {"uv": [3, 11, 3.5, 11.25], "texture": "#5", "rotation": 180}
			}
		},
		{
			"from": [7.25, 5.5, 15],
			"to": [7.5, 6, 15.25],
			"rotation": {"angle": -45, "axis": "x", "origin": [8, 5.75, 12.90789]},
			"faces": {
				"north": {"uv": [3, 11, 3.25, 11.5], "texture": "#5", "rotation": 180},
				"east": {"uv": [3, 11, 3.25, 11.5], "texture": "#5", "rotation": 180},
				"south": {"uv": [3, 11, 3.25, 11.5], "texture": "#5", "rotation": 180},
				"west": {"uv": [3, 11, 3.25, 11.5], "texture": "#5", "rotation": 180},
				"up": {"uv": [3, 11, 3.25, 11.25], "texture": "#5", "rotation": 180},
				"down": {"uv": [3, 11, 3.25, 11.25], "texture": "#5", "rotation": 180}
			}
		},
		{
			"from": [8.5, 5.5, 15],
			"to": [8.75, 6, 15.25],
			"rotation": {"angle": -45, "axis": "x", "origin": [8, 5.75, 12.90789]},
			"faces": {
				"north": {"uv": [3, 11, 3.25, 11.5], "texture": "#5", "rotation": 180},
				"east": {"uv": [3, 11, 3.25, 11.5], "texture": "#5", "rotation": 180},
				"south": {"uv": [3, 11, 3.25, 11.5], "texture": "#5", "rotation": 180},
				"west": {"uv": [3, 11, 3.25, 11.5], "texture": "#5", "rotation": 180},
				"up": {"uv": [3, 11, 3.25, 11.25], "texture": "#5", "rotation": 180},
				"down": {"uv": [3, 11, 3.25, 11.25], "texture": "#5", "rotation": 180}
			}
		},
		{
			"from": [7.75, 5, 15],
			"to": [8.25, 5.25, 15.25],
			"rotation": {"angle": -45, "axis": "x", "origin": [8, 5.75, 12.90789]},
			"faces": {
				"north": {"uv": [3, 11, 3.5, 11.25], "texture": "#5", "rotation": 180},
				"east": {"uv": [3, 11, 3.25, 11.25], "texture": "#5", "rotation": 180},
				"south": {"uv": [3, 11, 3.5, 11.25], "texture": "#5", "rotation": 180},
				"west": {"uv": [3, 11, 3.25, 11.25], "texture": "#5", "rotation": 180},
				"up": {"uv": [3, 11, 3.5, 11.25], "texture": "#5", "rotation": 180},
				"down": {"uv": [3, 11, 3.5, 11.25], "texture": "#5", "rotation": 180}
			}
		},
		{
			"from": [7.25, 6.5, 15.5],
			"to": [8.75, 6.75, 16.25],
			"rotation": {"angle": -45, "axis": "x", "origin": [8, 5.75, 12.90789]},
			"faces": {
				"north": {"uv": [2, 2, 5.5, 3.25], "texture": "#5", "rotation": 180},
				"east": {"uv": [8, 6, 8.75, 6.25], "texture": "#5", "rotation": 180},
				"south": {"uv": [2, 2, 3.5, 2.25], "texture": "#5", "rotation": 180},
				"west": {"uv": [3, 5, 3.75, 5.25], "texture": "#5", "rotation": 180},
				"up": {"uv": [4, 3, 6.5, 6.75], "texture": "#5", "rotation": 180},
				"down": {"uv": [2, 2, 3.5, 2.75], "texture": "#5", "rotation": 180}
			}
		},
		{
			"from": [7.25, 4.75, 15.5],
			"to": [8.75, 5, 16.25],
			"rotation": {"angle": -45, "axis": "x", "origin": [8, 5.75, 12.90789]},
			"faces": {
				"north": {"uv": [2, 2, 3.5, 2.25], "texture": "#5", "rotation": 180},
				"east": {"uv": [8, 6, 8.75, 6.25], "texture": "#5", "rotation": 180},
				"south": {"uv": [2, 2, 3.5, 2.25], "texture": "#5", "rotation": 180},
				"west": {"uv": [3, 5, 3.75, 5.25], "texture": "#5", "rotation": 180},
				"up": {"uv": [2, 2, 3.5, 2.75], "texture": "#5", "rotation": 180},
				"down": {"uv": [2, 2, 6.5, 3.75], "texture": "#5", "rotation": 180}
			}
		},
		{
			"from": [7.25, 5.25, 16.5],
			"to": [8.75, 6.25, 16.75],
			"rotation": {"angle": -45, "axis": "x", "origin": [8, 5.75, 12.90789]},
			"faces": {
				"north": {"uv": [2, 2, 3.5, 3], "texture": "#5", "rotation": 180},
				"east": {"uv": [8, 6, 8.25, 7], "texture": "#5", "rotation": 180},
				"south": {"uv": [2, 2, 3.5, 3], "texture": "#5", "rotation": 180},
				"west": {"uv": [3, 5, 3.25, 6], "texture": "#5", "rotation": 180},
				"up": {"uv": [2, 2, 3.5, 2.25], "texture": "#5", "rotation": 180},
				"down": {"uv": [2, 2, 3.5, 2.25], "texture": "#5", "rotation": 180}
			}
		}
	]
}