{
  "parent": "block/cube",
  "ambientocclusion": false,
  "textures": {
    "0": "rsgauges:blocks/common/darkroughmetal",
    "3": "rsgauges:blocks/common/old_wood",
    "5": "rsgauges:blocks/common/old_iron",
    "particle": "rsgauges:blocks/common/old_iron"
  },
  "display": {
    "gui":    { "rotation": [ 0, 180, 0 ], "translation": [  0.00, 0.50,   0.00 ], "scale": [ 1.00, 1.00, 1.00 ] },
    "fixed":  { "rotation": [ 0,   0, 0 ], "translation": [  0.00, 0.00, -11.00 ], "scale": [ 1.00, 1.00, 1.00 ] },
    "ground": { "rotation": [ 0,   0, 0 ], "translation": [  0.00, 0.00,  -7.00 ], "scale": [ 0.50, 0.50, 0.50 ] }
  },
  "elements": [
		{
			"from": [7, 12, 15.75],
			"to": [9, 14, 16],
			"faces": {
				"north": {"uv": [8, 8, 10, 10], "texture": "#5"},
				"east": {"uv": [11, 5, 11.25, 7], "texture": "#5"},
				"south": {"uv": [11, 1, 15, 5], "texture": "#5"},
				"west": {"uv": [0, 1, 0.25, 3], "texture": "#5"},
				"up": {"uv": [1, 1, 3, 1.25], "texture": "#5"},
				"down": {"uv": [1, 1, 3, 1.25], "texture": "#5"}
			}
		},
		{
			"from": [9, 12.25, 15.75],
			"to": [9.25, 13.75, 16],
			"faces": {
				"north": {"uv": [6, 5, 7.25, 10.5], "texture": "#5"},
				"east": {"uv": [4, 3, 5.25, 7.5], "texture": "#5"},
				"south": {"uv": [4, 3, 4.25, 4.5], "texture": "#5"},
				"west": {"uv": [4, 3, 4.25, 4.5], "texture": "#5"},
				"up": {"uv": [2, 2, 2.25, 2.25], "texture": "#5"},
				"down": {"uv": [4, 3, 4.25, 3.25], "texture": "#5"}
			}
		},
		{
			"from": [6.75, 12.25, 15.75],
			"to": [7, 13.75, 16],
			"faces": {
				"north": {"uv": [12, 2, 13.25, 5.5], "texture": "#5"},
				"east": {"uv": [4, 10, 4.25, 11.5], "texture": "#5"},
				"south": {"uv": [2, 9, 2.25, 10.5], "texture": "#5"},
				"west": {"uv": [11, 4, 12.25, 8.5], "texture": "#5"},
				"up": {"uv": [4, 10, 4.25, 10.25], "texture": "#5"},
				"down": {"uv": [4, 10, 4.25, 10.25], "texture": "#5"}
			}
		},
		{
			"from": [7.25, 11.75, 15.75],
			"to": [8.75, 12, 16],
			"faces": {
				"north": {"uv": [7, 4, 13.5, 5.25], "texture": "#5"},
				"east": {"uv": [10, 11, 10.25, 11.25], "texture": "#5"},
				"south": {"uv": [10, 11, 11.5, 11.25], "texture": "#5"},
				"west": {"uv": [10, 11, 10.25, 11.25], "texture": "#5"},
				"up": {"uv": [10, 11, 11.5, 11.25], "texture": "#5"},
				"down": {"uv": [10, 11, 11.5, 11.25], "texture": "#5"}
			}
		},
		{
			"from": [7.25, 14, 15.75],
			"to": [8.75, 14.25, 16],
			"faces": {
				"north": {"uv": [12, 5, 13.5, 5.25], "texture": "#5"},
				"east": {"uv": [12, 5, 12.25, 5.25], "texture": "#5"},
				"south": {"uv": [12, 5, 13.5, 5.25], "texture": "#5"},
				"west": {"uv": [12, 5, 12.25, 5.25], "texture": "#5"},
				"up": {"uv": [6, 3, 10.5, 4.25], "texture": "#5"},
				"down": {"uv": [12, 5, 13.5, 5.25], "texture": "#5"}
			}
		},
		{
			"from": [7.25, 12.25, 15.5],
			"to": [7.5, 13.75, 15.75],
			"faces": {
				"north": {"uv": [8, 4, 8.25, 5.5], "texture": "#5"},
				"east": {"uv": [1, 1, 1.25, 2.5], "texture": "#5"},
				"south": {"uv": [1, 1, 1.25, 2.5], "texture": "#5"},
				"west": {"uv": [1, 1, 1.25, 2.5], "texture": "#5"},
				"up": {"uv": [6, 4, 6.25, 4.25], "texture": "#5"},
				"down": {"uv": [1, 1, 1.25, 1.25], "texture": "#5"}
			}
		},
		{
			"from": [8.5, 12.25, 15.5],
			"to": [8.75, 13.75, 15.75],
			"faces": {
				"north": {"uv": [7, 6, 7.25, 7.5], "texture": "#5"},
				"east": {"uv": [9, 4, 9.25, 5.5], "texture": "#5"},
				"south": {"uv": [1, 1, 1.25, 2.5], "texture": "#5"},
				"west": {"uv": [1, 1, 1.25, 2.5], "texture": "#5"},
				"up": {"uv": [6, 4, 6.25, 4.25], "texture": "#5"},
				"down": {"uv": [1, 1, 1.25, 1.25], "texture": "#5"}
			}
		},
		{
			"from": [7.5, 13.5, 15.5],
			"to": [8.5, 14, 15.75],
			"faces": {
				"north": {"uv": [7, 0, 10, 2.5], "texture": "#5"},
				"east": {"uv": [1, 1, 1.25, 1.5], "texture": "#5"},
				"south": {"uv": [1, 1, 2, 1.5], "texture": "#5"},
				"west": {"uv": [1, 1, 1.25, 1.5], "texture": "#5"},
				"up": {"uv": [11, 7, 13, 8.25], "texture": "#5"},
				"down": {"uv": [1, 1, 2, 1.25], "texture": "#5"}
			}
		},
		{
			"from": [7.5, 12, 15.5],
			"to": [8.5, 12.5, 15.75],
			"faces": {
				"north": {"uv": [9, 5, 14, 7.5], "texture": "#5"},
				"east": {"uv": [3, 5, 3.25, 5.5], "texture": "#5"},
				"south": {"uv": [1, 1, 2, 1.5], "texture": "#5"},
				"west": {"uv": [1, 1, 1.25, 1.5], "texture": "#5"},
				"up": {"uv": [3, 8, 4, 8.25], "texture": "#5"},
				"down": {"uv": [1, 1, 2, 1.25], "texture": "#5"}
			}
		},
		{
			"from": [7, 12.5, 15.5],
			"to": [7.25, 13.5, 15.75],
			"faces": {
				"north": {"uv": [11, 3, 12.25, 6], "texture": "#5"},
				"east": {"uv": [11, 3, 11.25, 4], "texture": "#5"},
				"south": {"uv": [11, 3, 11.25, 4], "texture": "#5"},
				"west": {"uv": [11, 3, 11.25, 4], "texture": "#5"},
				"up": {"uv": [6, 4, 6.25, 4.25], "texture": "#5"},
				"down": {"uv": [11, 3, 11.25, 3.25], "texture": "#5"}
			}
		},
		{
			"from": [8.75, 12.5, 15.5],
			"to": [9, 13.5, 15.75],
			"faces": {
				"north": {"uv": [3, 4, 4.25, 7], "texture": "#5"},
				"east": {"uv": [4, 6, 4.25, 7], "texture": "#5"},
				"south": {"uv": [1, 1, 1.25, 2], "texture": "#5"},
				"west": {"uv": [1, 1, 1.25, 2], "texture": "#5"},
				"up": {"uv": [6, 4, 6.25, 4.25], "texture": "#5"},
				"down": {"uv": [1, 1, 1.25, 1.25], "texture": "#5"}
			}
		},
		{
			"from": [7.5, 12.5, 14.5],
			"to": [8.5, 13.5, 14.75],
			"faces": {
				"north": {"uv": [4, 5, 5, 6], "texture": "#3"},
				"east": {"uv": [4, 5, 4.25, 6], "texture": "#3"},
				"south": {"uv": [7, 7, 10, 10], "texture": "#3"},
				"west": {"uv": [4, 5, 4.25, 6], "texture": "#3"},
				"up": {"uv": [4, 5, 5, 5.25], "texture": "#3"},
				"down": {"uv": [4, 5, 5, 5.25], "texture": "#3"}
			}
		},
		{
			"from": [7.5, 12.25, 14.5],
			"to": [8.5, 12.5, 14.75],
			"faces": {
				"north": {"uv": [6, 4, 7, 4.25], "texture": "#3"},
				"east": {"uv": [4, 5, 4.25, 5.25], "texture": "#3"},
				"south": {"uv": [4, 5, 5, 5.25], "texture": "#3"},
				"west": {"uv": [4, 5, 4.25, 5.25], "texture": "#3"},
				"up": {"uv": [4, 5, 5, 5.25], "texture": "#3"},
				"down": {"uv": [4, 5, 5, 5.25], "texture": "#3"}
			}
		},
		{
			"from": [7.5, 13.5, 14.5],
			"to": [8.5, 13.75, 14.75],
			"faces": {
				"north": {"uv": [4, 5, 5, 5.25], "texture": "#3"},
				"east": {"uv": [4, 6, 4.25, 6.25], "texture": "#3"},
				"south": {"uv": [4, 5, 5, 5.25], "texture": "#3"},
				"west": {"uv": [4, 5, 4.25, 5.25], "texture": "#3"},
				"up": {"uv": [6, 9, 9, 10.25], "texture": "#3"},
				"down": {"uv": [4, 5, 5, 5.25], "texture": "#3"}
			}
		},
		{
			"from": [7.25, 12.5, 14.5],
			"to": [7.5, 13.5, 14.75],
			"faces": {
				"north": {"uv": [4, 5, 4.25, 6], "texture": "#3"},
				"east": {"uv": [4, 5, 4.25, 6], "texture": "#3"},
				"south": {"uv": [4, 5, 4.25, 6], "texture": "#3"},
				"west": {"uv": [0, 12, 1.25, 15], "texture": "#3"},
				"up": {"uv": [4, 5, 4.25, 5.25], "texture": "#3"},
				"down": {"uv": [4, 5, 4.25, 5.25], "texture": "#3"}
			}
		},
		{
			"from": [8.5, 12.5, 14.5],
			"to": [8.75, 13.5, 14.75],
			"faces": {
				"north": {"uv": [4, 5, 4.25, 6], "texture": "#3"},
				"east": {"uv": [9, 3, 10.25, 6], "texture": "#3"},
				"south": {"uv": [4, 5, 5.25, 8], "texture": "#3"},
				"west": {"uv": [4, 5, 4.25, 6], "texture": "#3"},
				"up": {"uv": [4, 5, 4.25, 5.25], "texture": "#3"},
				"down": {"uv": [4, 5, 4.25, 5.25], "texture": "#3"}
			}
		},
		{
			"from": [7.75, 12.75, 13.75],
			"to": [8.25, 13.25, 14.5],
			"faces": {
				"north": {"uv": [9, 5, 11.75, 8.875], "texture": "#0"},
				"east": {"uv": [9, 5, 11.75, 8.875], "texture": "#0"},
				"south": {"uv": [9, 5, 11.75, 8.875], "texture": "#0"},
				"west": {"uv": [9, 5, 11.75, 8.875], "texture": "#0"},
				"up": {"uv": [9, 5, 11.75, 8.875], "texture": "#0"},
				"down": {"uv": [9, 5, 11.75, 8.875], "texture": "#0"}
			}
		},
		{
			"from": [7.75, 13.25, 14],
			"to": [8.25, 13.5, 14.25],
			"faces": {
				"north": {"uv": [4, 5, 4.5, 5.25], "texture": "#3"},
				"east": {"uv": [4, 5, 4.25, 5.25], "texture": "#3"},
				"south": {"uv": [4, 5, 4.5, 5.25], "texture": "#3"},
				"west": {"uv": [4, 5, 4.25, 5.25], "texture": "#3"},
				"up": {"uv": [4, 5, 4.5, 5.25], "texture": "#3"},
				"down": {"uv": [4, 5, 4.5, 5.25], "texture": "#3"}
			}
		},
		{
			"from": [7.5, 12.25, 14],
			"to": [8.5, 12.5, 14.25],
			"faces": {
				"north": {"uv": [7, 7, 11, 8.25], "texture": "#3"},
				"east": {"uv": [4, 5, 4.25, 5.25], "texture": "#3"},
				"south": {"uv": [4, 5, 5, 5.25], "texture": "#3"},
				"west": {"uv": [4, 5, 4.25, 5.25], "texture": "#3"},
				"up": {"uv": [4, 5, 5, 5.25], "texture": "#3"},
				"down": {"uv": [4, 5, 5, 5.25], "texture": "#3"}
			}
		},
		{
			"from": [7.5, 13.5, 14],
			"to": [8.5, 13.75, 14.25],
			"faces": {
				"north": {"uv": [7, 7, 11, 8.25], "texture": "#3"},
				"east": {"uv": [4, 5, 4.25, 5.25], "texture": "#3"},
				"south": {"uv": [4, 5, 5, 5.25], "texture": "#3"},
				"west": {"uv": [4, 5, 4.25, 5.25], "texture": "#3"},
				"up": {"uv": [5, 7, 7, 8.25], "texture": "#3"},
				"down": {"uv": [4, 5, 5, 5.25], "texture": "#3"}
			}
		},
		{
			"from": [7.25, 12.5, 14],
			"to": [7.75, 13.5, 14.25],
			"faces": {
				"north": {"uv": [5, 4, 6.5, 7], "texture": "#3"},
				"east": {"uv": [6, 8, 6.25, 9], "texture": "#3"},
				"south": {"uv": [6, 8, 6.5, 9], "texture": "#3"},
				"west": {"uv": [12, 13, 13.25, 16], "texture": "#3"},
				"up": {"uv": [6, 8, 6.5, 8.25], "texture": "#3"},
				"down": {"uv": [6, 8, 6.5, 8.25], "texture": "#3"}
			}
		},
		{
			"from": [8.25, 12.5, 14],
			"to": [8.75, 13.5, 14.25],
			"faces": {
				"north": {"uv": [6, 5, 8.5, 9], "texture": "#3"},
				"east": {"uv": [4, 4, 5.25, 6], "texture": "#3"},
				"south": {"uv": [4, 5, 4.5, 6], "texture": "#3"},
				"west": {"uv": [4, 5, 4.25, 6], "texture": "#3"},
				"up": {"uv": [4, 5, 4.5, 5.25], "texture": "#3"},
				"down": {"uv": [4, 5, 4.5, 5.25], "texture": "#3"}
			}
		},
		{
			"from": [7.75, 12.5, 14],
			"to": [8.25, 12.75, 14.25],
			"faces": {
				"north": {"uv": [4, 5, 4.5, 5.25], "texture": "#3"},
				"east": {"uv": [4, 5, 4.25, 5.25], "texture": "#3"},
				"south": {"uv": [4, 5, 4.5, 5.25], "texture": "#3"},
				"west": {"uv": [4, 5, 4.25, 5.25], "texture": "#3"},
				"up": {"uv": [4, 5, 4.5, 5.25], "texture": "#3"},
				"down": {"uv": [4, 5, 4.5, 5.25], "texture": "#3"}
			}
		},
		{
			"from": [7.75, 12.75, 14.75],
			"to": [8.25, 13.25, 15.75],
			"faces": {
				"north": {"uv": [3, 7.5, 6.25, 13.5], "texture": "#0"},
				"east": {"uv": [3, 7.5, 6.25, 13.5], "texture": "#0"},
				"south": {"uv": [3, 7.5, 6.25, 13.5], "texture": "#0"},
				"west": {"uv": [3, 7.5, 6.25, 13.5], "texture": "#0"},
				"up": {"uv": [3, 7.5, 6.25, 13.5], "texture": "#0"},
				"down": {"uv": [3, 7.5, 6.25, 13.5], "texture": "#0"}
			}
		},
		{
			"from": [12.25, 13, 15.75],
			"to": [14.25, 15, 16],
			"faces": {
				"north": {"uv": [8, 8, 10, 10], "texture": "#5"},
				"east": {"uv": [11, 5, 11.25, 7], "texture": "#5"},
				"south": {"uv": [2, 6, 6, 11], "texture": "#5"},
				"west": {"uv": [0, 1, 0.25, 3], "texture": "#5"},
				"up": {"uv": [1, 1, 3, 1.25], "texture": "#5"},
				"down": {"uv": [1, 1, 3, 1.25], "texture": "#5"}
			}
		},
		{
			"from": [14.25, 13.25, 15.75],
			"to": [14.5, 14.75, 16],
			"faces": {
				"north": {"uv": [4, 3, 4.25, 4.5], "texture": "#5"},
				"east": {"uv": [13, 5, 14.25, 8.5], "texture": "#5"},
				"south": {"uv": [4, 3, 4.25, 4.5], "texture": "#5"},
				"west": {"uv": [4, 3, 4.25, 4.5], "texture": "#5"},
				"up": {"uv": [2, 2, 2.25, 2.25], "texture": "#5"},
				"down": {"uv": [4, 3, 4.25, 3.25], "texture": "#5"}
			}
		},
		{
			"from": [12, 13.25, 15.75],
			"to": [12.25, 14.75, 16],
			"faces": {
				"north": {"uv": [13, 2, 14.25, 6.5], "texture": "#5"},
				"east": {"uv": [4, 10, 4.25, 11.5], "texture": "#5"},
				"south": {"uv": [2, 9, 2.25, 10.5], "texture": "#5"},
				"west": {"uv": [4, 10, 4.25, 11.5], "texture": "#5"},
				"up": {"uv": [4, 10, 4.25, 10.25], "texture": "#5"},
				"down": {"uv": [4, 10, 4.25, 10.25], "texture": "#5"}
			}
		},
		{
			"from": [12.5, 12.75, 15.75],
			"to": [14, 13, 16],
			"faces": {
				"north": {"uv": [8, 6, 14.5, 7.25], "texture": "#5"},
				"east": {"uv": [10, 11, 10.25, 11.25], "texture": "#5"},
				"south": {"uv": [10, 11, 11.5, 11.25], "texture": "#5"},
				"west": {"uv": [10, 11, 10.25, 11.25], "texture": "#5"},
				"up": {"uv": [10, 11, 11.5, 11.25], "texture": "#5"},
				"down": {"uv": [10, 11, 11.5, 11.25], "texture": "#5"}
			}
		},
		{
			"from": [12.5, 15, 15.75],
			"to": [14, 15.25, 16],
			"faces": {
				"north": {"uv": [12, 5, 13.5, 5.25], "texture": "#5"},
				"east": {"uv": [12, 5, 12.25, 5.25], "texture": "#5"},
				"south": {"uv": [12, 5, 13.5, 5.25], "texture": "#5"},
				"west": {"uv": [12, 5, 12.25, 5.25], "texture": "#5"},
				"up": {"uv": [7, 4, 12.5, 5.25], "texture": "#5"},
				"down": {"uv": [12, 5, 13.5, 5.25], "texture": "#5"}
			}
		},
		{
			"from": [11.75, 14.5, 15.75],
			"to": [12, 15, 16],
			"faces": {
				"north": {"uv": [6, 3, 7.25, 5.5], "texture": "#5"},
				"east": {"uv": [2, 2, 2.25, 2.5], "texture": "#5"},
				"south": {"uv": [2, 2, 2.25, 2.5], "texture": "#5"},
				"west": {"uv": [2, 2, 2.25, 2.5], "texture": "#5"},
				"up": {"uv": [2, 2, 2.25, 2.25], "texture": "#5"},
				"down": {"uv": [2, 2, 2.25, 2.25], "texture": "#5"}
			}
		},
		{
			"from": [11.75, 13, 15.75],
			"to": [12, 13.5, 16],
			"faces": {
				"north": {"uv": [4, 4, 5.25, 7], "texture": "#5"},
				"east": {"uv": [2, 2, 2.25, 2.5], "texture": "#5"},
				"south": {"uv": [2, 2, 2.25, 2.5], "texture": "#5"},
				"west": {"uv": [2, 2, 2.25, 2.5], "texture": "#5"},
				"up": {"uv": [2, 2, 2.25, 2.25], "texture": "#5"},
				"down": {"uv": [2, 2, 2.25, 2.25], "texture": "#5"}
			}
		},
		{
			"from": [12.25, 15.25, 15.75],
			"to": [12.75, 15.5, 16],
			"faces": {
				"north": {"uv": [9, 7, 9.5, 7.25], "texture": "#5"},
				"east": {"uv": [6, 7, 6.25, 7.25], "texture": "#5"},
				"south": {"uv": [11, 0, 11.5, 0.25], "texture": "#5"},
				"west": {"uv": [11, 8, 11.25, 8.25], "texture": "#5"},
				"up": {"uv": [12, 4, 13.5, 5.25], "texture": "#5"},
				"down": {"uv": [1, 1, 1.5, 1.25], "texture": "#5"}
			}
		},
		{
			"from": [13.75, 15.25, 15.75],
			"to": [14.25, 15.5, 16],
			"faces": {
				"north": {"uv": [1, 1, 1.5, 1.25], "texture": "#5"},
				"east": {"uv": [3, 2, 3.25, 2.25], "texture": "#5"},
				"south": {"uv": [11, 0, 11.5, 0.25], "texture": "#5"},
				"west": {"uv": [1, 1, 1.25, 1.25], "texture": "#5"},
				"up": {"uv": [9, 2, 11.5, 3.25], "texture": "#5"},
				"down": {"uv": [1, 1, 1.5, 1.25], "texture": "#5"}
			}
		},
		{
			"from": [14.5, 14.5, 15.75],
			"to": [14.75, 15, 16],
			"faces": {
				"north": {"uv": [2, 8, 3.25, 11], "texture": "#5"},
				"east": {"uv": [1, 7, 2.25, 9], "texture": "#5"},
				"south": {"uv": [2, 2, 2.25, 2.5], "texture": "#5"},
				"west": {"uv": [2, 2, 2.25, 2.5], "texture": "#5"},
				"up": {"uv": [2, 2, 2.25, 2.25], "texture": "#5"},
				"down": {"uv": [2, 2, 2.25, 2.25], "texture": "#5"}
			}
		},
		{
			"from": [14.5, 13, 15.75],
			"to": [14.75, 13.5, 16],
			"faces": {
				"north": {"uv": [13, 1, 14.25, 4], "texture": "#5"},
				"east": {"uv": [1, 6, 2.25, 9], "texture": "#5"},
				"south": {"uv": [2, 2, 2.25, 2.5], "texture": "#5"},
				"west": {"uv": [2, 2, 2.25, 2.5], "texture": "#5"},
				"up": {"uv": [2, 2, 2.25, 2.25], "texture": "#5"},
				"down": {"uv": [2, 2, 2.25, 2.25], "texture": "#5"}
			}
		},
		{
			"from": [13.75, 12.5, 15.75],
			"to": [14.25, 12.75, 16],
			"faces": {
				"north": {"uv": [2, 14, 2.5, 14.25], "texture": "#5"},
				"east": {"uv": [2, 14, 2.25, 14.25], "texture": "#5"},
				"south": {"uv": [2, 14, 2.5, 14.25], "texture": "#5"},
				"west": {"uv": [2, 14, 2.25, 14.25], "texture": "#5"},
				"up": {"uv": [2, 14, 2.5, 14.25], "texture": "#5"},
				"down": {"uv": [8, 10, 8.5, 10.25], "texture": "#5"}
			}
		},
		{
			"from": [12.25, 12.5, 15.75],
			"to": [12.75, 12.75, 16],
			"faces": {
				"north": {"uv": [8, 5, 10.5, 6.25], "texture": "#5"},
				"east": {"uv": [8, 7, 8.25, 7.25], "texture": "#5"},
				"south": {"uv": [8, 7, 8.5, 7.25], "texture": "#5"},
				"west": {"uv": [8, 7, 8.25, 7.25], "texture": "#5"},
				"up": {"uv": [8, 7, 8.5, 7.25], "texture": "#5"},
				"down": {"uv": [8, 10, 8.5, 10.25], "texture": "#5"}
			}
		},
		{
			"from": [12.5, 13.25, 15.5],
			"to": [12.75, 14.75, 15.75],
			"faces": {
				"north": {"uv": [8, 4, 8.25, 5.5], "texture": "#5"},
				"east": {"uv": [1, 1, 1.25, 2.5], "texture": "#5"},
				"south": {"uv": [1, 1, 1.25, 2.5], "texture": "#5"},
				"west": {"uv": [1, 1, 1.25, 2.5], "texture": "#5"},
				"up": {"uv": [6, 4, 6.25, 4.25], "texture": "#5"},
				"down": {"uv": [1, 1, 1.25, 1.25], "texture": "#5"}
			}
		},
		{
			"from": [13.75, 13.25, 15.5],
			"to": [14, 14.75, 15.75],
			"faces": {
				"north": {"uv": [7, 6, 7.25, 7.5], "texture": "#5"},
				"east": {"uv": [9, 4, 9.25, 5.5], "texture": "#5"},
				"south": {"uv": [1, 1, 1.25, 2.5], "texture": "#5"},
				"west": {"uv": [1, 1, 1.25, 2.5], "texture": "#5"},
				"up": {"uv": [6, 4, 6.25, 4.25], "texture": "#5"},
				"down": {"uv": [1, 1, 1.25, 1.25], "texture": "#5"}
			}
		},
		{
			"from": [12.75, 14.5, 15.5],
			"to": [13.75, 15, 15.75],
			"faces": {
				"north": {"uv": [10, 3, 11, 3.5], "texture": "#5"},
				"east": {"uv": [1, 1, 1.25, 1.5], "texture": "#5"},
				"south": {"uv": [1, 1, 2, 1.5], "texture": "#5"},
				"west": {"uv": [1, 1, 1.25, 1.5], "texture": "#5"},
				"up": {"uv": [10, 10, 13, 11.25], "texture": "#5"},
				"down": {"uv": [1, 1, 2, 1.25], "texture": "#5"}
			}
		},
		{
			"from": [12.75, 13, 15.5],
			"to": [13.75, 13.5, 15.75],
			"faces": {
				"north": {"uv": [5, 3, 10, 5.5], "texture": "#5"},
				"east": {"uv": [3, 5, 3.25, 5.5], "texture": "#5"},
				"south": {"uv": [1, 1, 2, 1.5], "texture": "#5"},
				"west": {"uv": [1, 1, 1.25, 1.5], "texture": "#5"},
				"up": {"uv": [3, 8, 4, 8.25], "texture": "#5"},
				"down": {"uv": [1, 1, 2, 1.25], "texture": "#5"}
			}
		},
		{
			"from": [12.25, 13.5, 15.5],
			"to": [12.5, 14.5, 15.75],
			"faces": {
				"north": {"uv": [12, 3, 12.25, 4], "texture": "#5"},
				"east": {"uv": [11, 3, 11.25, 4], "texture": "#5"},
				"south": {"uv": [11, 3, 11.25, 4], "texture": "#5"},
				"west": {"uv": [11, 3, 11.25, 4], "texture": "#5"},
				"up": {"uv": [6, 4, 6.25, 4.25], "texture": "#5"},
				"down": {"uv": [11, 3, 11.25, 3.25], "texture": "#5"}
			}
		},
		{
			"from": [14, 13.5, 15.5],
			"to": [14.25, 14.5, 15.75],
			"faces": {
				"north": {"uv": [0, 1, 1.25, 6], "texture": "#5"},
				"east": {"uv": [8, 7, 9.25, 10], "texture": "#5"},
				"south": {"uv": [1, 1, 1.25, 2], "texture": "#5"},
				"west": {"uv": [1, 1, 1.25, 2], "texture": "#5"},
				"up": {"uv": [6, 4, 6.25, 4.25], "texture": "#5"},
				"down": {"uv": [1, 1, 1.25, 1.25], "texture": "#5"}
			}
		},
		{
			"from": [13, 13.75, 14.75],
			"to": [13.5, 14.25, 15.75],
			"faces": {
				"north": {"uv": [3, 7.5, 6.25, 13.5], "texture": "#0"},
				"east": {"uv": [3, 7.5, 6.25, 13.5], "texture": "#0"},
				"south": {"uv": [3, 7.5, 6.25, 13.5], "texture": "#0"},
				"west": {"uv": [3, 7.5, 6.25, 13.5], "texture": "#0"},
				"up": {"uv": [3, 7.5, 6.25, 13.5], "texture": "#0"},
				"down": {"uv": [3, 7.5, 6.25, 13.5], "texture": "#0"}
			}
		},
		{
			"from": [12.75, 14.5, 14.5],
			"to": [13.75, 14.75, 14.75],
			"faces": {
				"north": {"uv": [4, 5, 5, 5.25], "texture": "#3"},
				"east": {"uv": [4, 6, 4.25, 6.25], "texture": "#3"},
				"south": {"uv": [4, 5, 7, 6.25], "texture": "#3"},
				"west": {"uv": [4, 5, 4.25, 5.25], "texture": "#3"},
				"up": {"uv": [9, 8, 12, 9.25], "texture": "#3"},
				"down": {"uv": [4, 5, 5, 5.25], "texture": "#3"}
			}
		},
		{
			"from": [12.5, 13.5, 14.5],
			"to": [12.75, 14.5, 14.75],
			"faces": {
				"north": {"uv": [4, 5, 4.25, 6], "texture": "#3"},
				"east": {"uv": [4, 5, 4.25, 6], "texture": "#3"},
				"south": {"uv": [4, 8, 5.25, 10], "texture": "#3"},
				"west": {"uv": [4, 5, 4.25, 6], "texture": "#3"},
				"up": {"uv": [4, 5, 4.25, 5.25], "texture": "#3"},
				"down": {"uv": [4, 5, 4.25, 5.25], "texture": "#3"}
			}
		},
		{
			"from": [13.75, 13.5, 14.5],
			"to": [14, 14.5, 14.75],
			"faces": {
				"north": {"uv": [4, 5, 4.25, 6], "texture": "#3"},
				"east": {"uv": [9, 6, 10.25, 9], "texture": "#3"},
				"south": {"uv": [4, 5, 5.25, 7], "texture": "#3"},
				"west": {"uv": [4, 5, 4.25, 6], "texture": "#3"},
				"up": {"uv": [4, 4, 7.25, 6.25], "texture": "#3"},
				"down": {"uv": [4, 5, 4.25, 5.25], "texture": "#3"}
			}
		},
		{
			"from": [13, 13.75, 13.75],
			"to": [13.5, 14.25, 14.5],
			"faces": {
				"north": {"uv": [9, 5, 11.75, 8.875], "texture": "#0"},
				"east": {"uv": [9, 5, 11.75, 8.875], "texture": "#0"},
				"south": {"uv": [9, 5, 11.75, 8.875], "texture": "#0"},
				"west": {"uv": [9, 5, 11.75, 8.875], "texture": "#0"},
				"up": {"uv": [9, 5, 11.75, 8.875], "texture": "#0"},
				"down": {"uv": [9, 5, 11.75, 8.875], "texture": "#0"}
			}
		},
		{
			"from": [13, 14.25, 14],
			"to": [13.5, 14.5, 14.25],
			"faces": {
				"north": {"uv": [4, 5, 4.5, 5.25], "texture": "#3"},
				"east": {"uv": [4, 5, 4.25, 5.25], "texture": "#3"},
				"south": {"uv": [4, 5, 4.5, 5.25], "texture": "#3"},
				"west": {"uv": [4, 5, 4.25, 5.25], "texture": "#3"},
				"up": {"uv": [4, 5, 4.5, 5.25], "texture": "#3"},
				"down": {"uv": [4, 5, 4.5, 5.25], "texture": "#3"}
			}
		},
		{
			"from": [12.75, 13.25, 14],
			"to": [13.75, 13.5, 14.25],
			"faces": {
				"north": {"uv": [7, 7, 11, 8.25], "texture": "#3"},
				"east": {"uv": [4, 5, 4.25, 5.25], "texture": "#3"},
				"south": {"uv": [4, 5, 5, 5.25], "texture": "#3"},
				"west": {"uv": [4, 5, 4.25, 5.25], "texture": "#3"},
				"up": {"uv": [4, 5, 5, 5.25], "texture": "#3"},
				"down": {"uv": [4, 5, 5, 5.25], "texture": "#3"}
			}
		},
		{
			"from": [12.75, 14.5, 14],
			"to": [13.75, 14.75, 14.25],
			"faces": {
				"north": {"uv": [7, 7, 11, 8.25], "texture": "#3"},
				"east": {"uv": [4, 5, 4.25, 5.25], "texture": "#3"},
				"south": {"uv": [4, 5, 5, 5.25], "texture": "#3"},
				"west": {"uv": [4, 5, 4.25, 5.25], "texture": "#3"},
				"up": {"uv": [8, 9, 11, 10.25], "texture": "#3"},
				"down": {"uv": [4, 5, 5, 5.25], "texture": "#3"}
			}
		},
		{
			"from": [12.5, 13.5, 14],
			"to": [13, 14.5, 14.25],
			"faces": {
				"north": {"uv": [5, 4, 6.5, 7], "texture": "#3"},
				"east": {"uv": [6, 8, 6.25, 9], "texture": "#3"},
				"south": {"uv": [6, 8, 6.5, 9], "texture": "#3"},
				"west": {"uv": [6, 8, 6.25, 9], "texture": "#3"},
				"up": {"uv": [6, 8, 6.5, 8.25], "texture": "#3"},
				"down": {"uv": [6, 8, 6.5, 8.25], "texture": "#3"}
			}
		},
		{
			"from": [13.5, 13.5, 14],
			"to": [14, 14.5, 14.25],
			"faces": {
				"north": {"uv": [6, 5, 8.5, 9], "texture": "#3"},
				"east": {"uv": [4, 4, 5.25, 7], "texture": "#3"},
				"south": {"uv": [4, 5, 4.5, 6], "texture": "#3"},
				"west": {"uv": [4, 5, 4.25, 6], "texture": "#3"},
				"up": {"uv": [8, 1, 10, 2.25], "texture": "#3"},
				"down": {"uv": [4, 5, 4.5, 5.25], "texture": "#3"}
			}
		},
		{
			"from": [13, 13.5, 14],
			"to": [13.5, 13.75, 14.25],
			"faces": {
				"north": {"uv": [4, 5, 4.5, 5.25], "texture": "#3"},
				"east": {"uv": [4, 5, 4.25, 5.25], "texture": "#3"},
				"south": {"uv": [4, 5, 4.5, 5.25], "texture": "#3"},
				"west": {"uv": [4, 5, 4.25, 5.25], "texture": "#3"},
				"up": {"uv": [4, 5, 4.5, 5.25], "texture": "#3"},
				"down": {"uv": [4, 5, 4.5, 5.25], "texture": "#3"}
			}
		},
		{
			"from": [12.75, 13.25, 14.5],
			"to": [13.75, 13.5, 14.75],
			"faces": {
				"north": {"uv": [6, 4, 7, 4.25], "texture": "#3"},
				"east": {"uv": [4, 5, 4.25, 5.25], "texture": "#3"},
				"south": {"uv": [4, 5, 5, 5.25], "texture": "#3"},
				"west": {"uv": [4, 5, 4.25, 5.25], "texture": "#3"},
				"up": {"uv": [4, 5, 5, 5.25], "texture": "#3"},
				"down": {"uv": [4, 5, 5, 5.25], "texture": "#3"}
			}
		},
		{
			"from": [12.75, 13.5, 14.5],
			"to": [13.75, 14.5, 14.75],
			"faces": {
				"north": {"uv": [4, 5, 5, 6], "texture": "#3"},
				"east": {"uv": [4, 5, 4.25, 6], "texture": "#3"},
				"south": {"uv": [6, 2, 10, 8], "texture": "#3"},
				"west": {"uv": [4, 5, 4.25, 6], "texture": "#3"},
				"up": {"uv": [4, 5, 5, 5.25], "texture": "#3"},
				"down": {"uv": [4, 5, 5, 5.25], "texture": "#3"}
			}
		},
		{
			"from": [4.5, 13.25, 15.75],
			"to": [6.5, 15.25, 16],
			"faces": {
				"north": {"uv": [3, 3, 5, 5], "texture": "#5"},
				"east": {"uv": [11, 5, 11.25, 7], "texture": "#5"},
				"south": {"uv": [4, 5, 8, 10], "texture": "#5"},
				"west": {"uv": [0, 1, 0.25, 3], "texture": "#5"},
				"up": {"uv": [1, 1, 3, 1.25], "texture": "#5"},
				"down": {"uv": [1, 1, 3, 1.25], "texture": "#5"}
			}
		},
		{
			"from": [6.5, 13.5, 15.75],
			"to": [6.75, 15, 16],
			"faces": {
				"north": {"uv": [4, 5, 8.25, 9.5], "texture": "#5"},
				"east": {"uv": [12, 7, 13.25, 11.5], "texture": "#5"},
				"south": {"uv": [4, 3, 4.25, 4.5], "texture": "#5"},
				"west": {"uv": [4, 3, 4.25, 4.5], "texture": "#5"},
				"up": {"uv": [5, 1, 6.25, 2.25], "texture": "#5"},
				"down": {"uv": [4, 3, 4.25, 3.25], "texture": "#5"}
			}
		},
		{
			"from": [4.25, 13.5, 15.75],
			"to": [4.5, 15, 16],
			"faces": {
				"north": {"uv": [11, 4, 12.25, 7.5], "texture": "#5"},
				"east": {"uv": [4, 10, 4.25, 11.5], "texture": "#5"},
				"south": {"uv": [2, 9, 2.25, 10.5], "texture": "#5"},
				"west": {"uv": [7, 4, 8.25, 8.5], "texture": "#5"},
				"up": {"uv": [4, 10, 4.25, 10.25], "texture": "#5"},
				"down": {"uv": [4, 10, 4.25, 10.25], "texture": "#5"}
			}
		},
		{
			"from": [4.75, 13, 15.75],
			"to": [6.25, 13.25, 16],
			"faces": {
				"north": {"uv": [9, 7, 14.5, 8.25], "texture": "#5"},
				"east": {"uv": [10, 11, 10.25, 11.25], "texture": "#5"},
				"south": {"uv": [10, 11, 11.5, 11.25], "texture": "#5"},
				"west": {"uv": [10, 11, 10.25, 11.25], "texture": "#5"},
				"up": {"uv": [10, 11, 11.5, 11.25], "texture": "#5"},
				"down": {"uv": [10, 11, 11.5, 11.25], "texture": "#5"}
			}
		},
		{
			"from": [4.75, 15.25, 15.75],
			"to": [6.25, 15.5, 16],
			"faces": {
				"north": {"uv": [7, 3, 11.5, 4.25], "texture": "#5"},
				"east": {"uv": [12, 5, 12.25, 5.25], "texture": "#5"},
				"south": {"uv": [12, 5, 13.5, 5.25], "texture": "#5"},
				"west": {"uv": [12, 5, 12.25, 5.25], "texture": "#5"},
				"up": {"uv": [6, 4, 10.5, 5.25], "texture": "#5"},
				"down": {"uv": [12, 5, 13.5, 5.25], "texture": "#5"}
			}
		},
		{
			"from": [4.75, 13.5, 15.5],
			"to": [5, 15, 15.75],
			"faces": {
				"north": {"uv": [10, 8, 11.25, 11.5], "texture": "#5"},
				"east": {"uv": [1, 1, 1.25, 2.5], "texture": "#5"},
				"south": {"uv": [1, 1, 1.25, 2.5], "texture": "#5"},
				"west": {"uv": [1, 1, 1.25, 2.5], "texture": "#5"},
				"up": {"uv": [6, 4, 6.25, 4.25], "texture": "#5"},
				"down": {"uv": [1, 1, 1.25, 1.25], "texture": "#5"}
			}
		},
		{
			"from": [6, 13.5, 15.5],
			"to": [6.25, 15, 15.75],
			"faces": {
				"north": {"uv": [10, 6, 11.25, 11.5], "texture": "#5"},
				"east": {"uv": [9, 4, 9.25, 5.5], "texture": "#5"},
				"south": {"uv": [1, 1, 1.25, 2.5], "texture": "#5"},
				"west": {"uv": [1, 1, 1.25, 2.5], "texture": "#5"},
				"up": {"uv": [9, 2, 10.25, 3.25], "texture": "#5"},
				"down": {"uv": [1, 1, 1.25, 1.25], "texture": "#5"}
			}
		},
		{
			"from": [5, 14.75, 15.5],
			"to": [6, 15.25, 15.75],
			"faces": {
				"north": {"uv": [8, 4, 11, 6.5], "texture": "#5"},
				"east": {"uv": [1, 1, 1.25, 1.5], "texture": "#5"},
				"south": {"uv": [1, 1, 2, 1.5], "texture": "#5"},
				"west": {"uv": [1, 1, 1.25, 1.5], "texture": "#5"},
				"up": {"uv": [10, 10, 13, 11.25], "texture": "#5"},
				"down": {"uv": [1, 1, 2, 1.25], "texture": "#5"}
			}
		},
		{
			"from": [5, 13.25, 15.5],
			"to": [6, 13.75, 15.75],
			"faces": {
				"north": {"uv": [8, 6, 12, 7.5], "texture": "#5"},
				"east": {"uv": [3, 5, 3.25, 5.5], "texture": "#5"},
				"south": {"uv": [1, 1, 2, 1.5], "texture": "#5"},
				"west": {"uv": [1, 1, 1.25, 1.5], "texture": "#5"},
				"up": {"uv": [3, 8, 4, 8.25], "texture": "#5"},
				"down": {"uv": [1, 1, 2, 1.25], "texture": "#5"}
			}
		},
		{
			"from": [4.5, 13.75, 15.5],
			"to": [4.75, 14.75, 15.75],
			"faces": {
				"north": {"uv": [12, 3, 12.25, 4], "texture": "#5"},
				"east": {"uv": [11, 3, 11.25, 4], "texture": "#5"},
				"south": {"uv": [11, 3, 11.25, 4], "texture": "#5"},
				"west": {"uv": [11, 3, 11.25, 4], "texture": "#5"},
				"up": {"uv": [6, 4, 6.25, 4.25], "texture": "#5"},
				"down": {"uv": [11, 3, 11.25, 3.25], "texture": "#5"}
			}
		},
		{
			"from": [6.25, 13.75, 15.5],
			"to": [6.5, 14.75, 15.75],
			"faces": {
				"north": {"uv": [2, 6, 3.25, 12], "texture": "#5"},
				"east": {"uv": [4, 6, 4.25, 7], "texture": "#5"},
				"south": {"uv": [1, 1, 1.25, 2], "texture": "#5"},
				"west": {"uv": [1, 1, 1.25, 2], "texture": "#5"},
				"up": {"uv": [6, 4, 6.25, 4.25], "texture": "#5"},
				"down": {"uv": [1, 1, 1.25, 1.25], "texture": "#5"}
			}
		},
		{
			"from": [5.25, 13.25, 14.5],
			"to": [6.25, 14.25, 14.75],
			"rotation": {"angle": 45, "axis": "z", "origin": [4.99, 13.755, 13.77]},
			"faces": {
				"north": {"uv": [4, 5, 5, 6], "texture": "#3"},
				"east": {"uv": [4, 5, 4.25, 6], "texture": "#3"},
				"south": {"uv": [4, 5, 5, 6], "texture": "#3"},
				"west": {"uv": [4, 5, 4.25, 6], "texture": "#3"},
				"up": {"uv": [4, 5, 5, 5.25], "texture": "#3"},
				"down": {"uv": [4, 5, 5, 5.25], "texture": "#3"}
			}
		},
		{
			"from": [5.25, 13, 14.5],
			"to": [6.25, 13.25, 14.75],
			"rotation": {"angle": 45, "axis": "z", "origin": [4.99, 13.755, 13.77]},
			"faces": {
				"north": {"uv": [6, 4, 7, 4.25], "texture": "#3"},
				"east": {"uv": [4, 5, 4.25, 5.25], "texture": "#3"},
				"south": {"uv": [4, 5, 5, 5.25], "texture": "#3"},
				"west": {"uv": [4, 5, 4.25, 5.25], "texture": "#3"},
				"up": {"uv": [4, 5, 5, 5.25], "texture": "#3"},
				"down": {"uv": [4, 5, 5, 5.25], "texture": "#3"}
			}
		},
		{
			"from": [5.25, 13.25, 14.5],
			"to": [5.25, 14.25, 14.75],
			"rotation": {"angle": 45, "axis": "z", "origin": [4.99, 13.755, 13.77]},
			"faces": {
				"north": {"uv": [4, 5, 4, 6], "texture": "#3"},
				"east": {"uv": [4, 5, 4.25, 6], "texture": "#3"},
				"south": {"uv": [4, 5, 4, 6], "texture": "#3"},
				"west": {"uv": [9, 8, 9.25, 9], "texture": "#3"},
				"up": {"uv": [4, 5, 4, 5.25], "texture": "#3"},
				"down": {"uv": [4, 5, 4, 5.25], "texture": "#3"}
			}
		},
		{
			"from": [6.25, 13.25, 14.5],
			"to": [6.5, 14.25, 14.75],
			"rotation": {"angle": 45, "axis": "z", "origin": [4.99, 13.755, 13.77]},
			"faces": {
				"north": {"uv": [4, 5, 4.25, 6], "texture": "#3"},
				"east": {"uv": [4, 11, 4.25, 12], "texture": "#3"},
				"south": {"uv": [4, 5, 4.25, 6], "texture": "#3"},
				"west": {"uv": [4, 5, 4.25, 6], "texture": "#3"},
				"up": {"uv": [4, 5, 4.25, 5.25], "texture": "#3"},
				"down": {"uv": [4, 5, 4.25, 5.25], "texture": "#3"}
			}
		},
		{
			"from": [5.5, 13.5, 12.25],
			"to": [6, 14, 14.5],
			"rotation": {"angle": 45, "axis": "z", "origin": [4.99, 13.755, 13.77]},
			"faces": {
				"north": {"uv": [3.5, 11.5, 13.5, 14.25], "texture": "#0"},
				"east": {"uv": [0.5, 11.5, 16, 14.25], "texture": "#0"},
				"south": {"uv": [3.5, 11.5, 13.5, 14.25], "texture": "#0"},
				"west": {"uv": [3.5, 11.5, 13.5, 14.25], "texture": "#0"},
				"up": {"uv": [3.5, 3, 7, 14.25], "texture": "#0"},
				"down": {"uv": [0, 11.5, 16, 14.25], "texture": "#0"}
			}
		},
		{
			"from": [5.5, 14, 14],
			"to": [6, 14.25, 14.25],
			"rotation": {"angle": 45, "axis": "z", "origin": [4.99, 13.755, 13.77]},
			"faces": {
				"north": {"uv": [4, 5, 4.5, 5.25], "texture": "#3"},
				"east": {"uv": [4, 5, 4.25, 5.25], "texture": "#3"},
				"south": {"uv": [4, 5, 4.5, 5.25], "texture": "#3"},
				"west": {"uv": [4, 5, 4.25, 5.25], "texture": "#3"},
				"up": {"uv": [4, 5, 4.5, 5.25], "texture": "#3"},
				"down": {"uv": [4, 5, 4.5, 5.25], "texture": "#3"}
			}
		},
		{
			"from": [5.25, 13, 14],
			"to": [6.25, 13.25, 14.25],
			"rotation": {"angle": 45, "axis": "z", "origin": [4.99, 13.755, 13.77]},
			"faces": {
				"north": {"uv": [8, 12, 9, 12.25], "texture": "#3"},
				"east": {"uv": [4, 5, 4.25, 5.25], "texture": "#3"},
				"south": {"uv": [4, 5, 5, 5.25], "texture": "#3"},
				"west": {"uv": [4, 5, 4.25, 5.25], "texture": "#3"},
				"up": {"uv": [4, 5, 5, 5.25], "texture": "#3"},
				"down": {"uv": [4, 5, 5, 5.25], "texture": "#3"}
			}
		},
		{
			"from": [5.25, 13.25, 14],
			"to": [5.5, 14.25, 14.25],
			"rotation": {"angle": 45, "axis": "z", "origin": [4.99, 13.755, 13.77]},
			"faces": {
				"north": {"uv": [5, 10, 5.25, 11], "texture": "#3"},
				"east": {"uv": [6, 8, 6.25, 9], "texture": "#3"},
				"south": {"uv": [6, 8, 6.25, 9], "texture": "#3"},
				"west": {"uv": [8, 6, 8.25, 7], "texture": "#3"},
				"up": {"uv": [6, 8, 6.25, 8.25], "texture": "#3"},
				"down": {"uv": [6, 8, 6.25, 8.25], "texture": "#3"}
			}
		},
		{
			"from": [6, 13.25, 14],
			"to": [6.5, 14.25, 14.25],
			"rotation": {"angle": 45, "axis": "z", "origin": [4.99, 13.755, 13.77]},
			"faces": {
				"north": {"uv": [3, 2, 4.5, 5], "texture": "#3"},
				"east": {"uv": [7, 11, 7.25, 12], "texture": "#3"},
				"south": {"uv": [4, 5, 4.5, 6], "texture": "#3"},
				"west": {"uv": [4, 5, 4.25, 6], "texture": "#3"},
				"up": {"uv": [4, 5, 4.5, 5.25], "texture": "#3"},
				"down": {"uv": [4, 5, 4.5, 5.25], "texture": "#3"}
			}
		},
		{
			"from": [5.5, 13.25, 14],
			"to": [6, 13.5, 14.25],
			"rotation": {"angle": 45, "axis": "z", "origin": [4.99, 13.755, 13.77]},
			"faces": {
				"north": {"uv": [4, 5, 4.5, 5.25], "texture": "#3"},
				"east": {"uv": [4, 5, 4.25, 5.25], "texture": "#3"},
				"south": {"uv": [4, 5, 4.5, 5.25], "texture": "#3"},
				"west": {"uv": [4, 5, 4.25, 5.25], "texture": "#3"},
				"up": {"uv": [4, 5, 4.5, 5.25], "texture": "#3"},
				"down": {"uv": [4, 5, 4.5, 5.25], "texture": "#3"}
			}
		},
		{
			"from": [5.5, 13.5, 14.75],
			"to": [6, 14, 15.75],
			"rotation": {"angle": 45, "axis": "z", "origin": [4.99, 13.755, 13.77]},
			"faces": {
				"north": {"uv": [3.5, 11.5, 13.5, 14.25], "texture": "#0"},
				"east": {"uv": [3.5, 11.5, 13.5, 14.25], "texture": "#0"},
				"south": {"uv": [3.5, 11.5, 13.5, 14.25], "texture": "#0"},
				"west": {"uv": [3.5, 11.5, 13.5, 14.25], "texture": "#0"},
				"up": {"uv": [3.5, 11.5, 13.5, 14.25], "texture": "#0"},
				"down": {"uv": [3.5, 11.5, 13.5, 14.25], "texture": "#0"}
			}
		},
		{
			"from": [5.5, 14, 13.5],
			"to": [6, 14.25, 14],
			"rotation": {"angle": 45, "axis": "z", "origin": [4.99, 13.755, 13.77]},
			"faces": {
				"north": {"uv": [10, 10, 10.25, 10.125], "texture": "#0"},
				"east": {"uv": [10, 10, 10.25, 10.125], "texture": "#0"},
				"south": {"uv": [10, 10, 10.25, 10.125], "texture": "#0"},
				"west": {"uv": [10, 10, 10.25, 10.125], "texture": "#0"},
				"up": {"uv": [10, 10, 10.25, 10.25], "texture": "#0"},
				"down": {"uv": [10, 10, 10.25, 10.25], "texture": "#0"}
			}
		},
		{
			"from": [5.5, 14, 14.75],
			"to": [6, 14.25, 15.25],
			"rotation": {"angle": 45, "axis": "z", "origin": [4.99, 13.755, 13.77]},
			"faces": {
				"north": {"uv": [10, 10, 10.25, 10.125], "texture": "#0"},
				"east": {"uv": [10, 10, 10.25, 10.125], "texture": "#0"},
				"south": {"uv": [10, 10, 10.25, 10.125], "texture": "#0"},
				"west": {"uv": [10, 10, 10.25, 10.125], "texture": "#0"},
				"up": {"uv": [10, 10, 10.25, 10.25], "texture": "#0"},
				"down": {"uv": [10, 10, 10.25, 10.25], "texture": "#0"}
			}
		},
		{
			"from": [5.5, 14.25, 13.75],
			"to": [6, 14.5, 15.25],
			"rotation": {"angle": 45, "axis": "z", "origin": [4.99, 13.755, 13.77]},
			"faces": {
				"north": {"uv": [7, 9.5, 11.25, 15.75], "texture": "#0"},
				"east": {"uv": [1.5, 11.5, 10.75, 15.75], "texture": "#0"},
				"south": {"uv": [7, 9.5, 11.25, 15.75], "texture": "#0"},
				"west": {"uv": [7, 9.5, 11.25, 15.75], "texture": "#0"},
				"up": {"uv": [7, 9.5, 11.25, 15.75], "texture": "#0"},
				"down": {"uv": [7, 9.5, 11.25, 15.75], "texture": "#0"}
			}
		},
		{
			"from": [5, 13.5, 13.75],
			"to": [5.25, 14, 15.25],
			"rotation": {"angle": 45, "axis": "z", "origin": [4.99, 13.755, 13.77]},
			"faces": {
				"north": {"uv": [9.5, 10, 10.125, 14.75], "texture": "#0"},
				"east": {"uv": [9.5, 10, 10.125, 14.75], "texture": "#0"},
				"south": {"uv": [9.5, 10, 10.125, 14.75], "texture": "#0"},
				"west": {"uv": [9.5, 10, 10.125, 14.75], "texture": "#0"},
				"up": {"uv": [9.5, 10, 10.125, 14.75], "texture": "#0"},
				"down": {"uv": [9.5, 10, 10.125, 14.75], "texture": "#0"}
			}
		},
		{
			"from": [5.25, 13.5, 13.5],
			"to": [5.5, 14, 14],
			"rotation": {"angle": 45, "axis": "z", "origin": [4.99, 13.755, 13.77]},
			"faces": {
				"north": {"uv": [9.5, 9.5, 10.125, 10.25], "texture": "#0"},
				"east": {"uv": [9.5, 9.5, 10.125, 10.25], "texture": "#0"},
				"south": {"uv": [9.5, 9.5, 10.125, 10.25], "texture": "#0"},
				"west": {"uv": [9.5, 9.5, 10.125, 10.25], "texture": "#0"},
				"up": {"uv": [9.5, 9.5, 10.125, 10.25], "texture": "#0"},
				"down": {"uv": [9.5, 9.5, 10.125, 10.25], "texture": "#0"}
			}
		},
		{
			"from": [5.25, 13.5, 14.75],
			"to": [5.5, 14, 15.25],
			"rotation": {"angle": 45, "axis": "z", "origin": [4.99, 13.755, 13.77]},
			"faces": {
				"north": {"uv": [10, 10, 10.125, 10.25], "texture": "#0"},
				"east": {"uv": [10, 10, 10.25, 10.25], "texture": "#0"},
				"south": {"uv": [10, 10, 10.125, 10.25], "texture": "#0"},
				"west": {"uv": [10, 10, 10.25, 10.25], "texture": "#0"},
				"up": {"uv": [10, 10, 10.125, 10.25], "texture": "#0"},
				"down": {"uv": [10, 10, 10.125, 10.25], "texture": "#0"}
			}
		},
		{
			"from": [2.25, 13.5, 12.25],
			"to": [5.25, 14, 12.75],
			"rotation": {"angle": 45, "axis": "z", "origin": [4.99, 13.755, 13.77]},
			"faces": {
				"north": {"uv": [5.5, 9, 7, 9.25], "texture": "#0"},
				"east": {"uv": [5.5, 10, 5.75, 10.25], "texture": "#0"},
				"south": {"uv": [5.5, 9, 7, 9.25], "texture": "#0"},
				"west": {"uv": [5.5, 9, 5.75, 9.25], "texture": "#0"},
				"up": {"uv": [5.5, 9, 7, 9.25], "texture": "#0"},
				"down": {"uv": [5.5, 9, 7, 9.25], "texture": "#0"}
			}
		},
		{
			"from": [2.25, 13.5, 12],
			"to": [5.25, 14, 12.25],
			"rotation": {"angle": 45, "axis": "z", "origin": [4.99, 13.755, 13.77]},
			"faces": {
				"north": {"uv": [8, 13, 14, 13.5], "texture": "#3"},
				"east": {"uv": [5.5, 10, 5.75, 10.5], "texture": "#3"},
				"south": {"uv": [5.5, 9, 8.5, 9.5], "texture": "#3"},
				"west": {"uv": [5.5, 9, 5.75, 9.5], "texture": "#3"},
				"up": {"uv": [5.5, 9, 8.5, 9.25], "texture": "#3"},
				"down": {"uv": [5.5, 9, 8.5, 9.25], "texture": "#3"}
			}
		},
		{
			"from": [2.25, 14, 12.25],
			"to": [5.25, 14.25, 12.75],
			"rotation": {"angle": 45, "axis": "z", "origin": [4.99, 13.755, 13.77]},
			"faces": {
				"north": {"uv": [5.5, 9, 8.5, 9.25], "texture": "#3"},
				"east": {"uv": [5.5, 10, 6, 10.25], "texture": "#3"},
				"south": {"uv": [5.5, 9, 8.5, 9.25], "texture": "#3"},
				"west": {"uv": [5.5, 9, 6, 9.25], "texture": "#3"},
				"up": {"uv": [6, 8, 15, 8.5], "texture": "#3"},
				"down": {"uv": [5.5, 9, 8.5, 9.5], "texture": "#3"}
			}
		},
		{
			"from": [2.25, 13.5, 12.75],
			"to": [5.25, 14, 13],
			"rotation": {"angle": 45, "axis": "z", "origin": [4.99, 13.755, 13.77]},
			"faces": {
				"north": {"uv": [5.5, 9, 8.5, 9.5], "texture": "#3"},
				"east": {"uv": [5.5, 10, 5.75, 10.5], "texture": "#3"},
				"south": {"uv": [5.5, 9, 8.5, 9.5], "texture": "#3"},
				"west": {"uv": [5.5, 9, 5.75, 9.5], "texture": "#3"},
				"up": {"uv": [5.5, 9, 11.5, 10.25], "texture": "#3"},
				"down": {"uv": [5.5, 9, 8.5, 9.25], "texture": "#3"}
			}
		},
		{
			"from": [2.25, 13.25, 12.25],
			"to": [5.25, 13.5, 12.75],
			"rotation": {"angle": 45, "axis": "z", "origin": [4.99, 13.755, 13.77]},
			"faces": {
				"north": {"uv": [5.5, 9, 8.5, 9.25], "texture": "#3"},
				"east": {"uv": [5.5, 10, 6, 10.25], "texture": "#3"},
				"south": {"uv": [5.5, 9, 8.5, 9.25], "texture": "#3"},
				"west": {"uv": [5.5, 9, 6, 9.25], "texture": "#3"},
				"up": {"uv": [5.5, 9, 8.5, 9.5], "texture": "#3"},
				"down": {"uv": [2, 7, 8, 7.5], "texture": "#3"}
			}
		},
		{
			"from": [2, 13.25, 12],
			"to": [2.25, 14.25, 13],
			"rotation": {"angle": 45, "axis": "z", "origin": [4.99, 13.755, 13.77]},
			"faces": {
				"north": {"uv": [9.5, 11, 13, 13.5], "texture": "#0"},
				"east": {"uv": [9.5, 11, 13, 13.5], "texture": "#0"},
				"south": {"uv": [9.5, 11, 13, 13.5], "texture": "#0"},
				"west": {"uv": [9.5, 11, 13, 13.5], "texture": "#0"},
				"up": {"uv": [10.5, 9.5, 13, 14.5], "texture": "#0"},
				"down": {"uv": [9.5, 11, 13, 13.5], "texture": "#0"}
			}
		},
		{
			"from": [1.75, 13.5, 12.25],
			"to": [2, 14, 12.75],
			"rotation": {"angle": 45, "axis": "z", "origin": [4.99, 13.755, 13.77]},
			"faces": {
				"north": {"uv": [4.5, 9.5, 6.75, 11.25], "texture": "#0"},
				"east": {"uv": [4.5, 9.5, 6.75, 11.25], "texture": "#0"},
				"south": {"uv": [4.5, 9.5, 6.75, 11.25], "texture": "#0"},
				"west": {"uv": [4.5, 9.5, 6.75, 11.25], "texture": "#0"},
				"up": {"uv": [4.5, 9.5, 6.75, 11.25], "texture": "#0"},
				"down": {"uv": [4.5, 9.5, 6.75, 11.25], "texture": "#0"}
			}
		},
		{
			"from": [5.25, 13.25, 12],
			"to": [5.5, 14.25, 13],
			"rotation": {"angle": 45, "axis": "z", "origin": [4.99, 13.755, 13.77]},
			"faces": {
				"north": {"uv": [6.5, 11, 9, 12.5], "texture": "#0"},
				"east": {"uv": [6.5, 10, 12, 15], "texture": "#0"},
				"south": {"uv": [6.5, 11, 9, 12.5], "texture": "#0"},
				"west": {"uv": [6.5, 11, 9, 12.5], "texture": "#0"},
				"up": {"uv": [6.5, 11, 9, 12.5], "texture": "#0"},
				"down": {"uv": [6.5, 11, 9, 12.5], "texture": "#0"}
			}
		},
		{
			"from": [10.5, 14.25, 14.25],
			"to": [13.25, 14.5, 14.5],
			"rotation": {"angle": 22.5, "axis": "z", "origin": [12.625, 14.125, 14.375]},
			"faces": {
				"north": {"uv": [0, 4, 15.75, 6.25], "texture": "#3", "rotation": 180},
				"east": {"uv": [0, 4, 15.75, 6.25], "texture": "#3", "rotation": 180},
				"south": {"uv": [0, 4, 15.75, 6.25], "texture": "#3", "rotation": 180},
				"west": {"uv": [0, 4, 15.75, 6.25], "texture": "#3", "rotation": 180},
				"up": {"uv": [0, 4, 15.75, 6.25], "texture": "#3", "rotation": 180},
				"down": {"uv": [0, 4, 15.75, 6.25], "texture": "#3", "rotation": 180}
			}
		},
		{
			"from": [13, 14.5, 14.25],
			"to": [13.5, 14.75, 14.5],
			"faces": {
				"north": {"uv": [0, 1, 15.75, 3.25], "texture": "#3", "rotation": 180},
				"east": {"uv": [0, 1, 4.75, 3.25], "texture": "#3", "rotation": 180},
				"south": {"uv": [0, 1, 15.75, 3.25], "texture": "#3", "rotation": 180},
				"west": {"uv": [0, 1, 15.75, 3.25], "texture": "#3", "rotation": 180},
				"up": {"uv": [6, 3, 11.75, 5.25], "texture": "#3", "rotation": 180},
				"down": {"uv": [0, 1, 15.75, 3.25], "texture": "#3", "rotation": 180}
			}
		},
		{
			"from": [8, 13, 14.25],
			"to": [10.75, 13.25, 14.5],
			"rotation": {"angle": 22.5, "axis": "z", "origin": [9.625, 12.875, 14.375]},
			"faces": {
				"north": {"uv": [0, 6, 15.75, 8.25], "texture": "#3", "rotation": 180},
				"east": {"uv": [0, 6, 15.75, 8.25], "texture": "#3", "rotation": 180},
				"south": {"uv": [0, 6, 15.75, 8.25], "texture": "#3", "rotation": 180},
				"west": {"uv": [0, 6, 15.75, 8.25], "texture": "#3", "rotation": 180},
				"up": {"uv": [0, 6, 15.75, 8.25], "texture": "#3", "rotation": 180},
				"down": {"uv": [0, 6, 15.75, 8.25], "texture": "#3", "rotation": 180}
			}
		},
		{
			"from": [13.5, 12.5, 14.25],
			"to": [13.75, 14.75, 14.5],
			"faces": {
				"north": {"uv": [7, 0, 8.25, 10.25], "texture": "#3", "rotation": 180},
				"east": {"uv": [7, 0, 8.25, 10.25], "texture": "#3", "rotation": 180},
				"south": {"uv": [7, 0, 8.25, 10.25], "texture": "#3", "rotation": 180},
				"west": {"uv": [7, 0, 8.25, 10.25], "texture": "#3", "rotation": 180},
				"up": {"uv": [7, 0, 8.25, 10.25], "texture": "#3", "rotation": 180},
				"down": {"uv": [7, 0, 8.25, 10.25], "texture": "#3", "rotation": 180}
			}
		},
		{
			"from": [5.5, 13.25, 14.25],
			"to": [8.25, 13.5, 14.5],
			"rotation": {"angle": -45, "axis": "z", "origin": [7.125, 13.375, 14.375]},
			"faces": {
				"north": {"uv": [0, 6, 16, 8], "texture": "#3", "rotation": 180},
				"east": {"uv": [0, 6, 16, 8], "texture": "#3", "rotation": 180},
				"south": {"uv": [0, 6, 16, 8], "texture": "#3", "rotation": 180},
				"west": {"uv": [0, 6, 16, 8], "texture": "#3", "rotation": 180},
				"up": {"uv": [0, 6, 16, 8], "texture": "#3", "rotation": 180},
				"down": {"uv": [0, 6, 16, 8], "texture": "#3", "rotation": 180}
			}
		},
		{
			"from": [5, 14.5, 14.25],
			"to": [6, 14.75, 14.5],
			"faces": {
				"north": {"uv": [0, 1, 1, 1.25], "texture": "#3", "rotation": 180},
				"east": {"uv": [0, 1, 0.25, 1.25], "texture": "#3", "rotation": 180},
				"south": {"uv": [0, 1, 1, 1.25], "texture": "#3", "rotation": 180},
				"west": {"uv": [0, 1, 0.25, 1.25], "texture": "#3", "rotation": 180},
				"up": {"uv": [3, 5, 4, 5.25], "texture": "#3", "rotation": 180},
				"down": {"uv": [0, 1, 1, 1.25], "texture": "#3", "rotation": 180}
			}
		},
		{
			"from": [13.5, 12.25, 14],
			"to": [13.75, 12.5, 14.25],
			"faces": {
				"north": {"uv": [5, 0, 5.25, 0.25], "texture": "#3", "rotation": 180},
				"east": {"uv": [5, 0, 5.25, 0.25], "texture": "#3", "rotation": 180},
				"south": {"uv": [5, 0, 5.25, 0.25], "texture": "#3", "rotation": 180},
				"west": {"uv": [5, 0, 5.25, 0.25], "texture": "#3", "rotation": 180},
				"up": {"uv": [8, 3, 8.25, 3.25], "texture": "#3", "rotation": 180},
				"down": {"uv": [5, 0, 5.25, 0.25], "texture": "#3", "rotation": 180}
			}
		},
		{
			"from": [13.5, 12.25, 14.5],
			"to": [13.75, 12.5, 14.75],
			"faces": {
				"north": {"uv": [5, 0, 5.25, 0.25], "texture": "#3", "rotation": 180},
				"east": {"uv": [5, 0, 5.25, 0.25], "texture": "#3", "rotation": 180},
				"south": {"uv": [5, 0, 5.25, 0.25], "texture": "#3", "rotation": 180},
				"west": {"uv": [5, 0, 5.25, 0.25], "texture": "#3", "rotation": 180},
				"up": {"uv": [8, 3, 8.25, 3.25], "texture": "#3", "rotation": 180},
				"down": {"uv": [5, 0, 5.25, 0.25], "texture": "#3", "rotation": 180}
			}
		},
		{
			"from": [13.5, 12, 14.25],
			"to": [13.75, 12.25, 14.5],
			"faces": {
				"north": {"uv": [5, 0, 5.25, 0.25], "texture": "#3", "rotation": 180},
				"east": {"uv": [5, 0, 5.25, 0.25], "texture": "#3", "rotation": 180},
				"south": {"uv": [5, 0, 5.25, 0.25], "texture": "#3", "rotation": 180},
				"west": {"uv": [5, 0, 5.25, 0.25], "texture": "#3", "rotation": 180},
				"up": {"uv": [8, 3, 8.25, 3.25], "texture": "#3", "rotation": 180},
				"down": {"uv": [5, 0, 5.25, 0.25], "texture": "#3", "rotation": 180}
			}
		},
		{
			"from": [13.25, 12.25, 14.25],
			"to": [14, 12.5, 14.5],
			"faces": {
				"north": {"uv": [10, 10, 10.375, 10.125], "texture": "#0"},
				"east": {"uv": [10, 10, 10.125, 10.125], "texture": "#0"},
				"south": {"uv": [10, 10, 10.375, 10.125], "texture": "#0"},
				"west": {"uv": [10, 10, 10.125, 10.125], "texture": "#0"},
				"up": {"uv": [10, 8, 10.375, 8.125], "texture": "#0"},
				"down": {"uv": [10, 10, 10.375, 10.125], "texture": "#0"}
			}
		},
		{
			"from": [13.75, 12, 14],
			"to": [14.25, 12.25, 14.75],
			"faces": {
				"north": {"uv": [9, 9.5, 13.75, 15.875], "texture": "#0"},
				"east": {"uv": [9, 9.5, 13.75, 15.875], "texture": "#0"},
				"south": {"uv": [9, 9.5, 13.75, 15.875], "texture": "#0"},
				"west": {"uv": [9, 9.5, 13.75, 15.875], "texture": "#0"},
				"up": {"uv": [9, 9.5, 13.75, 15.875], "texture": "#0"},
				"down": {"uv": [9, 9.5, 13.75, 15.875], "texture": "#0"}
			}
		},
		{
			"from": [13, 12, 14],
			"to": [13.5, 12.25, 14.75],
			"faces": {
				"north": {"uv": [8.5, 10, 13.25, 15.875], "texture": "#0"},
				"east": {"uv": [8.5, 10, 13.25, 15.875], "texture": "#0"},
				"south": {"uv": [8.5, 10, 13.25, 15.875], "texture": "#0"},
				"west": {"uv": [8.5, 10, 13.25, 15.875], "texture": "#0"},
				"up": {"uv": [8.5, 10, 13.25, 15.875], "texture": "#0"},
				"down": {"uv": [8.5, 10, 13.25, 15.875], "texture": "#0"}
			}
		},
		{
			"from": [13.25, 10.25, 13.75],
			"to": [14, 12, 15],
			"faces": {
				"north": {"uv": [7, 10, 11.375, 15.875], "texture": "#0"},
				"east": {"uv": [7, 10, 11.375, 15.875], "texture": "#0"},
				"south": {"uv": [7, 10, 11.375, 15.875], "texture": "#0"},
				"west": {"uv": [7, 10, 11.375, 15.875], "texture": "#0"},
				"up": {"uv": [7, 10, 11.375, 15.875], "texture": "#0"},
				"down": {"uv": [7, 10, 11.375, 15.875], "texture": "#0"}
			}
		},
		{
			"from": [14, 10.25, 14],
			"to": [14.25, 12, 14.75],
			"faces": {
				"north": {"uv": [9, 10, 13.375, 15.875], "texture": "#0"},
				"east": {"uv": [9, 10, 13.375, 15.875], "texture": "#0"},
				"south": {"uv": [9, 10, 13.375, 15.875], "texture": "#0"},
				"west": {"uv": [9, 10, 13.375, 15.875], "texture": "#0"},
				"up": {"uv": [9, 10, 13.375, 15.875], "texture": "#0"},
				"down": {"uv": [9, 10, 13.375, 15.875], "texture": "#0"}
			}
		},
		{
			"from": [13, 10.25, 14],
			"to": [13.25, 12, 14.75],
			"faces": {
				"north": {"uv": [7.5, 10, 11.875, 15.875], "texture": "#0"},
				"east": {"uv": [7.5, 10, 11.875, 15.875], "texture": "#0"},
				"south": {"uv": [7.5, 10, 11.875, 15.875], "texture": "#0"},
				"west": {"uv": [7.5, 10, 11.875, 15.875], "texture": "#0"},
				"up": {"uv": [7.5, 10, 11.875, 15.875], "texture": "#0"},
				"down": {"uv": [7.5, 10, 11.875, 15.875], "texture": "#0"}
			}
		}
	]
}