{
  "parent": "block/cube",
  "ambientocclusion": false,
	"textures": {
		"0": "rsgauges:blocks/common/darkroughmetal",
		"3": "rsgauges:blocks/common/old_wood",
		"5": "rsgauges:blocks/common/old_iron",
		"particle": "rsgauges:blocks/common/old_iron"
	},
  "display": {
    "gui":    { "rotation": [ 0, 180, 0 ], "translation": [  0.00, -3,   0.00 ], "scale": [ 1.20, 1.20, 1.20 ] },
    "fixed":  { "rotation": [ 0,   0, 0 ], "translation": [  0.00, -3, -11.00 ], "scale": [ 1.20, 1.20, 1.20 ] },
    "ground": { "rotation": [ 0,   0, 0 ], "translation": [  0.00, -3,  -7.00 ], "scale": [ 0.75, 0.75, 0.75 ] }
  },
	"elements": [
		{
			"from": [6.75, 9.5, 15.5],
			"to": [9, 9.75, 16],
			"faces": {
				"north": {"uv": [5, 5, 10.5, 6.25], "texture": "#5"},
				"east": {"uv": [4, 5, 4.5, 5.25], "texture": "#5"},
				"south": {"uv": [4, 4, 10.5, 5.25], "texture": "#5"},
				"west": {"uv": [4, 5, 4.5, 5.25], "texture": "#5"},
				"up": {"uv": [0, 4, 2.5, 4.5], "texture": "#5"},
				"down": {"uv": [4, 5, 6.5, 5.5], "texture": "#5"}
			}
		},
		{
			"from": [7, 6.5, 15.5],
			"to": [8.75, 9.5, 16],
			"faces": {
				"north": {"uv": [3, 5, 9, 13], "texture": "#5"},
				"east": {"uv": [4, 5, 4.5, 8], "texture": "#5"},
				"south": {"uv": [3, 5, 9, 13], "texture": "#5"},
				"west": {"uv": [4, 5, 4.5, 8], "texture": "#5"},
				"up": {"uv": [4, 5, 6, 5.5], "texture": "#5"},
				"down": {"uv": [4, 5, 6, 5.5], "texture": "#5"}
			}
		},
		{
			"from": [6.75, 6.25, 15.5],
			"to": [9, 6.5, 16],
			"faces": {
				"north": {"uv": [3, 2, 9.5, 3.25], "texture": "#5"},
				"east": {"uv": [4, 5, 4.5, 5.25], "texture": "#5"},
				"south": {"uv": [2, 8, 8.5, 9.25], "texture": "#5"},
				"west": {"uv": [4, 5, 4.5, 5.25], "texture": "#5"},
				"up": {"uv": [4, 5, 6.5, 5.5], "texture": "#5"},
				"down": {"uv": [4, 5, 6.5, 5.5], "texture": "#5"}
			}
		},
		{
			"from": [9.5, 8.75, 15.75],
			"to": [9.75, 9.25, 16],
			"faces": {
				"north": {"uv": [9, 7, 9.75, 9.75], "texture": "#5"},
				"east": {"uv": [4, 5, 4.5, 5.75], "texture": "#5"},
				"south": {"uv": [4, 7, 4.75, 7.75], "texture": "#5"},
				"west": {"uv": [4, 5, 4.5, 5.75], "texture": "#5"},
				"up": {"uv": [4, 5, 8.75, 6.5], "texture": "#5"},
				"down": {"uv": [4, 5, 4.75, 5.5], "texture": "#5"}
			}
		},
		{
			"from": [7, 6, 15.5],
			"to": [7.75, 6.25, 16],
			"faces": {
				"north": {"uv": [13, 0, 15.75, 2.75], "texture": "#5"},
				"east": {"uv": [4, 5, 4.5, 5.75], "texture": "#5"},
				"south": {"uv": [7, 5, 10.75, 5.75], "texture": "#5"},
				"west": {"uv": [4, 5, 4.5, 5.75], "texture": "#5"},
				"up": {"uv": [4, 5, 4.75, 5.5], "texture": "#5"},
				"down": {"uv": [4, 5, 4.75, 5.5], "texture": "#5"}
			}
		},
		{
			"from": [7, 9.75, 15.5],
			"to": [7.75, 10, 16],
			"faces": {
				"north": {"uv": [4, 8, 6.75, 10.75], "texture": "#5"},
				"east": {"uv": [4, 5, 4.5, 5.75], "texture": "#5"},
				"south": {"uv": [7, 5, 10.75, 5.75], "texture": "#5"},
				"west": {"uv": [4, 5, 4.5, 5.75], "texture": "#5"},
				"up": {"uv": [6, 10, 9.75, 12.5], "texture": "#5"},
				"down": {"uv": [4, 5, 4.75, 5.5], "texture": "#5"}
			}
		},
		{
			"from": [6.5, 7, 15.5],
			"to": [7, 9, 16],
			"faces": {
				"north": {"uv": [6, 8, 8, 13], "texture": "#5"},
				"east": {"uv": [4, 5, 4.5, 7], "texture": "#5"},
				"south": {"uv": [2, 7, 4, 12], "texture": "#5"},
				"west": {"uv": [4, 5, 4.5, 7], "texture": "#5"},
				"up": {"uv": [4, 5, 4.75, 5.5], "texture": "#5"},
				"down": {"uv": [4, 5, 4.75, 5.5], "texture": "#5"}
			}
		},
		{
			"from": [8.75, 7, 15.5],
			"to": [9.25, 9, 16],
			"faces": {
				"north": {"uv": [8, 7, 10, 13], "texture": "#5"},
				"east": {"uv": [4, 5, 4.5, 7], "texture": "#5"},
				"south": {"uv": [12, 2, 14, 7], "texture": "#5"},
				"west": {"uv": [4, 5, 4.5, 7], "texture": "#5"},
				"up": {"uv": [4, 5, 7.5, 7.5], "texture": "#5"},
				"down": {"uv": [4, 5, 4.5, 5.5], "texture": "#5"}
			}
		},
		{
			"from": [8, 9.75, 15.5],
			"to": [8.75, 10, 16],
			"faces": {
				"north": {"uv": [5, 4, 7.75, 6.75], "texture": "#5"},
				"east": {"uv": [4, 5, 4.5, 5.75], "texture": "#5"},
				"south": {"uv": [7, 5, 10.75, 5.75], "texture": "#5"},
				"west": {"uv": [4, 5, 4.5, 5.75], "texture": "#5"},
				"up": {"uv": [8, 6, 11.75, 8.5], "texture": "#5"},
				"down": {"uv": [4, 5, 4.75, 5.5], "texture": "#5"}
			}
		},
		{
			"from": [8, 6, 15.5],
			"to": [8.75, 6.25, 16],
			"faces": {
				"north": {"uv": [2, 11, 4.75, 13.75], "texture": "#5"},
				"east": {"uv": [4, 5, 4.5, 5.75], "texture": "#5"},
				"south": {"uv": [7, 5, 10.75, 5.75], "texture": "#5"},
				"west": {"uv": [4, 5, 4.5, 5.75], "texture": "#5"},
				"up": {"uv": [4, 5, 4.75, 5.5], "texture": "#5"},
				"down": {"uv": [4, 5, 4.75, 5.5], "texture": "#5"}
			}
		},
		{
			"from": [9.5, 6.75, 15.75],
			"to": [9.75, 7.25, 16],
			"faces": {
				"north": {"uv": [0, 9, 0.75, 11.75], "texture": "#5"},
				"east": {"uv": [4, 5, 4.5, 5.75], "texture": "#5"},
				"south": {"uv": [4, 7, 4.75, 7.75], "texture": "#5"},
				"west": {"uv": [4, 5, 4.5, 5.75], "texture": "#5"},
				"up": {"uv": [4, 5, 8.75, 6.5], "texture": "#5"},
				"down": {"uv": [4, 5, 4.75, 5.5], "texture": "#5"}
			}
		},
		{
			"from": [7.5, 10, 15.75],
			"to": [8.25, 10.25, 16],
			"faces": {
				"north": {"uv": [4, 6, 6.5, 8.25], "texture": "#5"},
				"east": {"uv": [4, 5, 4.25, 5.25], "texture": "#5"},
				"south": {"uv": [7, 5, 10.75, 5.75], "texture": "#5"},
				"west": {"uv": [4, 5, 4.25, 5.25], "texture": "#5"},
				"up": {"uv": [4, 5, 4.5, 5.25], "texture": "#5"},
				"down": {"uv": [4, 5, 4.5, 5.25], "texture": "#5"}
			}
		},
		{
			"from": [9.25, 7.75, 15.75],
			"to": [9.5, 8.25, 16],
			"faces": {
				"north": {"uv": [9, 7, 9.25, 7.5], "texture": "#5"},
				"east": {"uv": [4, 5, 4.25, 5.5], "texture": "#5"},
				"south": {"uv": [4, 5, 4.25, 5.5], "texture": "#5"},
				"west": {"uv": [4, 5, 4.25, 5.5], "texture": "#5"},
				"up": {"uv": [4, 5, 4.25, 5.25], "texture": "#5"},
				"down": {"uv": [4, 5, 4.25, 5.25], "texture": "#5"}
			}
		},
		{
			"from": [7.5, 5.75, 15.75],
			"to": [8.25, 6, 16],
			"faces": {
				"north": {"uv": [4, 6, 6.5, 8.25], "texture": "#5"},
				"east": {"uv": [4, 5, 4.25, 5.25], "texture": "#5"},
				"south": {"uv": [7, 5, 10.75, 5.75], "texture": "#5"},
				"west": {"uv": [4, 5, 4.25, 5.25], "texture": "#5"},
				"up": {"uv": [4, 5, 4.5, 5.25], "texture": "#5"},
				"down": {"uv": [4, 5, 4.5, 5.25], "texture": "#5"}
			}
		},
		{
			"from": [9.5, 9.25, 15.75],
			"to": [10, 9.5, 16],
			"faces": {
				"north": {"uv": [9, 7, 11.75, 9.75], "texture": "#5"},
				"east": {"uv": [4, 5, 4.5, 5.75], "texture": "#5"},
				"south": {"uv": [4, 7, 4.75, 7.75], "texture": "#5"},
				"west": {"uv": [4, 5, 4.5, 5.75], "texture": "#5"},
				"up": {"uv": [4, 5, 8.75, 6.5], "texture": "#5"},
				"down": {"uv": [4, 5, 4.75, 5.5], "texture": "#5"}
			}
		},
		{
			"from": [9.5, 6.5, 15.75],
			"to": [10, 6.75, 16],
			"faces": {
				"north": {"uv": [9, 7, 11.75, 9.75], "texture": "#5"},
				"east": {"uv": [4, 5, 4.5, 5.75], "texture": "#5"},
				"south": {"uv": [4, 7, 4.75, 7.75], "texture": "#5"},
				"west": {"uv": [4, 5, 4.5, 5.75], "texture": "#5"},
				"up": {"uv": [4, 5, 8.75, 6.5], "texture": "#5"},
				"down": {"uv": [4, 5, 4.75, 5.5], "texture": "#5"}
			}
		},
		{
			"from": [6.25, 7.75, 15.75],
			"to": [6.5, 8.25, 16],
			"faces": {
				"north": {"uv": [2, 1, 2.25, 1.5], "texture": "#5"},
				"east": {"uv": [4, 5, 4.25, 5.5], "texture": "#5"},
				"south": {"uv": [4, 5, 4.25, 5.5], "texture": "#5"},
				"west": {"uv": [4, 5, 4.25, 5.5], "texture": "#5"},
				"up": {"uv": [4, 5, 4.25, 5.25], "texture": "#5"},
				"down": {"uv": [4, 5, 4.25, 5.25], "texture": "#5"}
			}
		},
		{
			"from": [6, 8.75, 15.75],
			"to": [6.25, 9.25, 16],
			"faces": {
				"north": {"uv": [9, 7, 11.75, 9.75], "texture": "#5"},
				"east": {"uv": [4, 5, 4.5, 5.75], "texture": "#5"},
				"south": {"uv": [4, 7, 4.75, 7.75], "texture": "#5"},
				"west": {"uv": [4, 5, 4.5, 5.75], "texture": "#5"},
				"up": {"uv": [4, 5, 8.75, 6.5], "texture": "#5"},
				"down": {"uv": [4, 5, 4.75, 5.5], "texture": "#5"}
			}
		},
		{
			"from": [5.75, 9.25, 15.75],
			"to": [6.25, 9.5, 16],
			"faces": {
				"north": {"uv": [9, 7, 11.75, 9.75], "texture": "#5"},
				"east": {"uv": [4, 5, 4.5, 5.75], "texture": "#5"},
				"south": {"uv": [4, 7, 4.75, 7.75], "texture": "#5"},
				"west": {"uv": [4, 5, 4.5, 5.75], "texture": "#5"},
				"up": {"uv": [4, 5, 8.75, 6.5], "texture": "#5"},
				"down": {"uv": [4, 5, 4.75, 5.5], "texture": "#5"}
			}
		},
		{
			"from": [6, 6.75, 15.75],
			"to": [6.25, 7.25, 16],
			"faces": {
				"north": {"uv": [10, 7, 12.75, 9.75], "texture": "#5"},
				"east": {"uv": [4, 5, 4.5, 5.75], "texture": "#5"},
				"south": {"uv": [4, 7, 4.75, 7.75], "texture": "#5"},
				"west": {"uv": [4, 5, 4.5, 5.75], "texture": "#5"},
				"up": {"uv": [4, 5, 8.75, 6.5], "texture": "#5"},
				"down": {"uv": [4, 5, 4.75, 5.5], "texture": "#5"}
			}
		},
		{
			"from": [5.75, 6.5, 15.75],
			"to": [6.25, 6.75, 16],
			"faces": {
				"north": {"uv": [9, 7, 11.75, 9.75], "texture": "#5"},
				"east": {"uv": [4, 5, 4.5, 5.75], "texture": "#5"},
				"south": {"uv": [4, 7, 4.75, 7.75], "texture": "#5"},
				"west": {"uv": [4, 5, 4.5, 5.75], "texture": "#5"},
				"up": {"uv": [4, 5, 8.75, 6.5], "texture": "#5"},
				"down": {"uv": [4, 5, 4.75, 5.5], "texture": "#5"}
			}
		},
		{
			"from": [9.25, 8.75, 15.75],
			"to": [9.5, 9, 16],
			"faces": {
				"north": {"uv": [9, 7, 11.75, 9.75], "texture": "#5"},
				"east": {"uv": [4, 5, 4.5, 5.75], "texture": "#5"},
				"south": {"uv": [4, 7, 4.75, 7.75], "texture": "#5"},
				"west": {"uv": [4, 5, 4.5, 5.75], "texture": "#5"},
				"up": {"uv": [4, 5, 8.75, 6.5], "texture": "#5"},
				"down": {"uv": [4, 5, 4.75, 5.5], "texture": "#5"}
			}
		},
		{
			"from": [9.5, 7, 15.75],
			"to": [9.75, 7.25, 16],
			"faces": {
				"north": {"uv": [9, 7, 11.75, 9.75], "texture": "#5"},
				"east": {"uv": [4, 5, 4.5, 5.75], "texture": "#5"},
				"south": {"uv": [4, 7, 4.75, 7.75], "texture": "#5"},
				"west": {"uv": [4, 5, 4.5, 5.75], "texture": "#5"},
				"up": {"uv": [4, 5, 8.75, 6.5], "texture": "#5"},
				"down": {"uv": [4, 5, 4.75, 5.5], "texture": "#5"}
			}
		},
		{
			"from": [6.25, 8.75, 15.75],
			"to": [6.5, 9, 16],
			"faces": {
				"north": {"uv": [9, 7, 11.75, 9.75], "texture": "#5"},
				"east": {"uv": [4, 5, 4.5, 5.75], "texture": "#5"},
				"south": {"uv": [4, 7, 4.75, 7.75], "texture": "#5"},
				"west": {"uv": [4, 5, 4.5, 5.75], "texture": "#5"},
				"up": {"uv": [4, 5, 8.75, 6.5], "texture": "#5"},
				"down": {"uv": [4, 5, 4.75, 5.5], "texture": "#5"}
			}
		},
		{
			"from": [6.25, 7, 15.75],
			"to": [6.5, 7.25, 16],
			"faces": {
				"north": {"uv": [10, 7, 12.75, 9.75], "texture": "#5"},
				"east": {"uv": [4, 5, 4.5, 5.75], "texture": "#5"},
				"south": {"uv": [4, 7, 4.75, 7.75], "texture": "#5"},
				"west": {"uv": [4, 5, 4.5, 5.75], "texture": "#5"},
				"up": {"uv": [4, 5, 8.75, 6.5], "texture": "#5"},
				"down": {"uv": [4, 5, 4.75, 5.5], "texture": "#5"}
			}
		},
		{
			"from": [6.75, 9, 15.5],
			"to": [7, 9.25, 16],
			"faces": {
				"north": {"uv": [8.5, 10.5, 9.75, 14], "texture": "#0"},
				"east": {"uv": [8.5, 10.5, 9.75, 14], "texture": "#0"},
				"south": {"uv": [8.5, 10.5, 9.75, 14], "texture": "#0"},
				"west": {"uv": [8.5, 10.5, 9.75, 14], "texture": "#0"},
				"up": {"uv": [8.5, 10.5, 9.75, 14], "texture": "#0"},
				"down": {"uv": [8.5, 10.5, 9.75, 14], "texture": "#0"}
			}
		},
		{
			"from": [8.75, 9, 15.5],
			"to": [9, 9.25, 16],
			"faces": {
				"north": {"uv": [9, 11, 10.25, 14.5], "texture": "#0"},
				"east": {"uv": [9, 11, 10.25, 14.5], "texture": "#0"},
				"south": {"uv": [9, 11, 10.25, 14.5], "texture": "#0"},
				"west": {"uv": [9, 11, 10.25, 14.5], "texture": "#0"},
				"up": {"uv": [9, 11, 10.25, 14.5], "texture": "#0"},
				"down": {"uv": [9, 11, 10.25, 14.5], "texture": "#0"}
			}
		},
		{
			"from": [8.75, 6.75, 15.5],
			"to": [9, 7, 16],
			"faces": {
				"north": {"uv": [13.5, 2, 14.75, 5.5], "texture": "#0"},
				"east": {"uv": [13.5, 2, 14.75, 5.5], "texture": "#0"},
				"south": {"uv": [13.5, 2, 14.75, 5.5], "texture": "#0"},
				"west": {"uv": [13.5, 2, 14.75, 5.5], "texture": "#0"},
				"up": {"uv": [13.5, 2, 14.75, 5.5], "texture": "#0"},
				"down": {"uv": [13.5, 2, 14.75, 5.5], "texture": "#0"}
			}
		},
		{
			"from": [6.75, 6.75, 15.5],
			"to": [7, 7, 16],
			"faces": {
				"north": {"uv": [4, 11, 5.25, 14.5], "texture": "#0"},
				"east": {"uv": [4, 11, 5.25, 14.5], "texture": "#0"},
				"south": {"uv": [4, 11, 5.25, 14.5], "texture": "#0"},
				"west": {"uv": [4, 11, 5.25, 14.5], "texture": "#0"},
				"up": {"uv": [4, 11, 5.25, 14.5], "texture": "#0"},
				"down": {"uv": [4, 11, 5.25, 14.5], "texture": "#0"}
			}
		},
		{
			"from": [8.25, 9, 15.25],
			"to": [9, 9.25, 15.5],
			"faces": {
				"north": {"uv": [8.5, 12, 14.25, 14.5], "texture": "#0"},
				"east": {"uv": [8.5, 12, 14.25, 14.5], "texture": "#0"},
				"south": {"uv": [8.5, 12, 14.25, 14.5], "texture": "#0"},
				"west": {"uv": [8.5, 12, 14.25, 14.5], "texture": "#0"},
				"up": {"uv": [8.5, 12, 14.25, 14.5], "texture": "#0"},
				"down": {"uv": [8.5, 12, 14.25, 14.5], "texture": "#0"}
			}
		},
		{
			"from": [8.25, 6.75, 15.25],
			"to": [9, 7, 15.5],
			"faces": {
				"north": {"uv": [8.5, 12, 14.25, 14.5], "texture": "#0"},
				"east": {"uv": [8.5, 12, 14.25, 14.5], "texture": "#0"},
				"south": {"uv": [8.5, 12, 14.25, 14.5], "texture": "#0"},
				"west": {"uv": [8.5, 12, 14.25, 14.5], "texture": "#0"},
				"up": {"uv": [8.5, 12, 14.25, 14.5], "texture": "#0"},
				"down": {"uv": [8.5, 12, 14.25, 14.5], "texture": "#0"}
			}
		},
		{
			"from": [9, 9, 15.75],
			"to": [9.5, 9.25, 16],
			"faces": {
				"north": {"uv": [9, 11, 10.25, 14.5], "texture": "#0"},
				"east": {"uv": [9, 11, 10.25, 14.5], "texture": "#0"},
				"south": {"uv": [9, 11, 10.25, 14.5], "texture": "#0"},
				"west": {"uv": [9, 11, 10.25, 14.5], "texture": "#0"},
				"up": {"uv": [9, 11, 10.25, 14.5], "texture": "#0"},
				"down": {"uv": [9, 11, 10.25, 14.5], "texture": "#0"}
			}
		},
		{
			"from": [6.25, 9, 15.75],
			"to": [6.75, 9.25, 16],
			"faces": {
				"north": {"uv": [9, 11, 10.25, 14.5], "texture": "#0"},
				"east": {"uv": [9, 11, 10.25, 14.5], "texture": "#0"},
				"south": {"uv": [9, 11, 10.25, 14.5], "texture": "#0"},
				"west": {"uv": [9, 11, 10.25, 14.5], "texture": "#0"},
				"up": {"uv": [9, 11, 10.25, 14.5], "texture": "#0"},
				"down": {"uv": [9, 11, 10.25, 14.5], "texture": "#0"}
			}
		},
		{
			"from": [6.25, 6.75, 15.75],
			"to": [6.75, 7, 16],
			"faces": {
				"north": {"uv": [9, 11, 10.25, 14.5], "texture": "#0"},
				"east": {"uv": [9, 11, 10.25, 14.5], "texture": "#0"},
				"south": {"uv": [9, 11, 10.25, 14.5], "texture": "#0"},
				"west": {"uv": [9, 11, 10.25, 14.5], "texture": "#0"},
				"up": {"uv": [9, 11, 10.25, 14.5], "texture": "#0"},
				"down": {"uv": [9, 11, 10.25, 14.5], "texture": "#0"}
			}
		},
		{
			"from": [9, 6.75, 15.75],
			"to": [9.5, 7, 16],
			"faces": {
				"north": {"uv": [9, 11, 10.25, 14.5], "texture": "#0"},
				"east": {"uv": [9, 11, 10.25, 14.5], "texture": "#0"},
				"south": {"uv": [9, 11, 10.25, 14.5], "texture": "#0"},
				"west": {"uv": [9, 11, 10.25, 14.5], "texture": "#0"},
				"up": {"uv": [9, 11, 10.25, 14.5], "texture": "#0"},
				"down": {"uv": [9, 11, 10.25, 14.5], "texture": "#0"}
			}
		},
		{
			"from": [9.25, 8.5, 15.75],
			"to": [9.5, 8.75, 16],
			"faces": {
				"north": {"uv": [9, 11, 10.25, 14.5], "texture": "#0"},
				"east": {"uv": [9, 11, 10.25, 14.5], "texture": "#0"},
				"south": {"uv": [9, 11, 10.25, 14.5], "texture": "#0"},
				"west": {"uv": [9, 11, 10.25, 14.5], "texture": "#0"},
				"up": {"uv": [9, 11, 10.25, 14.5], "texture": "#0"},
				"down": {"uv": [9, 11, 10.25, 14.5], "texture": "#0"}
			}
		},
		{
			"from": [9.25, 7.25, 15.75],
			"to": [9.5, 7.5, 16],
			"faces": {
				"north": {"uv": [9, 11, 10.25, 14.5], "texture": "#0"},
				"east": {"uv": [9, 11, 10.25, 14.5], "texture": "#0"},
				"south": {"uv": [9, 11, 10.25, 14.5], "texture": "#0"},
				"west": {"uv": [9, 11, 10.25, 14.5], "texture": "#0"},
				"up": {"uv": [9, 11, 10.25, 14.5], "texture": "#0"},
				"down": {"uv": [9, 11, 10.25, 14.5], "texture": "#0"}
			}
		},
		{
			"from": [6.25, 7.25, 15.75],
			"to": [6.5, 7.5, 16],
			"faces": {
				"north": {"uv": [9, 11, 10.25, 14.5], "texture": "#0"},
				"east": {"uv": [9, 11, 10.25, 14.5], "texture": "#0"},
				"south": {"uv": [9, 11, 10.25, 14.5], "texture": "#0"},
				"west": {"uv": [9, 11, 10.25, 14.5], "texture": "#0"},
				"up": {"uv": [9, 11, 10.25, 14.5], "texture": "#0"},
				"down": {"uv": [9, 11, 10.25, 14.5], "texture": "#0"}
			}
		},
		{
			"from": [6.25, 8.5, 15.75],
			"to": [6.5, 8.75, 16],
			"faces": {
				"north": {"uv": [9, 11, 10.25, 14.5], "texture": "#0"},
				"east": {"uv": [9, 11, 10.25, 14.5], "texture": "#0"},
				"south": {"uv": [9, 11, 10.25, 14.5], "texture": "#0"},
				"west": {"uv": [9, 11, 10.25, 14.5], "texture": "#0"},
				"up": {"uv": [9, 11, 10.25, 14.5], "texture": "#0"},
				"down": {"uv": [9, 11, 10.25, 14.5], "texture": "#0"}
			}
		},
		{
			"from": [6.75, 9, 15.25],
			"to": [7.5, 9.25, 15.5],
			"faces": {
				"north": {"uv": [8.5, 12, 14.25, 14.5], "texture": "#0"},
				"east": {"uv": [8.5, 12, 14.25, 14.5], "texture": "#0"},
				"south": {"uv": [8.5, 12, 14.25, 14.5], "texture": "#0"},
				"west": {"uv": [8.5, 12, 14.25, 14.5], "texture": "#0"},
				"up": {"uv": [8.5, 12, 14.25, 14.5], "texture": "#0"},
				"down": {"uv": [8.5, 12, 14.25, 14.5], "texture": "#0"}
			}
		},
		{
			"from": [7.25, 9.25, 15.25],
			"to": [8.25, 9.5, 15.5],
			"faces": {
				"north": {"uv": [8.5, 12, 14.25, 14.5], "texture": "#0"},
				"east": {"uv": [8.5, 12, 14.25, 14.5], "texture": "#0"},
				"south": {"uv": [8.5, 12, 14.25, 14.5], "texture": "#0"},
				"west": {"uv": [8.5, 12, 14.25, 14.5], "texture": "#0"},
				"up": {"uv": [8.5, 12, 14.25, 14.5], "texture": "#0"},
				"down": {"uv": [8.5, 12, 14.25, 14.5], "texture": "#0"}
			}
		},
		{
			"from": [7.5, 8.75, 15.25],
			"to": [8.5, 9, 15.5],
			"faces": {
				"north": {"uv": [8.5, 12, 14.25, 14.5], "texture": "#0"},
				"east": {"uv": [8.5, 12, 14.25, 14.5], "texture": "#0"},
				"south": {"uv": [8.5, 12, 14.25, 14.5], "texture": "#0"},
				"west": {"uv": [8.5, 12, 14.25, 14.5], "texture": "#0"},
				"up": {"uv": [8.5, 12, 14.25, 14.5], "texture": "#0"},
				"down": {"uv": [8.5, 12, 14.25, 14.5], "texture": "#0"}
			}
		},
		{
			"from": [7.5, 6.5, 15.25],
			"to": [8.5, 6.75, 15.5],
			"faces": {
				"north": {"uv": [8.5, 12, 14.25, 14.5], "texture": "#0"},
				"east": {"uv": [8.5, 12, 14.25, 14.5], "texture": "#0"},
				"south": {"uv": [8.5, 12, 14.25, 14.5], "texture": "#0"},
				"west": {"uv": [8.5, 12, 14.25, 14.5], "texture": "#0"},
				"up": {"uv": [8.5, 12, 14.25, 14.5], "texture": "#0"},
				"down": {"uv": [8.5, 12, 14.25, 14.5], "texture": "#0"}
			}
		},
		{
			"from": [6.75, 6.75, 15.25],
			"to": [7.5, 7, 15.5],
			"faces": {
				"north": {"uv": [8.5, 12, 14.25, 14.5], "texture": "#0"},
				"east": {"uv": [8.5, 12, 14.25, 14.5], "texture": "#0"},
				"south": {"uv": [8.5, 12, 14.25, 14.5], "texture": "#0"},
				"west": {"uv": [8.5, 12, 14.25, 14.5], "texture": "#0"},
				"up": {"uv": [8.5, 12, 14.25, 14.5], "texture": "#0"},
				"down": {"uv": [8.5, 12, 14.25, 14.5], "texture": "#0"}
			}
		},
		{
			"from": [7.25, 7, 15.25],
			"to": [8.25, 7.25, 15.5],
			"faces": {
				"north": {"uv": [8.5, 12, 14.25, 14.5], "texture": "#0"},
				"east": {"uv": [8.5, 12, 14.25, 14.5], "texture": "#0"},
				"south": {"uv": [8.5, 12, 14.25, 14.5], "texture": "#0"},
				"west": {"uv": [8.5, 12, 14.25, 14.5], "texture": "#0"},
				"up": {"uv": [8.5, 12, 14.25, 14.5], "texture": "#0"},
				"down": {"uv": [8.5, 12, 14.25, 14.5], "texture": "#0"}
			}
		},
		{
			"from": [9.25, 7, 15.75],
			"to": [9.5, 7.25, 16],
			"faces": {
				"north": {"uv": [10, 7, 12.75, 9.75], "texture": "#5"},
				"east": {"uv": [4, 5, 4.5, 5.75], "texture": "#5"},
				"south": {"uv": [4, 7, 4.75, 7.75], "texture": "#5"},
				"west": {"uv": [4, 5, 4.5, 5.75], "texture": "#5"},
				"up": {"uv": [4, 5, 8.75, 6.5], "texture": "#5"},
				"down": {"uv": [4, 5, 4.75, 5.5], "texture": "#5"}
			}
		},
		{
			"from": [5.5, 7.75, 9.75],
			"to": [6, 8.5, 11.75],
			"rotation": {"angle": 0, "axis": "z", "origin": [7.875, 8.125, 10.73661]},
			"faces": {
				"north": {"uv": [0, 0, 7, 1.5], "texture": "#5", "rotation": 270},
				"east": {"uv": [0, 0, 7, 1.5], "texture": "#5", "rotation": 270},
				"south": {"uv": [0, 0, 7, 1.5], "texture": "#5", "rotation": 270},
				"west": {"uv": [4, 2, 6, 8.5], "texture": "#5", "rotation": 270},
				"up": {"uv": [0, 0, 7, 1.5], "texture": "#5", "rotation": 270},
				"down": {"uv": [2, 2, 12, 4.5], "texture": "#5", "rotation": 270}
			}
		},
		{
			"from": [6, 7.75, 9.75],
			"to": [9.75, 8.5, 10.5],
			"rotation": {"angle": 0, "axis": "z", "origin": [7.875, 8.125, 10.73661]},
			"faces": {
				"north": {"uv": [0, 0, 11.75, 2.75], "texture": "#3", "rotation": 180},
				"east": {"uv": [2, 2, 2.75, 2.75], "texture": "#3", "rotation": 180},
				"south": {"uv": [2, 2, 5.75, 2.75], "texture": "#3", "rotation": 180},
				"west": {"uv": [2, 2, 2.75, 2.75], "texture": "#3", "rotation": 180},
				"up": {"uv": [2, 2, 8.75, 2.75], "texture": "#3", "rotation": 180},
				"down": {"uv": [2, 2, 5.75, 2.75], "texture": "#3", "rotation": 180}
			}
		},
		{
			"from": [6, 8, 9.5],
			"to": [9.75, 8.25, 9.75],
			"rotation": {"angle": 0, "axis": "z", "origin": [7.875, 8.125, 10.73661]},
			"faces": {
				"north": {"uv": [2, 2, 10.75, 3.25], "texture": "#3", "rotation": 180},
				"east": {"uv": [2, 2, 2.25, 2.25], "texture": "#3", "rotation": 180},
				"south": {"uv": [2, 2, 5.75, 2.25], "texture": "#3", "rotation": 180},
				"west": {"uv": [2, 2, 2.25, 2.25], "texture": "#3", "rotation": 180},
				"up": {"uv": [2, 2, 8.75, 3.25], "texture": "#3", "rotation": 180},
				"down": {"uv": [9, 8, 15.75, 9.25], "texture": "#3", "rotation": 180}
			}
		},
		{
			"from": [6, 8, 10.5],
			"to": [9.75, 8.25, 10.75],
			"rotation": {"angle": 0, "axis": "z", "origin": [7.875, 8.125, 10.73661]},
			"faces": {
				"north": {"uv": [2, 2, 5.75, 2.25], "texture": "#3", "rotation": 180},
				"east": {"uv": [2, 2, 2.25, 2.25], "texture": "#3", "rotation": 180},
				"south": {"uv": [2, 2, 5.75, 2.25], "texture": "#3", "rotation": 180},
				"west": {"uv": [2, 2, 2.25, 2.25], "texture": "#3", "rotation": 180},
				"up": {"uv": [4, 6, 9.75, 7.25], "texture": "#3", "rotation": 180},
				"down": {"uv": [2, 13, 10.75, 14.25], "texture": "#3", "rotation": 180}
			}
		},
		{
			"from": [6, 7.5, 10],
			"to": [9.75, 7.75, 10.25],
			"rotation": {"angle": 0, "axis": "z", "origin": [7.875, 8.125, 10.73661]},
			"faces": {
				"north": {"uv": [4, 8, 7.75, 8.25], "texture": "#3", "rotation": 180},
				"east": {"uv": [2, 2, 2.25, 2.25], "texture": "#3", "rotation": 180},
				"south": {"uv": [2, 2, 5.75, 2.25], "texture": "#3", "rotation": 180},
				"west": {"uv": [2, 2, 2.25, 2.25], "texture": "#3", "rotation": 180},
				"up": {"uv": [2, 2, 5.75, 2.25], "texture": "#3", "rotation": 180},
				"down": {"uv": [4, 3, 11.75, 4.25], "texture": "#3", "rotation": 180}
			}
		},
		{
			"from": [6, 8.5, 10],
			"to": [9.75, 8.75, 10.25],
			"rotation": {"angle": 0, "axis": "z", "origin": [7.875, 8.125, 10.73661]},
			"faces": {
				"north": {"uv": [2, 9, 14.75, 10.25], "texture": "#3", "rotation": 180},
				"east": {"uv": [2, 2, 2.25, 2.25], "texture": "#3", "rotation": 180},
				"south": {"uv": [2, 2, 5.75, 2.25], "texture": "#3", "rotation": 180},
				"west": {"uv": [2, 2, 2.25, 2.25], "texture": "#3", "rotation": 180},
				"up": {"uv": [2, 2, 8.75, 3.25], "texture": "#3", "rotation": 180},
				"down": {"uv": [2, 2, 5.75, 2.25], "texture": "#3", "rotation": 180}
			}
		},
		{
			"from": [9.75, 7.75, 9.75],
			"to": [10.25, 8.5, 11.75],
			"rotation": {"angle": 0, "axis": "z", "origin": [7.875, 8.125, 10.73661]},
			"faces": {
				"north": {"uv": [0, 0, 7, 1.5], "texture": "#5", "rotation": 270},
				"east": {"uv": [0, 0, 5, 10.5], "texture": "#5", "rotation": 270},
				"south": {"uv": [0, 0, 7, 1.5], "texture": "#5", "rotation": 270},
				"west": {"uv": [0, 0, 7, 1.5], "texture": "#5", "rotation": 270},
				"up": {"uv": [0, 0, 7, 1.5], "texture": "#5", "rotation": 270},
				"down": {"uv": [1, 1, 12, 2.5], "texture": "#5", "rotation": 270}
			}
		},
		{
			"from": [8.75, 7.75, 11.5],
			"to": [9.75, 8, 12],
			"rotation": {"angle": 0, "axis": "z", "origin": [7.875, 8.125, 10.73661]},
			"faces": {
				"north": {"uv": [0, 10, 2.5, 13], "texture": "#5", "rotation": 270},
				"east": {"uv": [0, 10, 2.5, 13], "texture": "#5", "rotation": 270},
				"south": {"uv": [0, 10, 2.5, 13], "texture": "#5", "rotation": 270},
				"west": {"uv": [0, 10, 2.5, 13], "texture": "#5", "rotation": 270},
				"up": {"uv": [0, 10, 2.5, 13], "texture": "#5", "rotation": 270},
				"down": {"uv": [7, 5, 9.5, 7], "texture": "#5", "rotation": 270}
			}
		},
		{
			"from": [6, 7.75, 11.5],
			"to": [7, 8, 12],
			"rotation": {"angle": 0, "axis": "z", "origin": [7.875, 8.125, 10.73661]},
			"faces": {
				"north": {"uv": [0, 10, 2.5, 13], "texture": "#5", "rotation": 270},
				"east": {"uv": [0, 10, 2.5, 13], "texture": "#5", "rotation": 270},
				"south": {"uv": [0, 10, 2.5, 13], "texture": "#5", "rotation": 270},
				"west": {"uv": [0, 10, 2.5, 13], "texture": "#5", "rotation": 270},
				"up": {"uv": [0, 10, 2.5, 13], "texture": "#5", "rotation": 270},
				"down": {"uv": [2, 8, 5.5, 13], "texture": "#5", "rotation": 270}
			}
		},
		{
			"from": [7.5, 7.75, 11.75],
			"to": [8.25, 8.5, 12.25],
			"rotation": {"angle": 0, "axis": "z", "origin": [7.875, 8.125, 10.73661]},
			"faces": {
				"north": {"uv": [0, 10, 2.5, 13], "texture": "#5", "rotation": 270},
				"east": {"uv": [0, 10, 2.5, 13], "texture": "#5", "rotation": 270},
				"south": {"uv": [0, 10, 2.5, 13], "texture": "#5", "rotation": 270},
				"west": {"uv": [0, 10, 2.5, 13], "texture": "#5", "rotation": 270},
				"up": {"uv": [0, 10, 2.5, 13], "texture": "#5", "rotation": 270},
				"down": {"uv": [4, 7, 7.5, 10], "texture": "#5", "rotation": 270}
			}
		},
		{
			"from": [8.75, 8.25, 11.5],
			"to": [9.75, 8.5, 12],
			"rotation": {"angle": 0, "axis": "z", "origin": [7.875, 8.125, 10.73661]},
			"faces": {
				"north": {"uv": [0, 10, 2.5, 13], "texture": "#5", "rotation": 270},
				"east": {"uv": [0, 10, 2.5, 13], "texture": "#5", "rotation": 270},
				"south": {"uv": [0, 10, 2.5, 13], "texture": "#5", "rotation": 270},
				"west": {"uv": [0, 10, 2.5, 13], "texture": "#5", "rotation": 270},
				"up": {"uv": [0, 10, 2.5, 13], "texture": "#5", "rotation": 270},
				"down": {"uv": [0, 10, 2.5, 13], "texture": "#5", "rotation": 270}
			}
		},
		{
			"from": [6, 8.25, 11.5],
			"to": [7, 8.5, 12],
			"rotation": {"angle": 0, "axis": "z", "origin": [7.875, 8.125, 10.73661]},
			"faces": {
				"north": {"uv": [0, 10, 2.5, 13], "texture": "#5", "rotation": 270},
				"east": {"uv": [0, 10, 2.5, 13], "texture": "#5", "rotation": 270},
				"south": {"uv": [0, 10, 2.5, 13], "texture": "#5", "rotation": 270},
				"west": {"uv": [0, 10, 2.5, 13], "texture": "#5", "rotation": 270},
				"up": {"uv": [0, 10, 2.5, 13], "texture": "#5", "rotation": 270},
				"down": {"uv": [0, 10, 2.5, 13], "texture": "#5", "rotation": 270}
			}
		},
		{
			"from": [8.25, 8.25, 11.75],
			"to": [8.75, 8.5, 12.25],
			"rotation": {"angle": 0, "axis": "z", "origin": [7.875, 8.125, 10.73661]},
			"faces": {
				"north": {"uv": [0, 10, 2.5, 13], "texture": "#5", "rotation": 270},
				"east": {"uv": [0, 10, 2.5, 13], "texture": "#5", "rotation": 270},
				"south": {"uv": [0, 10, 2.5, 13], "texture": "#5", "rotation": 270},
				"west": {"uv": [0, 10, 2.5, 13], "texture": "#5", "rotation": 270},
				"up": {"uv": [0, 10, 2.5, 13], "texture": "#5", "rotation": 270},
				"down": {"uv": [0, 10, 2.5, 13], "texture": "#5", "rotation": 270}
			}
		},
		{
			"from": [8.25, 7.75, 11.75],
			"to": [8.75, 8, 12.25],
			"rotation": {"angle": 0, "axis": "z", "origin": [7.875, 8.125, 10.73661]},
			"faces": {
				"north": {"uv": [0, 10, 2.5, 13], "texture": "#5", "rotation": 270},
				"east": {"uv": [0, 10, 2.5, 13], "texture": "#5", "rotation": 270},
				"south": {"uv": [0, 10, 2.5, 13], "texture": "#5", "rotation": 270},
				"west": {"uv": [0, 10, 2.5, 13], "texture": "#5", "rotation": 270},
				"up": {"uv": [0, 10, 2.5, 13], "texture": "#5", "rotation": 270},
				"down": {"uv": [0, 10, 2.5, 13], "texture": "#5", "rotation": 270}
			}
		},
		{
			"from": [7, 7.75, 11.75],
			"to": [7.5, 8, 12.25],
			"rotation": {"angle": 0, "axis": "z", "origin": [7.875, 8.125, 10.73661]},
			"faces": {
				"north": {"uv": [0, 10, 2.5, 13], "texture": "#5", "rotation": 270},
				"east": {"uv": [0, 10, 2.5, 13], "texture": "#5", "rotation": 270},
				"south": {"uv": [0, 10, 2.5, 13], "texture": "#5", "rotation": 270},
				"west": {"uv": [0, 10, 2.5, 13], "texture": "#5", "rotation": 270},
				"up": {"uv": [0, 10, 2.5, 13], "texture": "#5", "rotation": 270},
				"down": {"uv": [0, 10, 2.5, 13], "texture": "#5", "rotation": 270}
			}
		},
		{
			"from": [7, 8.25, 11.75],
			"to": [7.5, 8.5, 12.25],
			"rotation": {"angle": 0, "axis": "z", "origin": [7.875, 8.125, 10.73661]},
			"faces": {
				"north": {"uv": [0, 10, 2.5, 13], "texture": "#5", "rotation": 270},
				"east": {"uv": [0, 10, 2.5, 13], "texture": "#5", "rotation": 270},
				"south": {"uv": [0, 10, 2.5, 13], "texture": "#5", "rotation": 270},
				"west": {"uv": [0, 10, 2.5, 13], "texture": "#5", "rotation": 270},
				"up": {"uv": [0, 10, 2.5, 13], "texture": "#5", "rotation": 270},
				"down": {"uv": [0, 10, 2.5, 13], "texture": "#5", "rotation": 270}
			}
		},
		{
			"from": [5.25, 7.5, 9.75],
			"to": [5.5, 8.75, 10.5],
			"rotation": {"angle": 0, "axis": "z", "origin": [7.875, 8.125, 10.73661]},
			"faces": {
				"north": {"uv": [2, 2, 2.25, 3.25], "texture": "#5", "rotation": 180},
				"east": {"uv": [2, 2, 2.75, 3.25], "texture": "#5", "rotation": 180},
				"south": {"uv": [2, 2, 2.25, 3.25], "texture": "#5", "rotation": 180},
				"west": {"uv": [2, 2, 2.75, 3.25], "texture": "#5", "rotation": 180},
				"up": {"uv": [2, 2, 2.25, 2.75], "texture": "#5", "rotation": 180},
				"down": {"uv": [3, 3, 4.25, 6.75], "texture": "#5", "rotation": 180}
			}
		},
		{
			"from": [5.25, 7.75, 9.5],
			"to": [5.5, 8.5, 9.75],
			"rotation": {"angle": 0, "axis": "z", "origin": [7.875, 8.125, 10.73661]},
			"faces": {
				"north": {"uv": [3, 5, 4.25, 7.75], "texture": "#5", "rotation": 180},
				"east": {"uv": [2, 2, 2.25, 2.75], "texture": "#5", "rotation": 180},
				"south": {"uv": [2, 2, 2.25, 2.75], "texture": "#5", "rotation": 180},
				"west": {"uv": [2, 2, 2.25, 2.75], "texture": "#5", "rotation": 180},
				"up": {"uv": [2, 2, 2.25, 2.25], "texture": "#5", "rotation": 180},
				"down": {"uv": [2, 2, 4.25, 5.25], "texture": "#5", "rotation": 180}
			}
		},
		{
			"from": [5.25, 7.75, 10.5],
			"to": [5.5, 8.5, 10.75],
			"rotation": {"angle": 0, "axis": "z", "origin": [7.875, 8.125, 10.73661]},
			"faces": {
				"north": {"uv": [2, 2, 2.25, 2.75], "texture": "#5", "rotation": 180},
				"east": {"uv": [2, 2, 2.25, 2.75], "texture": "#5", "rotation": 180},
				"south": {"uv": [2, 2, 2.25, 2.75], "texture": "#5", "rotation": 180},
				"west": {"uv": [2, 2, 2.25, 2.75], "texture": "#5", "rotation": 180},
				"up": {"uv": [2, 2, 2.25, 2.25], "texture": "#5", "rotation": 180},
				"down": {"uv": [2, 2, 2.25, 2.25], "texture": "#5", "rotation": 180}
			}
		},
		{
			"from": [5, 7.75, 9.75],
			"to": [5.25, 8.5, 10.5],
			"rotation": {"angle": 0, "axis": "z", "origin": [7.875, 8.125, 10.73661]},
			"faces": {
				"north": {"uv": [1, 3, 1.75, 8.75], "texture": "#5", "rotation": 180},
				"east": {"uv": [1, 3, 5.75, 8.75], "texture": "#5", "rotation": 180},
				"south": {"uv": [6, 4, 8.75, 7.75], "texture": "#5", "rotation": 180},
				"west": {"uv": [1, 3, 5.75, 8.75], "texture": "#5", "rotation": 180},
				"up": {"uv": [1, 3, 5.75, 8.75], "texture": "#5", "rotation": 180},
				"down": {"uv": [7, 7, 9.75, 8.75], "texture": "#5", "rotation": 180}
			}
		},
		{
			"from": [4.75, 7.75, 9.75],
			"to": [5, 8.25, 10],
			"rotation": {"angle": 0, "axis": "z", "origin": [7.875, 8.125, 10.73661]},
			"faces": {
				"north": {"uv": [1, 3, 2.75, 5.75], "texture": "#5", "rotation": 180},
				"east": {"uv": [1, 3, 2.75, 5.75], "texture": "#5", "rotation": 180},
				"south": {"uv": [1, 3, 2.75, 5.75], "texture": "#5", "rotation": 180},
				"west": {"uv": [1, 3, 2.75, 5.75], "texture": "#5", "rotation": 180},
				"up": {"uv": [1, 3, 2.75, 5.75], "texture": "#5", "rotation": 180},
				"down": {"uv": [1, 3, 2.75, 5.75], "texture": "#5", "rotation": 180}
			}
		},
		{
			"from": [4.75, 8, 10.25],
			"to": [5, 8.5, 10.5],
			"rotation": {"angle": 0, "axis": "z", "origin": [7.875, 8.125, 10.73661]},
			"faces": {
				"north": {"uv": [1, 3, 2.75, 5.75], "texture": "#5", "rotation": 180},
				"east": {"uv": [1, 3, 2.75, 5.75], "texture": "#5", "rotation": 180},
				"south": {"uv": [1, 3, 2.75, 5.75], "texture": "#5", "rotation": 180},
				"west": {"uv": [1, 3, 2.75, 5.75], "texture": "#5", "rotation": 180},
				"up": {"uv": [1, 3, 2.75, 5.75], "texture": "#5", "rotation": 180},
				"down": {"uv": [1, 3, 2.75, 5.75], "texture": "#5", "rotation": 180}
			}
		},
		{
			"from": [10.25, 7.5, 9.75],
			"to": [10.5, 8.75, 10.5],
			"rotation": {"angle": 0, "axis": "z", "origin": [7.875, 8.125, 10.73661]},
			"faces": {
				"north": {"uv": [2, 2, 2.25, 3.25], "texture": "#5"},
				"east": {"uv": [2, 2, 2.75, 3.25], "texture": "#5"},
				"south": {"uv": [2, 2, 2.25, 3.25], "texture": "#5"},
				"west": {"uv": [2, 2, 2.75, 3.25], "texture": "#5"},
				"up": {"uv": [2, 2, 2.25, 2.75], "texture": "#5"},
				"down": {"uv": [2, 2, 3.25, 9.75], "texture": "#5"}
			}
		},
		{
			"from": [10.25, 7.75, 9.5],
			"to": [10.5, 8.5, 9.75],
			"rotation": {"angle": 0, "axis": "z", "origin": [7.875, 8.125, 10.73661]},
			"faces": {
				"north": {"uv": [8, 5, 10.25, 9.75], "texture": "#5"},
				"east": {"uv": [8, 3, 9.25, 6.75], "texture": "#5"},
				"south": {"uv": [2, 2, 2.25, 2.75], "texture": "#5"},
				"west": {"uv": [2, 2, 2.25, 2.75], "texture": "#5"},
				"up": {"uv": [2, 2, 2.25, 2.25], "texture": "#5"},
				"down": {"uv": [2, 2, 2.25, 2.25], "texture": "#5"}
			}
		},
		{
			"from": [10.25, 7.75, 10.5],
			"to": [10.5, 8.5, 10.75],
			"rotation": {"angle": 0, "axis": "z", "origin": [7.875, 8.125, 10.73661]},
			"faces": {
				"north": {"uv": [2, 2, 5.25, 4.25], "texture": "#5"},
				"east": {"uv": [2, 2, 5.25, 4.25], "texture": "#5"},
				"south": {"uv": [2, 2, 5.25, 4.25], "texture": "#5"},
				"west": {"uv": [2, 2, 5.25, 4.25], "texture": "#5"},
				"up": {"uv": [2, 2, 5.25, 4.25], "texture": "#5"},
				"down": {"uv": [2, 2, 5.25, 4.25], "texture": "#5"}
			}
		},
		{
			"from": [10.5, 7.75, 9.75],
			"to": [10.75, 8.5, 10.5],
			"rotation": {"angle": 0, "axis": "z", "origin": [7.875, 8.125, 10.73661]},
			"faces": {
				"north": {"uv": [1, 3, 3.75, 6.75], "texture": "#5"},
				"east": {"uv": [1, 3, 3.75, 6.75], "texture": "#5"},
				"south": {"uv": [1, 3, 3.75, 6.75], "texture": "#5"},
				"west": {"uv": [1, 3, 3.75, 6.75], "texture": "#5"},
				"up": {"uv": [1, 3, 3.75, 6.75], "texture": "#5"},
				"down": {"uv": [1, 3, 3.75, 6.75], "texture": "#5"}
			}
		},
		{
			"from": [10.75, 8, 9.75],
			"to": [11, 8.5, 10],
			"rotation": {"angle": 0, "axis": "z", "origin": [7.875, 8.125, 10.73661]},
			"faces": {
				"north": {"uv": [1, 3, 2.75, 6.75], "texture": "#5"},
				"east": {"uv": [1, 3, 2.75, 6.75], "texture": "#5"},
				"south": {"uv": [1, 3, 2.75, 6.75], "texture": "#5"},
				"west": {"uv": [1, 3, 2.75, 6.75], "texture": "#5"},
				"up": {"uv": [1, 3, 2.75, 6.75], "texture": "#5"},
				"down": {"uv": [1, 3, 2.75, 6.75], "texture": "#5"}
			}
		},
		{
			"from": [10.75, 7.75, 10.25],
			"to": [11, 8.25, 10.5],
			"rotation": {"angle": 0, "axis": "z", "origin": [7.875, 8.125, 10.73661]},
			"faces": {
				"north": {"uv": [1, 3, 3.75, 5.75], "texture": "#5"},
				"east": {"uv": [1, 3, 3.75, 5.75], "texture": "#5"},
				"south": {"uv": [1, 3, 3.75, 5.75], "texture": "#5"},
				"west": {"uv": [1, 3, 3.75, 5.75], "texture": "#5"},
				"up": {"uv": [1, 3, 3.75, 5.75], "texture": "#5"},
				"down": {"uv": [1, 3, 3.75, 5.75], "texture": "#5"}
			}
		},
		{
			"from": [7.5, 8, 12.25],
			"to": [8.25, 8.25, 15.5],
			"faces": {
				"north": {"uv": [9.5, 0.5, 12.375, 13.625], "texture": "#0"},
				"east": {"uv": [9.5, 0.5, 12.375, 13.625], "texture": "#0"},
				"south": {"uv": [9.5, 0.5, 12.375, 13.625], "texture": "#0"},
				"west": {"uv": [9.5, 0.5, 12.375, 13.625], "texture": "#0"},
				"up": {"uv": [9.5, 0.5, 12.375, 13.625], "texture": "#0"},
				"down": {"uv": [9.5, 0.5, 12.375, 13.625], "texture": "#0"}
			}
		},
		{
			"from": [7.75, 8.25, 12.25],
			"to": [8, 8.5, 15.5],
			"faces": {
				"north": {"uv": [9.5, 0.5, 12.375, 13.625], "texture": "#0"},
				"east": {"uv": [9.5, 0.5, 12.375, 13.625], "texture": "#0"},
				"south": {"uv": [9.5, 0.5, 12.375, 13.625], "texture": "#0"},
				"west": {"uv": [9.5, 0.5, 12.375, 13.625], "texture": "#0"},
				"up": {"uv": [9.5, 0.5, 12.375, 13.625], "texture": "#0"},
				"down": {"uv": [9.5, 0.5, 12.375, 13.625], "texture": "#0"}
			}
		},
		{
			"from": [7.75, 7.75, 12.25],
			"to": [8, 8, 15.5],
			"faces": {
				"north": {"uv": [9.5, 0.5, 12.375, 13.625], "texture": "#0"},
				"east": {"uv": [9.5, 0.5, 12.375, 13.625], "texture": "#0"},
				"south": {"uv": [9.5, 0.5, 12.375, 13.625], "texture": "#0"},
				"west": {"uv": [9.5, 0.5, 12.375, 13.625], "texture": "#0"},
				"up": {"uv": [9.5, 0.5, 12.375, 13.625], "texture": "#0"},
				"down": {"uv": [9.5, 0.5, 12.375, 13.625], "texture": "#0"}
			}
		}
	]
}