{
	"parent": "block/cube",
	"ambientocclusion": false,
	"textures": {
		"0": "rsgauges:blocks/common/darkroughmetal"
	},
	"elements": [
		{
			"from": [8.53094, 9.28887, 14.5],
			"to": [8.78094, 9.53887, 15],
			"faces": {
				"north": {"uv": [3.5, 7, 8, 12.25], "texture": "#0"},
				"east": {"uv": [3.5, 7, 8, 12.25], "texture": "#0"},
				"south": {"uv": [3.5, 7, 8, 12.25], "texture": "#0"},
				"west": {"uv": [3.5, 7, 8, 12.25], "texture": "#0"},
				"up": {"uv": [1, 7, 3, 15.75], "texture": "#0"},
				"down": {"uv": [3.5, 7, 8, 12.25], "texture": "#0"}
			}
		},
		{
			"from": [8.78094, 8.28887, 14.75],
			"to": [9.03094, 8.53887, 16],
			"faces": {
				"north": {"uv": [3, 0.5, 5, 14.75], "texture": "#0"},
				"east": {"uv": [3, 0.5, 16, 2.75], "texture": "#0"},
				"south": {"uv": [3, 0.5, 5, 14.75], "texture": "#0"},
				"west": {"uv": [3, 0.5, 5, 14.75], "texture": "#0"},
				"up": {"uv": [3, 0.5, 5, 14.75], "texture": "#0"},
				"down": {"uv": [3, 0.5, 5, 14.75], "texture": "#0"}
			}
		},
		{
			"from": [8.28094, 8.28887, 14.75],
			"to": [8.53094, 8.53887, 16],
			"faces": {
				"north": {"uv": [3, 0, 5.5, 14.75], "texture": "#0"},
				"east": {"uv": [3, 0, 5.5, 14.75], "texture": "#0"},
				"south": {"uv": [3, 0, 5.5, 14.75], "texture": "#0"},
				"west": {"uv": [1, 4, 14, 6.25], "texture": "#0"},
				"up": {"uv": [3, 0, 5.5, 14.75], "texture": "#0"},
				"down": {"uv": [3, 0, 5.5, 14.75], "texture": "#0"}
			}
		},
		{
			"from": [8.53094, 8.28887, 14.75],
			"to": [8.78094, 9.28887, 15],
			"faces": {
				"north": {"uv": [3.5, 7, 8, 12.25], "texture": "#0"},
				"east": {"uv": [3.5, 7, 8, 12.25], "texture": "#0"},
				"south": {"uv": [3.5, 7, 8, 12.25], "texture": "#0"},
				"west": {"uv": [3.5, 7, 8, 12.25], "texture": "#0"},
				"up": {"uv": [1, 7, 3, 15.75], "texture": "#0"},
				"down": {"uv": [3.5, 7, 8, 12.25], "texture": "#0"}
			}
		},
		{
			"from": [8.53094, 8.28887, 15],
			"to": [8.78094, 8.53887, 16],
			"faces": {
				"north": {"uv": [10, 3, 14.5, 9.75], "texture": "#0"},
				"east": {"uv": [10, 3, 14.5, 9.75], "texture": "#0"},
				"south": {"uv": [10, 3, 14.5, 9.75], "texture": "#0"},
				"west": {"uv": [10, 3, 14.5, 9.75], "texture": "#0"},
				"up": {"uv": [3.5, 5.5, 6, 15.75], "texture": "#0"},
				"down": {"uv": [10, 3, 14.5, 9.75], "texture": "#0"}
			}
		},
		{
			"from": [8.53094, 8.28887, 14.25],
			"to": [8.78094, 9.28887, 14.75],
			"faces": {
				"north": {"uv": [2.5, 2.5, 4.5, 13.25], "texture": "#0"},
				"east": {"uv": [3.5, 7, 5, 11.75], "texture": "#0"},
				"south": {"uv": [3.5, 7, 8, 12.25], "texture": "#0"},
				"west": {"uv": [2, 9, 4.5, 12.75], "texture": "#0"},
				"up": {"uv": [1, 7, 3, 15.75], "texture": "#0"},
				"down": {"uv": [3.5, 7, 8, 12.25], "texture": "#0"}
			}
		},
		{
			"from": [8.53094, 8.03887, 14.5],
			"to": [8.78094, 8.28887, 16],
			"faces": {
				"north": {"uv": [0.5, 3, 16, 7.75], "texture": "#0"},
				"east": {"uv": [0.5, 3, 16, 7.75], "texture": "#0"},
				"south": {"uv": [0.5, 3, 16, 7.75], "texture": "#0"},
				"west": {"uv": [0.5, 3, 16, 7.75], "texture": "#0"},
				"up": {"uv": [0.5, 3, 16, 7.75], "texture": "#0"},
				"down": {"uv": [0.5, 3, 16, 7.75], "texture": "#0"}
			}
		},
		{
			"from": [8.53094, 8.53887, 15],
			"to": [8.78094, 8.78887, 16],
			"faces": {
				"north": {"uv": [10, 3, 14.5, 9.75], "texture": "#0"},
				"east": {"uv": [10, 3, 14.5, 9.75], "texture": "#0"},
				"south": {"uv": [10, 3, 14.5, 9.75], "texture": "#0"},
				"west": {"uv": [10, 3, 14.5, 9.75], "texture": "#0"},
				"up": {"uv": [3.5, 5.5, 6, 15.75], "texture": "#0"},
				"down": {"uv": [10, 3, 14.5, 9.75], "texture": "#0"}
			}
		},
		{
			"from": [8.28094, 8.28887, 14.5],
			"to": [8.53094, 9.28887, 14.75],
			"faces": {
				"north": {"uv": [2.5, 2.5, 4.5, 13.25], "texture": "#0"},
				"east": {"uv": [3.5, 7, 5, 11.75], "texture": "#0"},
				"south": {"uv": [3.5, 7, 8, 12.25], "texture": "#0"},
				"west": {"uv": [2, 9, 4.5, 12.75], "texture": "#0"},
				"up": {"uv": [1, 7, 3, 15.75], "texture": "#0"},
				"down": {"uv": [3.5, 7, 8, 12.25], "texture": "#0"}
			}
		},
		{
			"from": [8.78094, 8.28887, 14.5],
			"to": [9.03094, 9.28887, 14.75],
			"faces": {
				"north": {"uv": [2.5, 2.5, 4.5, 13.25], "texture": "#0"},
				"east": {"uv": [3.5, 7, 5, 11.75], "texture": "#0"},
				"south": {"uv": [3.5, 7, 8, 12.25], "texture": "#0"},
				"west": {"uv": [2, 9, 4.5, 12.75], "texture": "#0"},
				"up": {"uv": [1, 7, 3, 15.75], "texture": "#0"},
				"down": {"uv": [3.5, 7, 8, 12.25], "texture": "#0"}
			}
		}
	],
	"display": {
		"thirdperson_righthand": {
			"rotation": [-117, 0, 0],
			"translation": [-0.75, -5.75, 3.5]
		},
		"firstperson_righthand": {
			"rotation": [0, 90, 0],
			"translation": [-3.25, 0, 1]
		},
		"ground": {
			"translation": [0, -2.5, -5.75],
			"scale": [0.75, 0.75, 0.75]
		},
		"gui": {
			"rotation": [30, -135, 0],
			"translation": [16.5, -8, 0],
			"scale": [3, 3, 3]
		},
		"fixed": {
			"translation": [0, 0, -9.5],
			"scale": [1.2, 1.2, 1.2]
		}
	}
}