{
	"parent": "block/cube",
	"ambientocclusion": false,
	"textures": {
		"0": "rsgauges:blocks/common/darkroughmetal",
		"5": "rsgauges:blocks/common/old_iron",
		"particle": "rsgauges:blocks/common/old_iron"
	},
	"elements": [
		{
			"from": [7.25, 12.5, 15.75],
			"to": [8.75, 14, 16],
			"faces": {
				"north": {"uv": [1, 1, 5.25, 7.75], "texture": "#5"},
				"east": {"uv": [2, 5, 3.25, 11.75], "texture": "#5"},
				"south": {"uv": [6, 3, 11.25, 14.75], "texture": "#5"},
				"west": {"uv": [6, 4, 7.25, 9.75], "texture": "#5"},
				"up": {"uv": [8, 5, 14.25, 5.75], "texture": "#5"},
				"down": {"uv": [0, 0, 0.25, 2.75], "texture": "#5"}
			}
		},
		{
			"from": [8.5, 12.75, 15.5],
			"to": [8.75, 14, 15.75],
			"faces": {
				"north": {"uv": [10, 7, 11.25, 13.75], "texture": "#5"},
				"east": {"uv": [5, 7, 6.25, 13.75], "texture": "#5"},
				"south": {"uv": [0, 0, 0.25, 2.75], "texture": "#5"},
				"west": {"uv": [0, 0, 0.25, 2.75], "texture": "#5"},
				"up": {"uv": [0, 0, 0.25, 2.75], "texture": "#5"},
				"down": {"uv": [0, 0, 0.25, 2.75], "texture": "#5"}
			}
		},
		{
			"from": [7.25, 12.75, 15.5],
			"to": [7.5, 14, 15.75],
			"faces": {
				"north": {"uv": [13, 1, 14.25, 9.75], "texture": "#5"},
				"east": {"uv": [0, 0, 0.25, 2.75], "texture": "#5"},
				"south": {"uv": [0, 0, 0.25, 2.75], "texture": "#5"},
				"west": {"uv": [4, 5, 5.25, 10.75], "texture": "#5"},
				"up": {"uv": [0, 0, 0.25, 2.75], "texture": "#5"},
				"down": {"uv": [0, 0, 0.25, 2.75], "texture": "#5"}
			}
		},
		{
			"from": [7.5, 13.75, 15.5],
			"to": [8.5, 14, 15.75],
			"faces": {
				"north": {"uv": [6, 3, 10.25, 4.25], "texture": "#5"},
				"east": {"uv": [0, 0, 0.25, 0.25], "texture": "#5"},
				"south": {"uv": [0, 0, 0.25, 0.25], "texture": "#5"},
				"west": {"uv": [0, 0, 0.25, 0.25], "texture": "#5"},
				"up": {"uv": [8, 5, 14.25, 5.75], "texture": "#5"},
				"down": {"uv": [0, 0, 0.25, 0.25], "texture": "#5"}
			}
		},
		{
			"from": [7.5, 12.5, 15.5],
			"to": [8.5, 12.75, 15.75],
			"faces": {
				"north": {"uv": [6, 3, 10.25, 4.25], "texture": "#5"},
				"east": {"uv": [0, 0, 0.25, 0.25], "texture": "#5"},
				"south": {"uv": [0, 0, 0.25, 0.25], "texture": "#5"},
				"west": {"uv": [0, 0, 0.25, 0.25], "texture": "#5"},
				"up": {"uv": [0, 0, 0.25, 0.25], "texture": "#5"},
				"down": {"uv": [0, 0, 0.25, 0.25], "texture": "#5"}
			}
		},
		{
			"from": [7, 14, 15.75],
			"to": [7.5, 14.25, 16],
			"faces": {
				"north": {"uv": [1, 1, 4.25, 3.75], "texture": "#5"},
				"east": {"uv": [1, 1, 4.25, 3.75], "texture": "#5"},
				"south": {"uv": [1, 1, 4.25, 3.75], "texture": "#5"},
				"west": {"uv": [1, 1, 4.25, 3.75], "texture": "#5"},
				"up": {"uv": [1, 1, 4.25, 3.75], "texture": "#5"},
				"down": {"uv": [1, 1, 4.25, 3.75], "texture": "#5"}
			}
		},
		{
			"from": [8.5, 12.25, 15.75],
			"to": [9, 12.5, 16],
			"faces": {
				"north": {"uv": [1, 1, 4.25, 3.75], "texture": "#5"},
				"east": {"uv": [1, 1, 4.25, 3.75], "texture": "#5"},
				"south": {"uv": [1, 1, 4.25, 3.75], "texture": "#5"},
				"west": {"uv": [1, 1, 4.25, 3.75], "texture": "#5"},
				"up": {"uv": [1, 1, 4.25, 3.75], "texture": "#5"},
				"down": {"uv": [1, 1, 4.25, 3.75], "texture": "#5"}
			}
		},
		{
			"from": [7, 12.25, 15.75],
			"to": [7.5, 12.5, 16],
			"faces": {
				"north": {"uv": [1, 1, 4.25, 3.75], "texture": "#5"},
				"east": {"uv": [1, 1, 4.25, 3.75], "texture": "#5"},
				"south": {"uv": [1, 1, 4.25, 3.75], "texture": "#5"},
				"west": {"uv": [1, 1, 4.25, 3.75], "texture": "#5"},
				"up": {"uv": [1, 1, 4.25, 3.75], "texture": "#5"},
				"down": {"uv": [1, 1, 4.25, 3.75], "texture": "#5"}
			}
		},
		{
			"from": [8.5, 14, 15.75],
			"to": [9, 14.25, 16],
			"faces": {
				"north": {"uv": [1, 1, 4.25, 3.75], "texture": "#5"},
				"east": {"uv": [1, 1, 4.25, 3.75], "texture": "#5"},
				"south": {"uv": [1, 1, 4.25, 3.75], "texture": "#5"},
				"west": {"uv": [1, 1, 4.25, 3.75], "texture": "#5"},
				"up": {"uv": [1, 1, 4.25, 3.75], "texture": "#5"},
				"down": {"uv": [1, 1, 4.25, 3.75], "texture": "#5"}
			}
		},
		{
			"from": [6.75, 13.75, 15.75],
			"to": [7, 14.25, 16],
			"faces": {
				"north": {"uv": [1, 1, 2.25, 3.75], "texture": "#5"},
				"east": {"uv": [1, 1, 2.25, 3.75], "texture": "#5"},
				"south": {"uv": [1, 1, 2.25, 3.75], "texture": "#5"},
				"west": {"uv": [1, 1, 2.25, 3.75], "texture": "#5"},
				"up": {"uv": [1, 1, 2.25, 3.75], "texture": "#5"},
				"down": {"uv": [1, 1, 2.25, 3.75], "texture": "#5"}
			}
		},
		{
			"from": [6.75, 12.25, 15.75],
			"to": [7, 12.75, 16],
			"faces": {
				"north": {"uv": [1, 1, 2.25, 3.75], "texture": "#5"},
				"east": {"uv": [1, 1, 2.25, 3.75], "texture": "#5"},
				"south": {"uv": [1, 1, 2.25, 3.75], "texture": "#5"},
				"west": {"uv": [1, 1, 2.25, 3.75], "texture": "#5"},
				"up": {"uv": [1, 1, 2.25, 3.75], "texture": "#5"},
				"down": {"uv": [1, 1, 2.25, 3.75], "texture": "#5"}
			}
		},
		{
			"from": [9, 12.25, 15.75],
			"to": [9.25, 12.75, 16],
			"faces": {
				"north": {"uv": [9, 6, 10.25, 8.75], "texture": "#5"},
				"east": {"uv": [9, 6, 10.25, 8.75], "texture": "#5"},
				"south": {"uv": [9, 6, 10.25, 8.75], "texture": "#5"},
				"west": {"uv": [9, 6, 10.25, 8.75], "texture": "#5"},
				"up": {"uv": [9, 6, 10.25, 8.75], "texture": "#5"},
				"down": {"uv": [9, 6, 10.25, 8.75], "texture": "#5"}
			}
		},
		{
			"from": [9, 13.75, 15.75],
			"to": [9.25, 14.25, 16],
			"faces": {
				"north": {"uv": [2, 4, 3.25, 6.75], "texture": "#5"},
				"east": {"uv": [2, 4, 3.25, 6.75], "texture": "#5"},
				"south": {"uv": [2, 4, 3.25, 6.75], "texture": "#5"},
				"west": {"uv": [2, 4, 3.25, 6.75], "texture": "#5"},
				"up": {"uv": [2, 4, 3.25, 6.75], "texture": "#5"},
				"down": {"uv": [2, 4, 3.25, 6.75], "texture": "#5"}
			}
		},
		{
			"from": [8.75, 13, 15.75],
			"to": [9, 13.5, 16],
			"faces": {
				"north": {"uv": [9, 6, 10.25, 8.75], "texture": "#5"},
				"east": {"uv": [9, 6, 10.25, 8.75], "texture": "#5"},
				"south": {"uv": [9, 6, 10.25, 8.75], "texture": "#5"},
				"west": {"uv": [9, 6, 10.25, 8.75], "texture": "#5"},
				"up": {"uv": [9, 6, 10.25, 8.75], "texture": "#5"},
				"down": {"uv": [9, 6, 10.25, 8.75], "texture": "#5"}
			}
		},
		{
			"from": [7, 13, 15.75],
			"to": [7.25, 13.5, 16],
			"faces": {
				"north": {"uv": [9, 6, 10.25, 8.75], "texture": "#5"},
				"east": {"uv": [9, 6, 10.25, 8.75], "texture": "#5"},
				"south": {"uv": [9, 6, 10.25, 8.75], "texture": "#5"},
				"west": {"uv": [9, 6, 10.25, 8.75], "texture": "#5"},
				"up": {"uv": [9, 6, 10.25, 8.75], "texture": "#5"},
				"down": {"uv": [9, 6, 10.25, 8.75], "texture": "#5"}
			}
		},
		{
			"from": [7.75, 13, 13.75],
			"to": [8.25, 13.5, 15.75],
			"rotation": {"angle": -22.5, "axis": "z", "origin": [8, 13.25, 14.75]},
			"faces": {
				"north": {"uv": [11.5, 1, 15.75, 15.75], "texture": "#0"},
				"east": {"uv": [1, 0.5, 13.75, 15.75], "texture": "#0"},
				"south": {"uv": [2, 1, 5.25, 15.75], "texture": "#0"},
				"west": {"uv": [2, 1, 15.25, 16.25], "texture": "#0"},
				"up": {"uv": [2, 1, 5.25, 15.75], "texture": "#0"},
				"down": {"uv": [2, 1, 5.25, 15.75], "texture": "#0"}
			}
		},
		{
			"from": [6.5, 13.5, 13.75],
			"to": [9.5, 13.75, 14.25],
			"rotation": {"angle": -22.5, "axis": "z", "origin": [8, 13.25, 14.75]},
			"faces": {
				"north": {"uv": [0, 12.5, 15.75, 14.75], "texture": "#0"},
				"east": {"uv": [0, 4, 15.75, 6.25], "texture": "#0"},
				"south": {"uv": [0, 4, 15.75, 6.25], "texture": "#0"},
				"west": {"uv": [0, 4, 15.75, 6.25], "texture": "#0"},
				"up": {"uv": [0, 4, 15.75, 6.25], "texture": "#0"},
				"down": {"uv": [0, 4, 15.75, 6.25], "texture": "#0"}
			}
		},
		{
			"from": [6.5, 12.75, 13.75],
			"to": [9.5, 13, 14.25],
			"rotation": {"angle": -22.5, "axis": "z", "origin": [8, 13.25, 14.75]},
			"faces": {
				"north": {"uv": [0, 13.5, 15.75, 15.75], "texture": "#0"},
				"east": {"uv": [0, 4, 15.75, 6.25], "texture": "#0"},
				"south": {"uv": [0, 4, 15.75, 6.25], "texture": "#0"},
				"west": {"uv": [0, 4, 15.75, 6.25], "texture": "#0"},
				"up": {"uv": [0, 4, 15.75, 6.25], "texture": "#0"},
				"down": {"uv": [0, 4, 15.75, 6.25], "texture": "#0"}
			}
		},
		{
			"from": [8.25, 13, 13.75],
			"to": [12.25, 13.5, 14.25],
			"rotation": {"angle": -22.5, "axis": "z", "origin": [8, 13.25, 14.75]},
			"faces": {
				"north": {"uv": [0, 7.5, 15.75, 12.75], "texture": "#0"},
				"east": {"uv": [0, 4, 15.75, 6.25], "texture": "#0"},
				"south": {"uv": [0, 4, 15.75, 6.25], "texture": "#0"},
				"west": {"uv": [0, 4, 15.75, 6.25], "texture": "#0"},
				"up": {"uv": [0, 4, 15.75, 6.25], "texture": "#0"},
				"down": {"uv": [0, 4, 15.75, 6.25], "texture": "#0"}
			}
		},
		{
			"from": [4.25, 13, 13.75],
			"to": [7.75, 13.5, 14.25],
			"rotation": {"angle": -22.5, "axis": "z", "origin": [8, 13.25, 14.75]},
			"faces": {
				"north": {"uv": [0, 8.5, 15.75, 12.75], "texture": "#0"},
				"east": {"uv": [0, 4, 15.75, 6.25], "texture": "#0"},
				"south": {"uv": [0, 4, 15.75, 6.25], "texture": "#0"},
				"west": {"uv": [0, 4, 15.75, 6.25], "texture": "#0"},
				"up": {"uv": [0, 4, 15.75, 6.25], "texture": "#0"},
				"down": {"uv": [0, 4, 15.75, 6.25], "texture": "#0"}
			}
		},
		{
			"from": [12.25, 13, 14],
			"to": [12.5, 13.5, 14.25],
			"rotation": {"angle": -22.5, "axis": "z", "origin": [8, 13.25, 14.75]},
			"faces": {
				"north": {"uv": [2.5, 9.5, 5.75, 15.75], "texture": "#0"},
				"east": {"uv": [2.5, 9.5, 5.75, 15.75], "texture": "#0"},
				"south": {"uv": [2.5, 9.5, 5.75, 15.75], "texture": "#0"},
				"west": {"uv": [2.5, 9.5, 5.75, 15.75], "texture": "#0"},
				"up": {"uv": [2.5, 9.5, 5.75, 15.75], "texture": "#0"},
				"down": {"uv": [2.5, 9.5, 5.75, 15.75], "texture": "#0"}
			}
		},
		{
			"from": [11.25, 12.5, 13.75],
			"to": [11.5, 13, 14],
			"rotation": {"angle": -22.5, "axis": "z", "origin": [8, 13.25, 14.75]},
			"faces": {
				"north": {"uv": [2, 1, 5.25, 15.75], "texture": "#0"},
				"east": {"uv": [1, 0.5, 13.75, 15.75], "texture": "#0"},
				"south": {"uv": [2, 1, 5.25, 15.75], "texture": "#0"},
				"west": {"uv": [2, 1, 15.25, 16.25], "texture": "#0"},
				"up": {"uv": [2, 1, 5.25, 15.75], "texture": "#0"},
				"down": {"uv": [2, 1, 5.25, 15.75], "texture": "#0"}
			}
		},
		{
			"from": [11.75, 12.5, 13.75],
			"to": [12, 13, 14],
			"rotation": {"angle": -22.5, "axis": "z", "origin": [8, 13.25, 14.75]},
			"faces": {
				"north": {"uv": [2, 1, 5.25, 15.75], "texture": "#0"},
				"east": {"uv": [1, 0.5, 13.75, 15.75], "texture": "#0"},
				"south": {"uv": [2, 1, 5.25, 15.75], "texture": "#0"},
				"west": {"uv": [2, 1, 15.25, 16.25], "texture": "#0"},
				"up": {"uv": [2, 1, 5.25, 15.75], "texture": "#0"},
				"down": {"uv": [2, 1, 5.25, 15.75], "texture": "#0"}
			}
		},
		{
			"from": [11.25, 12.25, 13.75],
			"to": [12, 12.5, 14],
			"rotation": {"angle": -22.5, "axis": "z", "origin": [8, 13.25, 14.75]},
			"faces": {
				"north": {"uv": [5.5, 11.5, 8.75, 15.75], "texture": "#0"},
				"east": {"uv": [5.5, 11.5, 8.75, 15.75], "texture": "#0"},
				"south": {"uv": [5.5, 11.5, 8.75, 15.75], "texture": "#0"},
				"west": {"uv": [5.5, 11.5, 8.75, 15.75], "texture": "#0"},
				"up": {"uv": [5.5, 11.5, 8.75, 15.75], "texture": "#0"},
				"down": {"uv": [5.5, 11.5, 8.75, 15.75], "texture": "#0"}
			}
		},
		{
			"from": [4, 12.25, 13.75],
			"to": [4.25, 13, 14],
			"rotation": {"angle": -22.5, "axis": "z", "origin": [8, 13.25, 14.75]},
			"faces": {
				"north": {"uv": [2, 1, 5.25, 15.75], "texture": "#0"},
				"east": {"uv": [1, 0.5, 13.75, 15.75], "texture": "#0"},
				"south": {"uv": [2, 1, 5.25, 15.75], "texture": "#0"},
				"west": {"uv": [2, 1, 15.25, 16.25], "texture": "#0"},
				"up": {"uv": [2, 1, 5.25, 15.75], "texture": "#0"},
				"down": {"uv": [2, 1, 5.25, 15.75], "texture": "#0"}
			}
		},
		{
			"from": [3.25, 13, 13.75],
			"to": [4.25, 13.25, 14],
			"rotation": {"angle": -22.5, "axis": "z", "origin": [8, 13.25, 14.75]},
			"faces": {
				"north": {"uv": [4.5, 2.5, 7.75, 4.75], "texture": "#0"},
				"east": {"uv": [4.5, 2.5, 7.75, 4.75], "texture": "#0"},
				"south": {"uv": [4.5, 2.5, 7.75, 4.75], "texture": "#0"},
				"west": {"uv": [4.5, 2.5, 7.75, 4.75], "texture": "#0"},
				"up": {"uv": [4.5, 2.5, 7.75, 4.75], "texture": "#0"},
				"down": {"uv": [4.5, 2.5, 7.75, 4.75], "texture": "#0"}
			}
		},
		{
			"from": [3.25, 12.25, 13.75],
			"to": [3.5, 13, 14],
			"rotation": {"angle": -22.5, "axis": "z", "origin": [8, 13.25, 14.75]},
			"faces": {
				"north": {"uv": [2, 1, 5.25, 15.75], "texture": "#0"},
				"east": {"uv": [1, 0.5, 13.75, 15.75], "texture": "#0"},
				"south": {"uv": [2, 1, 5.25, 15.75], "texture": "#0"},
				"west": {"uv": [2, 1, 15.25, 16.25], "texture": "#0"},
				"up": {"uv": [2, 1, 5.25, 15.75], "texture": "#0"},
				"down": {"uv": [2, 1, 5.25, 15.75], "texture": "#0"}
			}
		},
		{
			"from": [3.25, 13.25, 13.75],
			"to": [4.25, 13.5, 14.25],
			"rotation": {"angle": -22.5, "axis": "z", "origin": [8, 13.25, 14.75]},
			"faces": {
				"north": {"uv": [5, 4.5, 12.75, 7.25], "texture": "#0"},
				"east": {"uv": [5, 4.5, 12.75, 7.25], "texture": "#0"},
				"south": {"uv": [5, 4.5, 12.75, 7.25], "texture": "#0"},
				"west": {"uv": [5, 4.5, 12.75, 7.25], "texture": "#0"},
				"up": {"uv": [5, 4.5, 12.75, 7.25], "texture": "#0"},
				"down": {"uv": [5, 4.5, 12.75, 7.25], "texture": "#0"}
			}
		},
		{
			"from": [3.5, 12, 13.75],
			"to": [4.25, 12.25, 14],
			"rotation": {"angle": -22.5, "axis": "z", "origin": [8, 13.25, 14.75]},
			"faces": {
				"north": {"uv": [2, 5, 8.75, 6.75], "texture": "#0"},
				"east": {"uv": [2, 5, 8.75, 6.75], "texture": "#0"},
				"south": {"uv": [2, 5, 8.75, 6.75], "texture": "#0"},
				"west": {"uv": [2, 5, 8.75, 6.75], "texture": "#0"},
				"up": {"uv": [2, 5, 8.75, 6.75], "texture": "#0"},
				"down": {"uv": [2, 5, 8.75, 6.75], "texture": "#0"}
			}
		},
		{
			"from": [3.75, 13.25, 14],
			"to": [4, 14, 14.25],
			"faces": {
				"north": {"uv": [2, 1, 5.25, 15.75], "texture": "#0"},
				"east": {"uv": [1, 0.5, 13.75, 15.75], "texture": "#0"},
				"south": {"uv": [2, 1, 5.25, 15.75], "texture": "#0"},
				"west": {"uv": [2, 1, 15.25, 16.25], "texture": "#0"},
				"up": {"uv": [2, 1, 5.25, 15.75], "texture": "#0"},
				"down": {"uv": [2, 1, 5.25, 15.75], "texture": "#0"}
			}
		},
		{
			"from": [3.75, 13, 13.75],
			"to": [4, 13.25, 14.25],
			"faces": {
				"north": {"uv": [2, 1, 5.25, 15.75], "texture": "#0"},
				"east": {"uv": [1, 0.5, 13.75, 15.75], "texture": "#0"},
				"south": {"uv": [2, 1, 5.25, 15.75], "texture": "#0"},
				"west": {"uv": [2, 1, 15.25, 16.25], "texture": "#0"},
				"up": {"uv": [2, 1, 5.25, 15.75], "texture": "#0"},
				"down": {"uv": [2, 1, 5.25, 15.75], "texture": "#0"}
			}
		},
		{
			"from": [3.75, 13.25, 13.5],
			"to": [4, 14, 13.75],
			"faces": {
				"north": {"uv": [2, 1, 5.25, 15.75], "texture": "#0"},
				"east": {"uv": [1, 0.5, 13.75, 15.75], "texture": "#0"},
				"south": {"uv": [2, 1, 5.25, 15.75], "texture": "#0"},
				"west": {"uv": [2, 1, 15.25, 16.25], "texture": "#0"},
				"up": {"uv": [2, 1, 5.25, 15.75], "texture": "#0"},
				"down": {"uv": [2, 1, 5.25, 15.75], "texture": "#0"}
			}
		},
		{
			"from": [3.75, 14, 13.5],
			"to": [4, 14.25, 14],
			"faces": {
				"north": {"uv": [2, 1, 5.25, 15.75], "texture": "#0"},
				"east": {"uv": [1, 0.5, 13.75, 15.75], "texture": "#0"},
				"south": {"uv": [2, 1, 5.25, 15.75], "texture": "#0"},
				"west": {"uv": [2, 1, 15.25, 16.25], "texture": "#0"},
				"up": {"uv": [2, 1, 5.25, 15.75], "texture": "#0"},
				"down": {"uv": [2, 1, 5.25, 15.75], "texture": "#0"}
			}
		},
		{
			"from": [3.75, 13.25, 13.75],
			"to": [4.25, 13.5, 14],
			"faces": {
				"north": {"uv": [2, 1, 5.25, 15.75], "texture": "#0"},
				"east": {"uv": [1, 0.5, 13.75, 15.75], "texture": "#0"},
				"south": {"uv": [2, 1, 5.25, 15.75], "texture": "#0"},
				"west": {"uv": [2, 1, 15.25, 16.25], "texture": "#0"},
				"up": {"uv": [2, 1, 5.25, 15.75], "texture": "#0"},
				"down": {"uv": [2, 1, 5.25, 15.75], "texture": "#0"}
			}
		},
		{
			"from": [3.75, 12.5, 13.5],
			"to": [4, 12.75, 14],
			"faces": {
				"north": {"uv": [2, 1, 5.25, 15.75], "texture": "#0"},
				"east": {"uv": [1, 0.5, 13.75, 15.75], "texture": "#0"},
				"south": {"uv": [2, 1, 5.25, 15.75], "texture": "#0"},
				"west": {"uv": [2, 1, 15.25, 16.25], "texture": "#0"},
				"up": {"uv": [2, 1, 5.25, 15.75], "texture": "#0"},
				"down": {"uv": [2, 1, 5.25, 15.75], "texture": "#0"}
			}
		},
		{
			"from": [3.75, 11.75, 13.5],
			"to": [4, 12.5, 13.75],
			"faces": {
				"north": {"uv": [2, 1, 5.25, 15.75], "texture": "#0"},
				"east": {"uv": [1, 0.5, 13.75, 15.75], "texture": "#0"},
				"south": {"uv": [2, 1, 5.25, 15.75], "texture": "#0"},
				"west": {"uv": [2, 1, 15.25, 16.25], "texture": "#0"},
				"up": {"uv": [2, 1, 5.25, 15.75], "texture": "#0"},
				"down": {"uv": [2, 1, 5.25, 15.75], "texture": "#0"}
			}
		},
		{
			"from": [3.75, 11.75, 14],
			"to": [4, 12.5, 14.25],
			"faces": {
				"north": {"uv": [2, 1, 5.25, 15.75], "texture": "#0"},
				"east": {"uv": [1, 0.5, 13.75, 15.75], "texture": "#0"},
				"south": {"uv": [2, 1, 5.25, 15.75], "texture": "#0"},
				"west": {"uv": [2, 1, 15.25, 16.25], "texture": "#0"},
				"up": {"uv": [2, 1, 5.25, 15.75], "texture": "#0"},
				"down": {"uv": [2, 1, 5.25, 15.75], "texture": "#0"}
			}
		},
		{
			"from": [3.75, 11.5, 13.75],
			"to": [4, 11.75, 14.25],
			"faces": {
				"north": {"uv": [2, 1, 5.25, 15.75], "texture": "#0"},
				"east": {"uv": [1, 0.5, 13.75, 15.75], "texture": "#0"},
				"south": {"uv": [2, 1, 5.25, 15.75], "texture": "#0"},
				"west": {"uv": [2, 1, 15.25, 16.25], "texture": "#0"},
				"up": {"uv": [2, 1, 5.25, 15.75], "texture": "#0"},
				"down": {"uv": [2, 1, 5.25, 15.75], "texture": "#0"}
			}
		},
		{
			"from": [3.5, 12.5, 13.75],
			"to": [3.75, 13.25, 14],
			"faces": {
				"north": {"uv": [2, 1, 5.25, 15.75], "texture": "#0"},
				"east": {"uv": [1, 0.5, 13.75, 15.75], "texture": "#0"},
				"south": {"uv": [2, 1, 5.25, 15.75], "texture": "#0"},
				"west": {"uv": [2, 1, 15.25, 16.25], "texture": "#0"},
				"up": {"uv": [2, 1, 5.25, 15.75], "texture": "#0"},
				"down": {"uv": [2, 1, 5.25, 15.75], "texture": "#0"}
			}
		},
		{
			"from": [4, 12.5, 13.75],
			"to": [4.25, 13.25, 14],
			"faces": {
				"north": {"uv": [2, 1, 5.25, 15.75], "texture": "#0"},
				"east": {"uv": [1, 0.5, 13.75, 15.75], "texture": "#0"},
				"south": {"uv": [2, 1, 5.25, 15.75], "texture": "#0"},
				"west": {"uv": [2, 1, 15.25, 16.25], "texture": "#0"},
				"up": {"uv": [2, 1, 5.25, 15.75], "texture": "#0"},
				"down": {"uv": [2, 1, 5.25, 15.75], "texture": "#0"}
			}
		},
		{
			"from": [3.5, 12.25, 13.75],
			"to": [4, 12.5, 14],
			"faces": {
				"north": {"uv": [2, 1, 5.25, 15.75], "texture": "#0"},
				"east": {"uv": [1, 0.5, 13.75, 15.75], "texture": "#0"},
				"south": {"uv": [2, 1, 5.25, 15.75], "texture": "#0"},
				"west": {"uv": [2, 1, 15.25, 16.25], "texture": "#0"},
				"up": {"uv": [2, 1, 5.25, 15.75], "texture": "#0"},
				"down": {"uv": [2, 1, 5.25, 15.75], "texture": "#0"}
			}
		},
		{
			"from": [3.75, 11, 13.75],
			"to": [4, 11.25, 14.25],
			"faces": {
				"north": {"uv": [2, 1, 5.25, 15.75], "texture": "#0"},
				"east": {"uv": [1, 0.5, 13.75, 15.75], "texture": "#0"},
				"south": {"uv": [2, 1, 5.25, 15.75], "texture": "#0"},
				"west": {"uv": [2, 1, 15.25, 16.25], "texture": "#0"},
				"up": {"uv": [2, 1, 5.25, 15.75], "texture": "#0"},
				"down": {"uv": [2, 1, 5.25, 15.75], "texture": "#0"}
			}
		},
		{
			"from": [3.75, 10.5, 13.5],
			"to": [4, 11, 13.75],
			"faces": {
				"north": {"uv": [2, 1, 5.25, 15.75], "texture": "#0"},
				"east": {"uv": [1, 0.5, 13.75, 15.75], "texture": "#0"},
				"south": {"uv": [2, 1, 5.25, 15.75], "texture": "#0"},
				"west": {"uv": [2, 1, 15.25, 16.25], "texture": "#0"},
				"up": {"uv": [2, 1, 5.25, 15.75], "texture": "#0"},
				"down": {"uv": [2, 1, 5.25, 15.75], "texture": "#0"}
			}
		},
		{
			"from": [3.75, 10.5, 14],
			"to": [4, 11, 14.25],
			"faces": {
				"north": {"uv": [2, 1, 5.25, 15.75], "texture": "#0"},
				"east": {"uv": [1, 0.5, 13.75, 15.75], "texture": "#0"},
				"south": {"uv": [2, 1, 5.25, 15.75], "texture": "#0"},
				"west": {"uv": [2, 1, 15.25, 16.25], "texture": "#0"},
				"up": {"uv": [2, 1, 5.25, 15.75], "texture": "#0"},
				"down": {"uv": [2, 1, 5.25, 15.75], "texture": "#0"}
			}
		},
		{
			"from": [3.5, 10.25, 13.5],
			"to": [4.25, 10.5, 14.25],
			"faces": {
				"north": {"uv": [6, 8.5, 9.25, 12.25], "texture": "#0"},
				"east": {"uv": [6, 8.5, 9.25, 12.25], "texture": "#0"},
				"south": {"uv": [7.5, 13, 13.75, 15.25], "texture": "#0"},
				"west": {"uv": [6, 8.5, 9.25, 12.25], "texture": "#0"},
				"up": {"uv": [6, 8.5, 9.25, 12.25], "texture": "#0"},
				"down": {"uv": [6, 8.5, 9.25, 12.25], "texture": "#0"}
			}
		},
		{
			"from": [4, 11, 13.75],
			"to": [4.25, 11.75, 14],
			"faces": {
				"north": {"uv": [2, 1, 5.25, 15.75], "texture": "#0"},
				"east": {"uv": [1, 0.5, 13.75, 15.75], "texture": "#0"},
				"south": {"uv": [2, 1, 5.25, 15.75], "texture": "#0"},
				"west": {"uv": [2, 1, 15.25, 16.25], "texture": "#0"},
				"up": {"uv": [2, 1, 5.25, 15.75], "texture": "#0"},
				"down": {"uv": [2, 1, 5.25, 15.75], "texture": "#0"}
			}
		},
		{
			"from": [3.5, 11, 13.75],
			"to": [3.75, 11.75, 14],
			"faces": {
				"north": {"uv": [2, 1, 5.25, 15.75], "texture": "#0"},
				"east": {"uv": [1, 0.5, 13.75, 15.75], "texture": "#0"},
				"south": {"uv": [2, 1, 5.25, 15.75], "texture": "#0"},
				"west": {"uv": [2, 1, 15.25, 16.25], "texture": "#0"},
				"up": {"uv": [2, 1, 5.25, 15.75], "texture": "#0"},
				"down": {"uv": [2, 1, 5.25, 15.75], "texture": "#0"}
			}
		},
		{
			"from": [3.5, 10.75, 13.75],
			"to": [4, 11, 14],
			"faces": {
				"north": {"uv": [2, 1, 5.25, 15.75], "texture": "#0"},
				"east": {"uv": [1, 0.5, 13.75, 15.75], "texture": "#0"},
				"south": {"uv": [2, 1, 5.25, 15.75], "texture": "#0"},
				"west": {"uv": [2, 1, 15.25, 16.25], "texture": "#0"},
				"up": {"uv": [2, 1, 5.25, 15.75], "texture": "#0"},
				"down": {"uv": [2, 1, 5.25, 15.75], "texture": "#0"}
			}
		},
		{
			"from": [3.75, 11.75, 13.75],
			"to": [4.25, 12, 14],
			"faces": {
				"north": {"uv": [2, 1, 5.25, 15.75], "texture": "#0"},
				"east": {"uv": [1, 0.5, 13.75, 15.75], "texture": "#0"},
				"south": {"uv": [2, 1, 5.25, 15.75], "texture": "#0"},
				"west": {"uv": [2, 1, 15.25, 16.25], "texture": "#0"},
				"up": {"uv": [2, 1, 5.25, 15.75], "texture": "#0"},
				"down": {"uv": [2, 1, 5.25, 15.75], "texture": "#0"}
			}
		},
		{
			"from": [4, 10, 13.5],
			"to": [4.75, 10.25, 14.25],
			"faces": {
				"north": {"uv": [1.5, 10.5, 7.75, 12.75], "texture": "#0"},
				"east": {"uv": [6, 8.5, 9.25, 12.25], "texture": "#0"},
				"south": {"uv": [6.5, 6.5, 12.75, 8.75], "texture": "#0"},
				"west": {"uv": [6, 8.5, 9.25, 12.25], "texture": "#0"},
				"up": {"uv": [6.5, 10, 11.25, 12.75], "texture": "#0"},
				"down": {"uv": [6, 8.5, 9.25, 12.25], "texture": "#0"}
			}
		},
		{
			"from": [3, 10, 13.5],
			"to": [3.75, 10.25, 14.25],
			"faces": {
				"north": {"uv": [6.5, 6.5, 13.75, 8.25], "texture": "#0"},
				"east": {"uv": [6, 8.5, 9.25, 12.25], "texture": "#0"},
				"south": {"uv": [1.5, 13, 6.25, 15.25], "texture": "#0"},
				"west": {"uv": [6, 8.5, 9.25, 12.25], "texture": "#0"},
				"up": {"uv": [1, 0.5, 5.25, 3.25], "texture": "#0"},
				"down": {"uv": [6, 8.5, 9.25, 12.25], "texture": "#0"}
			}
		},
		{
			"from": [4.25, 9.75, 13.5],
			"to": [5.25, 10, 14.25],
			"faces": {
				"north": {"uv": [6, 8.5, 12.75, 10.75], "texture": "#0"},
				"east": {"uv": [6, 8.5, 9.25, 12.25], "texture": "#0"},
				"south": {"uv": [1.5, 1, 8.75, 3.25], "texture": "#0"},
				"west": {"uv": [6, 8.5, 9.25, 12.25], "texture": "#0"},
				"up": {"uv": [11.5, 2, 15.75, 4.75], "texture": "#0"},
				"down": {"uv": [6, 8.5, 9.25, 12.25], "texture": "#0"}
			}
		},
		{
			"from": [2.5, 9.75, 13.5],
			"to": [3.5, 10, 14.25],
			"faces": {
				"north": {"uv": [0.5, 9.5, 6.25, 11.25], "texture": "#0"},
				"east": {"uv": [6, 8.5, 9.25, 12.25], "texture": "#0"},
				"south": {"uv": [6.5, 4.5, 12.25, 6.25], "texture": "#0"},
				"west": {"uv": [6, 8.5, 9.25, 12.25], "texture": "#0"},
				"up": {"uv": [6, 6, 10.75, 8.75], "texture": "#0"},
				"down": {"uv": [6, 8.5, 9.25, 12.25], "texture": "#0"}
			}
		},
		{
			"from": [2.5, 8.75, 13.5],
			"to": [3, 9.75, 14.25],
			"faces": {
				"north": {"uv": [2.5, 6, 5.75, 13.75], "texture": "#0"},
				"east": {"uv": [2.5, 6, 5.75, 13.75], "texture": "#0"},
				"south": {"uv": [9, 2, 12.25, 7.25], "texture": "#0"},
				"west": {"uv": [2.5, 6, 5.75, 13.75], "texture": "#0"},
				"up": {"uv": [2.5, 6, 5.75, 13.75], "texture": "#0"},
				"down": {"uv": [2.5, 6, 5.75, 13.75], "texture": "#0"}
			}
		},
		{
			"from": [4.75, 8.75, 13.5],
			"to": [5.25, 9.75, 14.25],
			"faces": {
				"north": {"uv": [6, 5, 9.25, 12.25], "texture": "#0"},
				"east": {"uv": [6, 5, 9.25, 12.25], "texture": "#0"},
				"south": {"uv": [0, 10, 3.25, 15.25], "texture": "#0"},
				"west": {"uv": [6, 5, 9.25, 12.25], "texture": "#0"},
				"up": {"uv": [6, 5, 9.25, 12.25], "texture": "#0"},
				"down": {"uv": [6, 5, 9.25, 12.25], "texture": "#0"}
			}
		},
		{
			"from": [4.5, 8.5, 13.5],
			"to": [5, 8.75, 14.25],
			"faces": {
				"north": {"uv": [10, 9.5, 13.25, 10.75], "texture": "#0"},
				"east": {"uv": [6, 8.5, 9.25, 12.25], "texture": "#0"},
				"south": {"uv": [6, 8.5, 9.25, 12.25], "texture": "#0"},
				"west": {"uv": [6, 8.5, 9.25, 12.25], "texture": "#0"},
				"up": {"uv": [6, 8.5, 9.25, 12.25], "texture": "#0"},
				"down": {"uv": [6, 8.5, 9.25, 12.25], "texture": "#0"}
			}
		},
		{
			"from": [2.75, 8.5, 13.5],
			"to": [3.25, 8.75, 14.25],
			"faces": {
				"north": {"uv": [8, 11.5, 11.25, 12.75], "texture": "#0"},
				"east": {"uv": [6, 8.5, 9.25, 12.25], "texture": "#0"},
				"south": {"uv": [6, 8.5, 9.25, 12.25], "texture": "#0"},
				"west": {"uv": [6, 8.5, 9.25, 12.25], "texture": "#0"},
				"up": {"uv": [6, 8.5, 9.25, 12.25], "texture": "#0"},
				"down": {"uv": [6, 8.5, 9.25, 12.25], "texture": "#0"}
			}
		},
		{
			"from": [3, 8.25, 13.5],
			"to": [4.75, 8.5, 14.25],
			"faces": {
				"north": {"uv": [0, 11, 2.75, 14.25], "texture": "#0"},
				"east": {"uv": [6, 8.5, 9.25, 12.25], "texture": "#0"},
				"south": {"uv": [3.5, 8.5, 12.25, 10.75], "texture": "#0"},
				"west": {"uv": [6, 8.5, 9.25, 12.25], "texture": "#0"},
				"up": {"uv": [4, 8.5, 14.25, 11.25], "texture": "#0"},
				"down": {"uv": [6, 8.5, 9.25, 12.25], "texture": "#0"}
			}
		},
		{
			"from": [3.25, 8, 13.5],
			"to": [4.5, 8.25, 14.25],
			"faces": {
				"north": {"uv": [8, 7, 11.25, 8.75], "texture": "#0"},
				"east": {"uv": [6, 8.5, 9.25, 12.25], "texture": "#0"},
				"south": {"uv": [5, 2.5, 13.75, 4.25], "texture": "#0"},
				"west": {"uv": [6, 8.5, 9.25, 12.25], "texture": "#0"},
				"up": {"uv": [6, 8.5, 9.25, 12.25], "texture": "#0"},
				"down": {"uv": [6, 8.5, 9.25, 12.25], "texture": "#0"}
			}
		},
		{
			"from": [10.75, 9.75, 13.75],
			"to": [11, 10.5, 14],
			"faces": {
				"north": {"uv": [2, 1, 5.25, 15.75], "texture": "#0"},
				"east": {"uv": [1, 0.5, 13.75, 15.75], "texture": "#0"},
				"south": {"uv": [2, 1, 5.25, 15.75], "texture": "#0"},
				"west": {"uv": [2, 1, 15.25, 16.25], "texture": "#0"},
				"up": {"uv": [2, 1, 5.25, 15.75], "texture": "#0"},
				"down": {"uv": [2, 1, 5.25, 15.75], "texture": "#0"}
			}
		},
		{
			"from": [11.25, 9.75, 13.75],
			"to": [11.5, 10.5, 14],
			"faces": {
				"north": {"uv": [2, 1, 5.25, 15.75], "texture": "#0"},
				"east": {"uv": [1, 0.5, 13.75, 15.75], "texture": "#0"},
				"south": {"uv": [2, 1, 5.25, 15.75], "texture": "#0"},
				"west": {"uv": [2, 1, 15.25, 16.25], "texture": "#0"},
				"up": {"uv": [2, 1, 5.25, 15.75], "texture": "#0"},
				"down": {"uv": [2, 1, 5.25, 15.75], "texture": "#0"}
			}
		},
		{
			"from": [11, 9.25, 13.5],
			"to": [11.25, 9.75, 13.75],
			"faces": {
				"north": {"uv": [2, 1, 5.25, 15.75], "texture": "#0"},
				"east": {"uv": [1, 0.5, 13.75, 15.75], "texture": "#0"},
				"south": {"uv": [2, 1, 5.25, 15.75], "texture": "#0"},
				"west": {"uv": [2, 1, 15.25, 16.25], "texture": "#0"},
				"up": {"uv": [2, 1, 5.25, 15.75], "texture": "#0"},
				"down": {"uv": [2, 1, 5.25, 15.75], "texture": "#0"}
			}
		},
		{
			"from": [11, 9, 14],
			"to": [11.25, 9.75, 14.25],
			"faces": {
				"north": {"uv": [2, 1, 5.25, 15.75], "texture": "#0"},
				"east": {"uv": [1, 0.5, 7.25, 15.75], "texture": "#0"},
				"south": {"uv": [2, 1, 5.25, 15.75], "texture": "#0"},
				"west": {"uv": [2, 1, 15.25, 16.25], "texture": "#0"},
				"up": {"uv": [2, 1, 5.25, 15.75], "texture": "#0"},
				"down": {"uv": [2, 1, 5.25, 15.75], "texture": "#0"}
			}
		},
		{
			"from": [11, 9.75, 13.5],
			"to": [11.25, 10, 14],
			"faces": {
				"north": {"uv": [2, 1, 5.25, 15.75], "texture": "#0"},
				"east": {"uv": [1, 0.5, 13.75, 15.75], "texture": "#0"},
				"south": {"uv": [2, 1, 5.25, 15.75], "texture": "#0"},
				"west": {"uv": [2, 1, 15.25, 16.25], "texture": "#0"},
				"up": {"uv": [4, 4, 7.25, 15.75], "texture": "#0"},
				"down": {"uv": [2, 1, 5.25, 15.75], "texture": "#0"}
			}
		},
		{
			"from": [11, 10.5, 13.5],
			"to": [11.25, 11.25, 13.75],
			"faces": {
				"north": {"uv": [2, 1, 5.25, 15.75], "texture": "#0"},
				"east": {"uv": [1, 0.5, 13.75, 15.75], "texture": "#0"},
				"south": {"uv": [2, 1, 5.25, 15.75], "texture": "#0"},
				"west": {"uv": [2, 1, 15.25, 16.25], "texture": "#0"},
				"up": {"uv": [2, 1, 5.25, 15.75], "texture": "#0"},
				"down": {"uv": [2, 1, 5.25, 15.75], "texture": "#0"}
			}
		},
		{
			"from": [11, 10.5, 13.75],
			"to": [11.5, 10.75, 14],
			"faces": {
				"north": {"uv": [2, 1, 5.25, 15.75], "texture": "#0"},
				"east": {"uv": [1, 0.5, 13.75, 15.75], "texture": "#0"},
				"south": {"uv": [2, 1, 5.25, 15.75], "texture": "#0"},
				"west": {"uv": [2, 1, 15.25, 16.25], "texture": "#0"},
				"up": {"uv": [2, 1, 5.25, 15.75], "texture": "#0"},
				"down": {"uv": [2, 1, 5.25, 15.75], "texture": "#0"}
			}
		},
		{
			"from": [11, 10.25, 13.75],
			"to": [11.25, 10.5, 14.25],
			"faces": {
				"north": {"uv": [8, 0.5, 11.25, 15.25], "texture": "#0"},
				"east": {"uv": [8, 0.5, 11.25, 15.25], "texture": "#0"},
				"south": {"uv": [8, 0.5, 11.25, 15.25], "texture": "#0"},
				"west": {"uv": [8, 0.5, 11.25, 15.25], "texture": "#0"},
				"up": {"uv": [8, 0.5, 11.25, 15.25], "texture": "#0"},
				"down": {"uv": [8, 0.5, 11.25, 15.25], "texture": "#0"}
			}
		},
		{
			"from": [11, 10.5, 14],
			"to": [11.25, 11.25, 14.25],
			"faces": {
				"north": {"uv": [2, 1, 5.25, 15.75], "texture": "#0"},
				"east": {"uv": [1, 0.5, 8.75, 15.75], "texture": "#0"},
				"south": {"uv": [2, 1, 5.25, 15.75], "texture": "#0"},
				"west": {"uv": [2, 1, 15.25, 16.25], "texture": "#0"},
				"up": {"uv": [2, 1, 5.25, 15.75], "texture": "#0"},
				"down": {"uv": [2, 1, 5.25, 15.75], "texture": "#0"}
			}
		},
		{
			"from": [10.25, 8.5, 13],
			"to": [12, 8.75, 14.75],
			"faces": {
				"north": {"uv": [3, 8, 11.25, 9.75], "texture": "#0"},
				"east": {"uv": [3, 8, 11.25, 9.75], "texture": "#0"},
				"south": {"uv": [3, 8, 11.25, 9.75], "texture": "#0"},
				"west": {"uv": [3, 8, 11.25, 9.75], "texture": "#0"},
				"up": {"uv": [3, 8, 11.25, 9.75], "texture": "#0"},
				"down": {"uv": [3, 8, 11.25, 9.75], "texture": "#0"}
			}
		},
		{
			"from": [10.5, 8.75, 13.25],
			"to": [11.75, 9, 14.5],
			"faces": {
				"north": {"uv": [0, 10, 7.25, 14.25], "texture": "#0"},
				"east": {"uv": [0, 10, 7.25, 14.25], "texture": "#0"},
				"south": {"uv": [0, 10, 7.25, 14.25], "texture": "#0"},
				"west": {"uv": [0, 10, 7.25, 14.25], "texture": "#0"},
				"up": {"uv": [3.5, 6.5, 10.75, 10.75], "texture": "#0"},
				"down": {"uv": [0, 10, 7.25, 14.25], "texture": "#0"}
			}
		},
		{
			"from": [10.75, 9, 13.5],
			"to": [11.5, 9.25, 14.25],
			"faces": {
				"north": {"uv": [6, 8.5, 9.25, 12.25], "texture": "#0"},
				"east": {"uv": [6, 8.5, 9.25, 12.25], "texture": "#0"},
				"south": {"uv": [7.5, 13, 13.75, 15.25], "texture": "#0"},
				"west": {"uv": [6, 8.5, 9.25, 12.25], "texture": "#0"},
				"up": {"uv": [6, 8.5, 9.25, 12.25], "texture": "#0"},
				"down": {"uv": [6, 8.5, 9.25, 12.25], "texture": "#0"}
			}
		},
		{
			"from": [10.5, 8.25, 13.25],
			"to": [11.75, 8.5, 14.5],
			"faces": {
				"north": {"uv": [0, 10, 7.25, 14.25], "texture": "#0"},
				"east": {"uv": [0, 10, 7.25, 14.25], "texture": "#0"},
				"south": {"uv": [0, 10, 7.25, 14.25], "texture": "#0"},
				"west": {"uv": [0, 10, 7.25, 14.25], "texture": "#0"},
				"up": {"uv": [3.5, 6.5, 10.75, 10.75], "texture": "#0"},
				"down": {"uv": [0, 10, 7.25, 14.25], "texture": "#0"}
			}
		},
		{
			"from": [10.25, 8, 13],
			"to": [12, 8.25, 14.75],
			"faces": {
				"north": {"uv": [3, 8, 11.25, 9.75], "texture": "#0"},
				"east": {"uv": [3, 8, 11.25, 9.75], "texture": "#0"},
				"south": {"uv": [3, 8, 11.25, 9.75], "texture": "#0"},
				"west": {"uv": [3, 8, 11.25, 9.75], "texture": "#0"},
				"up": {"uv": [3, 8, 11.25, 9.75], "texture": "#0"},
				"down": {"uv": [3, 8, 11.25, 9.75], "texture": "#0"}
			}
		},
		{
			"from": [10.5, 7.75, 13.25],
			"to": [11.75, 8, 14.5],
			"faces": {
				"north": {"uv": [0, 10, 7.25, 14.25], "texture": "#0"},
				"east": {"uv": [0, 10, 7.25, 14.25], "texture": "#0"},
				"south": {"uv": [0, 10, 7.25, 14.25], "texture": "#0"},
				"west": {"uv": [0, 10, 7.25, 14.25], "texture": "#0"},
				"up": {"uv": [3.5, 6.5, 10.75, 10.75], "texture": "#0"},
				"down": {"uv": [0, 10, 7.25, 14.25], "texture": "#0"}
			}
		},
		{
			"from": [10.25, 7.5, 13],
			"to": [12, 7.75, 14.75],
			"faces": {
				"north": {"uv": [3, 8, 11.25, 9.75], "texture": "#0"},
				"east": {"uv": [3, 8, 11.25, 9.75], "texture": "#0"},
				"south": {"uv": [3, 8, 11.25, 9.75], "texture": "#0"},
				"west": {"uv": [3, 8, 11.25, 9.75], "texture": "#0"},
				"up": {"uv": [3, 8, 11.25, 9.75], "texture": "#0"},
				"down": {"uv": [3, 8, 11.25, 9.75], "texture": "#0"}
			}
		},
		{
			"from": [10.5, 7.25, 13.25],
			"to": [11.75, 7.5, 14.5],
			"faces": {
				"north": {"uv": [0, 10, 7.25, 14.25], "texture": "#0"},
				"east": {"uv": [0, 10, 7.25, 14.25], "texture": "#0"},
				"south": {"uv": [0, 10, 7.25, 14.25], "texture": "#0"},
				"west": {"uv": [0, 10, 7.25, 14.25], "texture": "#0"},
				"up": {"uv": [3.5, 6.5, 10.75, 10.75], "texture": "#0"},
				"down": {"uv": [0, 10, 7.25, 14.25], "texture": "#0"}
			}
		},
		{
			"from": [10.25, 7, 13],
			"to": [12, 7.25, 14.75],
			"faces": {
				"north": {"uv": [3, 8, 11.25, 9.75], "texture": "#0"},
				"east": {"uv": [3, 8, 11.25, 9.75], "texture": "#0"},
				"south": {"uv": [3, 8, 11.25, 9.75], "texture": "#0"},
				"west": {"uv": [3, 8, 11.25, 9.75], "texture": "#0"},
				"up": {"uv": [3, 8, 11.25, 9.75], "texture": "#0"},
				"down": {"uv": [3, 8, 11.25, 9.75], "texture": "#0"}
			}
		},
		{
			"from": [10.5, 6.75, 13.25],
			"to": [11.75, 7, 14.5],
			"faces": {
				"north": {"uv": [0, 10, 7.25, 14.25], "texture": "#0"},
				"east": {"uv": [0, 10, 7.25, 14.25], "texture": "#0"},
				"south": {"uv": [0, 10, 7.25, 14.25], "texture": "#0"},
				"west": {"uv": [0, 10, 7.25, 14.25], "texture": "#0"},
				"up": {"uv": [3.5, 6.5, 10.75, 10.75], "texture": "#0"},
				"down": {"uv": [0, 10, 7.25, 14.25], "texture": "#0"}
			}
		},
		{
			"from": [10.75, 6.5, 13.5],
			"to": [11.5, 6.75, 14.25],
			"faces": {
				"north": {"uv": [3, 8, 11.25, 9.75], "texture": "#0"},
				"east": {"uv": [3, 8, 11.25, 9.75], "texture": "#0"},
				"south": {"uv": [3, 8, 11.25, 9.75], "texture": "#0"},
				"west": {"uv": [3, 8, 11.25, 9.75], "texture": "#0"},
				"up": {"uv": [3, 8, 11.25, 9.75], "texture": "#0"},
				"down": {"uv": [3, 8, 11.25, 9.75], "texture": "#0"}
			}
		},
		{
			"from": [11, 11.25, 13.5],
			"to": [11.25, 11.5, 14],
			"faces": {
				"north": {"uv": [2, 1, 5.25, 15.75], "texture": "#0"},
				"east": {"uv": [1, 0.5, 13.75, 15.75], "texture": "#0"},
				"south": {"uv": [2, 1, 5.25, 15.75], "texture": "#0"},
				"west": {"uv": [2, 1, 15.25, 16.25], "texture": "#0"},
				"up": {"uv": [4, 4, 7.25, 15.75], "texture": "#0"},
				"down": {"uv": [2, 1, 5.25, 15.75], "texture": "#0"}
			}
		}
	],
	"display": {
		"thirdperson_righthand": {
			"rotation": [2, -89, -76],
			"translation": [6.75, -2.25, -5]
		},
		"firstperson_righthand": {
			"rotation": [15, 73, 0],
			"translation": [-1.75, -0.25, 0],
			"scale": [0.6, 0.6, 0.6]
		},
		"ground": {
			"translation": [0, -3, -4],
			"scale": [0.6, 0.6, 0.6]
		},
		"gui": {
			"rotation": [30, -135, 0],
			"translation": [5.5, -6.5, 0],
			"scale": [1.4, 1.4, 1.4]
		},
		"fixed": {
			"translation": [0, -3, -9.75],
			"scale": [1.2, 1.2, 1.2]
		}
	}
}