{
	"parent": "block/cube",
	"ambientocclusion": false,
	"textures": {
    "front": "rsgauges:blocks/common/darkmachinemetal",
    "parts": "rsgauges:blocks/common/darkroughmetal",
    "side": "rsgauges:blocks/common/darkgraymetal",
    "led": "rsgauges:blocks/indicator/indicator_fg_red_off_texture",
    "ui": "rsgauges:blocks/automaticswitch/automaticswitch_uis",
    "uibg": "rsgauges:blocks/automaticswitch/automaticswitch6_uibg",
    "wires": "rsgauges:blocks/indicator/indicator_fg_red_off_texture",
    "sensorsurface": "rsgauges:blocks/indicator/indicator_fg_green_off_texture",
		"particle": "rsgauges:blocks/common/darkgraymetal"
	},
	"elements": [
		{
			"from": [6, 6, 15.5],
			"to": [10, 10, 16],
			"faces": {
				"north": {"uv": [6, 6, 10, 10], "texture": "#side"},
				"east": {"uv": [0, 6, 0.5, 10], "texture": "#side"},
				"south": {"uv": [6, 6, 10, 10], "texture": "#side"},
				"west": {"uv": [15.5, 6, 16, 10], "texture": "#side"},
				"up": {"uv": [6, 15.5, 10, 16], "texture": "#side"},
				"down": {"uv": [6, 0, 10, 0.5], "texture": "#side"}
			}
		},
		{
			"from": [6.25, 6.25, 15],
			"to": [9.75, 9.75, 15.5],
			"faces": {
				"north": {"uv": [0, 0, 16, 16], "texture": "#uibg"},
				"east": {"uv": [0.5, 6, 1, 10], "texture": "#front"},
				"south": {"uv": [6, 6, 10, 10], "texture": "#front"},
				"west": {"uv": [15, 6, 15.5, 10], "texture": "#front"},
				"up": {"uv": [6, 15, 10, 15.5], "texture": "#front"},
				"down": {"uv": [6, 0.5, 10, 1], "texture": "#front"}
			}
		},
		{
			"from": [6.25, 6, 15],
			"to": [9.75, 6.25, 15.5],
			"faces": {
				"north": {"uv": [6.25, 9.75, 9.75, 10], "texture": "#front"},
				"east": {"uv": [0.5, 9.75, 1, 10], "texture": "#front"},
				"south": {"uv": [6.25, 9.75, 9.75, 10], "texture": "#front"},
				"west": {"uv": [15, 9.75, 15.5, 10], "texture": "#front"},
				"up": {"uv": [6.25, 15, 9.75, 15.5], "texture": "#front"},
				"down": {"uv": [6.25, 0.5, 9.75, 1], "texture": "#front"}
			}
		},
		{
			"from": [6.25, 9.75, 15],
			"to": [9.75, 10, 15.5],
			"faces": {
				"north": {"uv": [6.25, 6, 9.75, 6.25], "texture": "#front"},
				"east": {"uv": [0.5, 6, 1, 6.25], "texture": "#front"},
				"south": {"uv": [6.25, 6, 9.75, 6.25], "texture": "#front"},
				"west": {"uv": [15, 6, 15.5, 6.25], "texture": "#front"},
				"up": {"uv": [6.25, 15, 9.75, 15.5], "texture": "#front"},
				"down": {"uv": [6.25, 0.5, 9.75, 1], "texture": "#front"}
			}
		},
		{
			"from": [9.75, 6, 15],
			"to": [10, 10, 15.5],
			"faces": {
				"north": {"uv": [6, 6, 6.25, 10], "texture": "#front"},
				"east": {"uv": [0.5, 6, 1, 10], "texture": "#front"},
				"south": {"uv": [9.75, 6, 10, 10], "texture": "#front"},
				"west": {"uv": [15, 6, 15.5, 10], "texture": "#front"},
				"up": {"uv": [9.75, 15, 10, 15.5], "texture": "#front"},
				"down": {"uv": [9.75, 0.5, 10, 1], "texture": "#front"}
			}
		},
		{
			"from": [6, 6, 15],
			"to": [6.25, 10, 15.5],
			"faces": {
				"north": {"uv": [9.75, 6, 10, 10], "texture": "#front"},
				"east": {"uv": [0.5, 6, 1, 10], "texture": "#front"},
				"south": {"uv": [6, 6, 6.25, 10], "texture": "#front"},
				"west": {"uv": [15, 6, 15.5, 10], "texture": "#front"},
				"up": {"uv": [6, 15, 6.25, 15.5], "texture": "#front"},
				"down": {"uv": [6, 0.5, 6.25, 1], "texture": "#front"}
			}
		},
		{
			"from": [6, 10.25, 15.25],
			"to": [10, 10.5, 16],
			"faces": {
				"north": {"uv": [6, 5.5, 10, 5.75], "texture": "#side"},
				"east": {"uv": [0, 5.5, 0.75, 5.75], "texture": "#side"},
				"south": {"uv": [6, 5.5, 10, 5.75], "texture": "#side"},
				"west": {"uv": [15.25, 5.5, 16, 5.75], "texture": "#side"},
				"up": {"uv": [6, 15.25, 10, 16], "texture": "#side"},
				"down": {"uv": [6, 0, 10, 0.75], "texture": "#side"}
			}
		},
		{
			"from": [6, 5.5, 15.25],
			"to": [10, 5.75, 16],
			"faces": {
				"north": {"uv": [6, 10.25, 10, 10.5], "texture": "#side"},
				"east": {"uv": [0, 10.25, 0.75, 10.5], "texture": "#side"},
				"south": {"uv": [6, 10.25, 10, 10.5], "texture": "#side"},
				"west": {"uv": [15.25, 10.25, 16, 10.5], "texture": "#side"},
				"up": {"uv": [6, 15.25, 10, 16], "texture": "#side"},
				"down": {"uv": [6, 0, 10, 0.75], "texture": "#side"}
			}
		},
		{
			"from": [10, 6, 15.25],
			"to": [11.5, 10, 16],
			"faces": {
				"north": {"uv": [5.5, 6, 6, 10], "texture": "#side"},
				"east": {"uv": [0, 6, 0.75, 10], "texture": "#side"},
				"south": {"uv": [10, 6, 10.5, 10], "texture": "#side"},
				"west": {"uv": [15.25, 6, 16, 10], "texture": "#side"},
				"up": {"uv": [10, 15.25, 10.5, 16], "texture": "#side"},
				"down": {"uv": [10, 0, 10.5, 0.75], "texture": "#side"}
			}
		},
		{
			"from": [5.5, 6, 15.25],
			"to": [6, 10, 16],
			"faces": {
				"north": {"uv": [10, 6, 10.5, 10], "texture": "#side"},
				"east": {"uv": [0, 6, 0.75, 10], "texture": "#side"},
				"south": {"uv": [5.5, 6, 6, 10], "texture": "#side"},
				"west": {"uv": [15.25, 6, 16, 10], "texture": "#side"},
				"up": {"uv": [5.5, 15.25, 6, 16], "texture": "#side"},
				"down": {"uv": [5.5, 0, 6, 0.75], "texture": "#side"}
			}
		},
		{
			"from": [5.75, 10, 15.25],
			"to": [11.25, 10.25, 16],
			"faces": {
				"north": {"uv": [5.75, 5.75, 10.25, 6], "texture": "#side"},
				"east": {"uv": [0, 5.75, 0.75, 6], "texture": "#side"},
				"south": {"uv": [5.75, 5.75, 10.25, 6], "texture": "#side"},
				"west": {"uv": [15.25, 5.75, 16, 6], "texture": "#side"},
				"up": {"uv": [5.75, 15.25, 10.25, 16], "texture": "#side"},
				"down": {"uv": [5.75, 0, 10.25, 0.75], "texture": "#side"}
			}
		},
		{
			"from": [5.75, 5.75, 15.25],
			"to": [11.25, 6, 16],
			"faces": {
				"north": {"uv": [5.75, 10, 10.25, 10.25], "texture": "#side"},
				"east": {"uv": [0, 10, 0.75, 10.25], "texture": "#side"},
				"south": {"uv": [5.75, 10, 10.25, 10.25], "texture": "#side"},
				"west": {"uv": [15.25, 10, 16, 10.25], "texture": "#side"},
				"up": {"uv": [5.75, 15.25, 10.25, 16], "texture": "#side"},
				"down": {"uv": [5.75, 0, 10.25, 0.75], "texture": "#side"}
			}
		},
		{
			"from": [6.5, 9, 14.75],
			"to": [7, 9.5, 15],
			"faces": {
				"north": {"uv": [9, 5, 12, 7.25], "texture": "#ui"},
				"east": {"uv": [9, 11, 12, 13.75], "texture": "#ui"},
				"south": {"uv": [9, 11, 12, 13.75], "texture": "#ui"},
				"west": {"uv": [9, 11, 12, 13.75], "texture": "#ui"},
				"up": {"uv": [9, 11, 12, 13.75], "texture": "#ui"},
				"down": {"uv": [9, 11, 12, 13.75], "texture": "#ui"}
			}
		},
		{
			"from": [6.5, 6.5, 14.75],
			"to": [7, 7, 15],
			"faces": {
				"north": {"uv": [9, 8, 12, 10.25], "texture": "#ui"},
				"east": {"uv": [9, 11, 12, 13.75], "texture": "#ui"},
				"south": {"uv": [9, 11, 12, 13.75], "texture": "#ui"},
				"west": {"uv": [9, 11, 12, 13.75], "texture": "#ui"},
				"up": {"uv": [9, 11, 12, 13.75], "texture": "#ui"},
				"down": {"uv": [9, 11, 12, 13.75], "texture": "#ui"}
			}
		},
		{
			"from": [9.25, 5.75, 15],
			"to": [9.5, 6, 15.25],
			"faces": {
				"north": {"uv": [0, 0, 3.5, 0.5], "texture": "#led"},
				"east": {"uv": [0, 0, 0.75, 0.5], "texture": "#led"},
				"south": {"uv": [0, 0, 3.5, 0.5], "texture": "#led"},
				"west": {"uv": [0, 0, 0.75, 0.5], "texture": "#led"},
				"up": {"uv": [0, 0, 3.5, 0.75], "texture": "#led"},
				"down": {"uv": [0, 0, 3.5, 0.75], "texture": "#led"}
			}
		},
		{
			"from": [11.5, 6.25, 15.25],
			"to": [11.75, 9.75, 16],
			"faces": {
				"north": {"uv": [5.5, 6, 6, 10], "texture": "#side"},
				"east": {"uv": [0, 6, 0.75, 10], "texture": "#side"},
				"south": {"uv": [10, 6, 10.5, 10], "texture": "#side"},
				"west": {"uv": [15.25, 6, 16, 10], "texture": "#side"},
				"up": {"uv": [10, 15.25, 10.5, 16], "texture": "#side"},
				"down": {"uv": [10, 0, 10.5, 0.75], "texture": "#side"}
			}
		},
		{
			"from": [10, 6, 15],
			"to": [11.5, 10, 15.25],
			"faces": {
				"north": {"uv": [5.5, 6, 6, 10], "texture": "#side"},
				"east": {"uv": [0, 6, 0.75, 10], "texture": "#side"},
				"south": {"uv": [10, 6, 10.5, 10], "texture": "#side"},
				"west": {"uv": [15.25, 6, 16, 10], "texture": "#side"},
				"up": {"uv": [10, 15.25, 10.5, 16], "texture": "#side"},
				"down": {"uv": [10, 0, 10.5, 0.75], "texture": "#side"}
			}
		},
		{
			"from": [3.75, 12.5, 15.5],
			"to": [11, 12.75, 15.75],
			"faces": {
				"north": {"uv": [5, 8.75, 5.25, 9], "texture": "#wires"},
				"east": {"uv": [1.5, 8.75, 2.25, 9], "texture": "#wires"},
				"south": {"uv": [10.75, 8.75, 11, 9], "texture": "#wires"},
				"west": {"uv": [13.75, 8.75, 14.5, 9], "texture": "#wires"},
				"up": {"uv": [10.75, 13.75, 11, 14.5], "texture": "#wires"},
				"down": {"uv": [10.75, 1.5, 11, 2.25], "texture": "#wires"}
			}
		},
		{
			"from": [10.75, 7, 14.25],
			"to": [11, 7.25, 15],
			"faces": {
				"north": {"uv": [4.25, 8.75, 4.5, 9], "texture": "#wires"},
				"east": {"uv": [1.5, 8.75, 2.25, 9], "texture": "#wires"},
				"south": {"uv": [11.5, 8.75, 11.75, 9], "texture": "#wires"},
				"west": {"uv": [13.75, 8.75, 14.5, 9], "texture": "#wires"},
				"up": {"uv": [11.5, 13.75, 11.75, 14.5], "texture": "#wires"},
				"down": {"uv": [11.5, 1.5, 11.75, 2.25], "texture": "#wires"}
			}
		},
		{
			"from": [10.75, 7.25, 14.25],
			"to": [11.75, 7.5, 14.5],
			"faces": {
				"north": {"uv": [4.5, 8.75, 5, 9], "texture": "#wires"},
				"east": {"uv": [2, 8.75, 2.25, 9], "texture": "#wires"},
				"south": {"uv": [11, 8.75, 11.5, 9], "texture": "#wires"},
				"west": {"uv": [13.75, 8.75, 14, 9], "texture": "#wires"},
				"up": {"uv": [11, 13.75, 11.5, 14], "texture": "#wires"},
				"down": {"uv": [11, 2, 11.5, 2.25], "texture": "#wires"}
			}
		},
		{
			"from": [10.75, 11.25, 14.5],
			"to": [11, 11.5, 15.5],
			"faces": {
				"north": {"uv": [4.25, 6.25, 4.5, 6.5], "texture": "#wires"},
				"east": {"uv": [1.5, 6.25, 2.25, 6.5], "texture": "#wires"},
				"south": {"uv": [11.5, 6.25, 11.75, 6.5], "texture": "#wires"},
				"west": {"uv": [13.75, 6.25, 14.5, 6.5], "texture": "#wires"},
				"up": {"uv": [11.5, 13.75, 11.75, 14.5], "texture": "#wires"},
				"down": {"uv": [11.5, 1.5, 11.75, 2.25], "texture": "#wires"}
			}
		},
		{
			"from": [10.75, 9, 14.25],
			"to": [11, 11.5, 14.5],
			"faces": {
				"north": {"uv": [4.5, 6.25, 5, 6.5], "texture": "#wires"},
				"east": {"uv": [2, 6.25, 2.25, 6.5], "texture": "#wires"},
				"south": {"uv": [11, 6.25, 11.5, 6.5], "texture": "#wires"},
				"west": {"uv": [13.75, 6.25, 14, 6.5], "texture": "#wires"},
				"up": {"uv": [11, 13.75, 11.5, 14], "texture": "#wires"},
				"down": {"uv": [11, 2, 11.5, 2.25], "texture": "#wires"}
			}
		},
		{
			"from": [10.75, 9, 14.5],
			"to": [11, 9.25, 15],
			"faces": {
				"north": {"uv": [5, 6.25, 5.25, 6.5], "texture": "#wires"},
				"east": {"uv": [1.5, 6.25, 2.25, 6.5], "texture": "#wires"},
				"south": {"uv": [10.75, 6.25, 11, 6.5], "texture": "#wires"},
				"west": {"uv": [13.75, 6.25, 14.5, 6.5], "texture": "#wires"},
				"up": {"uv": [10.75, 13.75, 11, 14.5], "texture": "#wires"},
				"down": {"uv": [10.75, 1.5, 11, 2.25], "texture": "#wires"}
			}
		},
		{
			"from": [10.75, 11.25, 15.5],
			"to": [11, 12.5, 15.75],
			"faces": {
				"north": {"uv": [5, 8.75, 5.25, 9], "texture": "#wires"},
				"east": {"uv": [1.5, 8.75, 2.25, 9], "texture": "#wires"},
				"south": {"uv": [10.75, 8.75, 11, 9], "texture": "#wires"},
				"west": {"uv": [13.75, 8.75, 14.5, 9], "texture": "#wires"},
				"up": {"uv": [10.75, 13.75, 11, 14.5], "texture": "#wires"},
				"down": {"uv": [10.75, 1.5, 11, 2.25], "texture": "#wires"}
			}
		},
		{
			"from": [11.5, 7.5, 14.25],
			"to": [11.75, 11, 14.5],
			"faces": {
				"north": {"uv": [4.5, 8.75, 5, 9], "texture": "#wires"},
				"east": {"uv": [2, 8.75, 2.25, 9], "texture": "#wires"},
				"south": {"uv": [11, 8.75, 11.5, 9], "texture": "#wires"},
				"west": {"uv": [13.75, 8.75, 14, 9], "texture": "#wires"},
				"up": {"uv": [11, 13.75, 11.5, 14], "texture": "#wires"},
				"down": {"uv": [11, 2, 11.5, 2.25], "texture": "#wires"}
			}
		},
		{
			"from": [11.5, 10.75, 14.5],
			"to": [11.75, 11, 15.5],
			"faces": {
				"north": {"uv": [4.25, 6.25, 4.5, 6.5], "texture": "#wires"},
				"east": {"uv": [1.5, 6.25, 2.25, 6.5], "texture": "#wires"},
				"south": {"uv": [11.5, 6.25, 11.75, 6.5], "texture": "#wires"},
				"west": {"uv": [13.75, 6.25, 14.5, 6.5], "texture": "#wires"},
				"up": {"uv": [11.5, 13.75, 11.75, 14.5], "texture": "#wires"},
				"down": {"uv": [11.5, 1.5, 11.75, 2.25], "texture": "#wires"}
			}
		},
		{
			"from": [10.25, 10.75, 15.5],
			"to": [11.75, 11, 15.75],
			"faces": {
				"north": {"uv": [5, 8.75, 5.25, 9], "texture": "#wires"},
				"east": {"uv": [1.5, 8.75, 2.25, 9], "texture": "#wires"},
				"south": {"uv": [10.75, 8.75, 11, 9], "texture": "#wires"},
				"west": {"uv": [13.75, 8.75, 14.5, 9], "texture": "#wires"},
				"up": {"uv": [10.75, 13.75, 11, 14.5], "texture": "#wires"},
				"down": {"uv": [10.75, 1.5, 11, 2.25], "texture": "#wires"}
			}
		},
		{
			"from": [4.25, 12, 15.5],
			"to": [10.5, 12.25, 15.75],
			"faces": {
				"north": {"uv": [5, 8.75, 5.25, 9], "texture": "#wires"},
				"east": {"uv": [1.5, 8.75, 2.25, 9], "texture": "#wires"},
				"south": {"uv": [10.75, 8.75, 11, 9], "texture": "#wires"},
				"west": {"uv": [13.75, 8.75, 14.5, 9], "texture": "#wires"},
				"up": {"uv": [10.75, 13.75, 11, 14.5], "texture": "#wires"},
				"down": {"uv": [10.75, 1.5, 11, 2.25], "texture": "#wires"}
			}
		},
		{
			"from": [10.25, 11, 15.5],
			"to": [10.5, 12, 15.75],
			"faces": {
				"north": {"uv": [5, 8.75, 5.25, 9], "texture": "#wires"},
				"east": {"uv": [1.5, 8.75, 2.25, 9], "texture": "#wires"},
				"south": {"uv": [10.75, 8.75, 11, 9], "texture": "#wires"},
				"west": {"uv": [13.75, 8.75, 14.5, 9], "texture": "#wires"},
				"up": {"uv": [10.75, 13.75, 11, 14.5], "texture": "#wires"},
				"down": {"uv": [10.75, 1.5, 11, 2.25], "texture": "#wires"}
			}
		},
		{
			"from": [4.25, 4.75, 15.5],
			"to": [4.5, 12, 15.75],
			"faces": {
				"north": {"uv": [5, 8.75, 5.25, 9], "texture": "#wires"},
				"east": {"uv": [1.5, 8.75, 2.25, 9], "texture": "#wires"},
				"south": {"uv": [10.75, 8.75, 11, 9], "texture": "#wires"},
				"west": {"uv": [13.75, 8.75, 14.5, 9], "texture": "#wires"},
				"up": {"uv": [10.75, 13.75, 11, 14.5], "texture": "#wires"},
				"down": {"uv": [10.75, 1.5, 11, 2.25], "texture": "#wires"}
			}
		},
		{
			"from": [3.75, 4, 15.5],
			"to": [4, 12.5, 15.75],
			"faces": {
				"north": {"uv": [5, 8.75, 5.25, 9], "texture": "#wires"},
				"east": {"uv": [1.5, 8.75, 2.25, 9], "texture": "#wires"},
				"south": {"uv": [10.75, 8.75, 11, 9], "texture": "#wires"},
				"west": {"uv": [13.75, 8.75, 14.5, 9], "texture": "#wires"},
				"up": {"uv": [10.75, 13.75, 11, 14.5], "texture": "#wires"},
				"down": {"uv": [10.75, 1.5, 11, 2.25], "texture": "#wires"}
			}
		},
		{
			"from": [4, 4, 15.5],
			"to": [11, 4.25, 15.75],
			"faces": {
				"north": {"uv": [5, 8.75, 5.25, 9], "texture": "#wires"},
				"east": {"uv": [1.5, 8.75, 2.25, 9], "texture": "#wires"},
				"south": {"uv": [10.75, 8.75, 11, 9], "texture": "#wires"},
				"west": {"uv": [13.75, 8.75, 14.5, 9], "texture": "#wires"},
				"up": {"uv": [10.75, 13.75, 11, 14.5], "texture": "#wires"},
				"down": {"uv": [10.75, 1.5, 11, 2.25], "texture": "#wires"}
			}
		},
		{
			"from": [4.25, 4.5, 15.5],
			"to": [10.5, 4.75, 15.75],
			"faces": {
				"north": {"uv": [5, 8.75, 5.25, 9], "texture": "#wires"},
				"east": {"uv": [1.5, 8.75, 2.25, 9], "texture": "#wires"},
				"south": {"uv": [10.75, 8.75, 11, 9], "texture": "#wires"},
				"west": {"uv": [13.75, 8.75, 14.5, 9], "texture": "#wires"},
				"up": {"uv": [10.75, 13.75, 11, 14.5], "texture": "#wires"},
				"down": {"uv": [10.75, 1.5, 11, 2.25], "texture": "#wires"}
			}
		},
		{
			"from": [10.25, 4.75, 15.5],
			"to": [10.5, 5.75, 15.75],
			"faces": {
				"north": {"uv": [5, 8.75, 5.25, 9], "texture": "#wires"},
				"east": {"uv": [1.5, 8.75, 2.25, 9], "texture": "#wires"},
				"south": {"uv": [10.75, 8.75, 11, 9], "texture": "#wires"},
				"west": {"uv": [13.75, 8.75, 14.5, 9], "texture": "#wires"},
				"up": {"uv": [10.75, 13.75, 11, 14.5], "texture": "#wires"},
				"down": {"uv": [10.75, 1.5, 11, 2.25], "texture": "#wires"}
			}
		},
		{
			"from": [10.75, 4.25, 15.5],
			"to": [11, 5.75, 15.75],
			"faces": {
				"north": {"uv": [5, 8.75, 5.25, 9], "texture": "#wires"},
				"east": {"uv": [1.5, 8.75, 2.25, 9], "texture": "#wires"},
				"south": {"uv": [10.75, 8.75, 11, 9], "texture": "#wires"},
				"west": {"uv": [13.75, 8.75, 14.5, 9], "texture": "#wires"},
				"up": {"uv": [10.75, 13.75, 11, 14.5], "texture": "#wires"},
				"down": {"uv": [10.75, 1.5, 11, 2.25], "texture": "#wires"}
			}
		}
	],
	"display": {
		"thirdperson_righthand": {
			"rotation": [4, 87, -104],
			"translation": [-5.25, -0.25, -1.75],
			"scale": [0.75, 0.75, 0.75]
		},
		"firstperson_righthand": {
			"rotation": [0, 78, -133],
			"translation": [-1.75, -1, -2.75],
			"scale": [0.75, 0.75, 0.75]
		},
		"ground": {
			"translation": [0, 0, -7],
			"scale": [0.6, 0.6, 0.6]
		},
		"gui": {
			"rotation": [0, 180, 0],
			"translation": [-0.5, -0.5, 0],
			"scale": [1.6, 1.6, 1.6]
		},
		"fixed": {
			"translation": [0, 0, -9.5],
			"scale": [1.2, 1.2, 1.2]
		}
	}
}