{
	"parent": "block/cube",
	"ambientocclusion": false,
	"textures": {
    "front": "rsgauges:blocks/common/darkmachinemetal",
    "parts": "rsgauges:blocks/common/darkroughmetal",
    "side": "rsgauges:blocks/common/darkgraymetal",
    "led": "rsgauges:blocks/indicator/indicator_fg_red_off_texture",
    "ui": "rsgauges:blocks/automaticswitch/automaticswitch_uis",
    "uibg": "rsgauges:blocks/automaticswitch/automaticswitch3_uibg",
    "wires": "rsgauges:blocks/indicator/indicator_fg_red_off_texture",
    "sensorsurface": "rsgauges:blocks/indicator/indicator_fg_yellow_off_texture",
		"particle": "rsgauges:blocks/common/darkgraymetal"
	},
	"elements": [
		{
			"from": [6, 6, 15.5],
			"to": [10, 10, 16],
			"faces": {
				"north": {"uv": [6, 6, 10, 10], "texture": "#side"},
				"east": {"uv": [0, 6, 0.5, 10], "texture": "#side"},
				"south": {"uv": [6, 6, 10, 10], "texture": "#side"},
				"west": {"uv": [15.5, 6, 16, 10], "texture": "#side"},
				"up": {"uv": [6, 15.5, 10, 16], "texture": "#side"},
				"down": {"uv": [6, 0, 10, 0.5], "texture": "#side"}
			}
		},
		{
			"from": [6.25, 6.25, 15],
			"to": [9.75, 9.75, 15.5],
			"faces": {
				"north": {"uv": [0, 0, 16, 16], "texture": "#uibg"},
				"east": {"uv": [0.5, 6, 1, 10], "texture": "#front"},
				"south": {"uv": [6, 6, 10, 10], "texture": "#front"},
				"west": {"uv": [15, 6, 15.5, 10], "texture": "#front"},
				"up": {"uv": [6, 15, 10, 15.5], "texture": "#front"},
				"down": {"uv": [6, 0.5, 10, 1], "texture": "#front"}
			}
		},
		{
			"from": [6.25, 6, 15],
			"to": [9.75, 6.25, 15.5],
			"faces": {
				"north": {"uv": [6.25, 9.75, 9.75, 10], "texture": "#front"},
				"east": {"uv": [0.5, 9.75, 1, 10], "texture": "#front"},
				"south": {"uv": [6.25, 9.75, 9.75, 10], "texture": "#front"},
				"west": {"uv": [15, 9.75, 15.5, 10], "texture": "#front"},
				"up": {"uv": [6.25, 15, 9.75, 15.5], "texture": "#front"},
				"down": {"uv": [6.25, 0.5, 9.75, 1], "texture": "#front"}
			}
		},
		{
			"from": [6.25, 9.75, 15],
			"to": [9.75, 10, 15.5],
			"faces": {
				"north": {"uv": [6.25, 6, 9.75, 6.25], "texture": "#front"},
				"east": {"uv": [0.5, 6, 1, 6.25], "texture": "#front"},
				"south": {"uv": [6.25, 6, 9.75, 6.25], "texture": "#front"},
				"west": {"uv": [15, 6, 15.5, 6.25], "texture": "#front"},
				"up": {"uv": [6.25, 15, 9.75, 15.5], "texture": "#front"},
				"down": {"uv": [6.25, 0.5, 9.75, 1], "texture": "#front"}
			}
		},
		{
			"from": [9.75, 6, 15],
			"to": [10, 10, 15.5],
			"faces": {
				"north": {"uv": [6, 6, 6.25, 10], "texture": "#front"},
				"east": {"uv": [0.5, 6, 1, 10], "texture": "#front"},
				"south": {"uv": [9.75, 6, 10, 10], "texture": "#front"},
				"west": {"uv": [15, 6, 15.5, 10], "texture": "#front"},
				"up": {"uv": [9.75, 15, 10, 15.5], "texture": "#front"},
				"down": {"uv": [9.75, 0.5, 10, 1], "texture": "#front"}
			}
		},
		{
			"from": [6, 6, 15],
			"to": [6.25, 10, 15.5],
			"faces": {
				"north": {"uv": [9.75, 6, 10, 10], "texture": "#front"},
				"east": {"uv": [0.5, 6, 1, 10], "texture": "#front"},
				"south": {"uv": [6, 6, 6.25, 10], "texture": "#front"},
				"west": {"uv": [15, 6, 15.5, 10], "texture": "#front"},
				"up": {"uv": [6, 15, 6.25, 15.5], "texture": "#front"},
				"down": {"uv": [6, 0.5, 6.25, 1], "texture": "#front"}
			}
		},
		{
			"from": [6, 10.25, 15.25],
			"to": [10, 10.5, 16],
			"faces": {
				"north": {"uv": [6, 5.5, 10, 5.75], "texture": "#side"},
				"east": {"uv": [0, 5.5, 0.75, 5.75], "texture": "#side"},
				"south": {"uv": [6, 5.5, 10, 5.75], "texture": "#side"},
				"west": {"uv": [15.25, 5.5, 16, 5.75], "texture": "#side"},
				"up": {"uv": [6, 15.25, 10, 16], "texture": "#side"},
				"down": {"uv": [6, 0, 10, 0.75], "texture": "#side"}
			}
		},
		{
			"from": [6, 5.5, 15.25],
			"to": [10, 5.75, 16],
			"faces": {
				"north": {"uv": [6, 10.25, 10, 10.5], "texture": "#side"},
				"east": {"uv": [0, 10.25, 0.75, 10.5], "texture": "#side"},
				"south": {"uv": [6, 10.25, 10, 10.5], "texture": "#side"},
				"west": {"uv": [15.25, 10.25, 16, 10.5], "texture": "#side"},
				"up": {"uv": [6, 15.25, 10, 16], "texture": "#side"},
				"down": {"uv": [6, 0, 10, 0.75], "texture": "#side"}
			}
		},
		{
			"from": [10, 6, 15.25],
			"to": [10.5, 10, 16],
			"faces": {
				"north": {"uv": [5.5, 6, 6, 10], "texture": "#side"},
				"east": {"uv": [0, 6, 0.75, 10], "texture": "#side"},
				"south": {"uv": [10, 6, 10.5, 10], "texture": "#side"},
				"west": {"uv": [15.25, 6, 16, 10], "texture": "#side"},
				"up": {"uv": [10, 15.25, 10.5, 16], "texture": "#side"},
				"down": {"uv": [10, 0, 10.5, 0.75], "texture": "#side"}
			}
		},
		{
			"from": [5.5, 6, 15.25],
			"to": [6, 10, 16],
			"faces": {
				"north": {"uv": [10, 6, 10.5, 10], "texture": "#side"},
				"east": {"uv": [0, 6, 0.75, 10], "texture": "#side"},
				"south": {"uv": [5.5, 6, 6, 10], "texture": "#side"},
				"west": {"uv": [15.25, 6, 16, 10], "texture": "#side"},
				"up": {"uv": [5.5, 15.25, 6, 16], "texture": "#side"},
				"down": {"uv": [5.5, 0, 6, 0.75], "texture": "#side"}
			}
		},
		{
			"from": [5.75, 10, 15.25],
			"to": [10.25, 10.25, 16],
			"faces": {
				"north": {"uv": [5.75, 5.75, 10.25, 6], "texture": "#side"},
				"east": {"uv": [0, 5.75, 0.75, 6], "texture": "#side"},
				"south": {"uv": [5.75, 5.75, 10.25, 6], "texture": "#side"},
				"west": {"uv": [15.25, 5.75, 16, 6], "texture": "#side"},
				"up": {"uv": [5.75, 15.25, 10.25, 16], "texture": "#side"},
				"down": {"uv": [5.75, 0, 10.25, 0.75], "texture": "#side"}
			}
		},
		{
			"from": [5.75, 5.75, 15.25],
			"to": [10.25, 6, 16],
			"faces": {
				"north": {"uv": [5.75, 10, 10.25, 10.25], "texture": "#side"},
				"east": {"uv": [0, 10, 0.75, 10.25], "texture": "#side"},
				"south": {"uv": [5.75, 10, 10.25, 10.25], "texture": "#side"},
				"west": {"uv": [15.25, 10, 16, 10.25], "texture": "#side"},
				"up": {"uv": [5.75, 15.25, 10.25, 16], "texture": "#side"},
				"down": {"uv": [5.75, 0, 10.25, 0.75], "texture": "#side"}
			}
		},
		{
			"from": [8.75, 9, 14.75],
			"to": [9.25, 9.5, 15],
			"faces": {
				"north": {"uv": [0, 5, 3, 7.25], "texture": "#ui"},
				"east": {"uv": [0, 11, 3, 13.75], "texture": "#ui"},
				"south": {"uv": [0, 11, 3, 13.75], "texture": "#ui"},
				"west": {"uv": [0, 11, 3, 13.75], "texture": "#ui"},
				"up": {"uv": [0, 11, 3, 13.75], "texture": "#ui"},
				"down": {"uv": [0, 11, 3, 13.75], "texture": "#ui"}
			}
		},
		{
			"from": [8.75, 6.5, 14.75],
			"to": [9.25, 7, 15],
			"faces": {
				"north": {"uv": [0, 8, 3, 10.25], "texture": "#ui"},
				"east": {"uv": [0, 11, 3, 13.75], "texture": "#ui"},
				"south": {"uv": [0, 11, 3, 13.75], "texture": "#ui"},
				"west": {"uv": [0, 11, 3, 13.75], "texture": "#ui"},
				"up": {"uv": [0, 11, 3, 13.75], "texture": "#ui"},
				"down": {"uv": [0, 11, 3, 13.75], "texture": "#ui"}
			}
		},
		{
			"from": [8, 9, 14.75],
			"to": [8.5, 9.5, 15],
			"faces": {
				"north": {"uv": [3, 5, 6, 7.25], "texture": "#ui"},
				"east": {"uv": [3, 11, 6, 13.75], "texture": "#ui"},
				"south": {"uv": [3, 11, 6, 13.75], "texture": "#ui"},
				"west": {"uv": [3, 11, 6, 13.75], "texture": "#ui"},
				"up": {"uv": [3, 11, 6, 13.75], "texture": "#ui"},
				"down": {"uv": [3, 11, 6, 13.75], "texture": "#ui"}
			}
		},
		{
			"from": [8, 6.5, 14.75],
			"to": [8.5, 7, 15],
			"faces": {
				"north": {"uv": [3, 8, 6, 10.25], "texture": "#ui"},
				"east": {"uv": [3, 11, 6, 13.75], "texture": "#ui"},
				"south": {"uv": [3, 11, 6, 13.75], "texture": "#ui"},
				"west": {"uv": [3, 11, 6, 13.75], "texture": "#ui"},
				"up": {"uv": [3, 11, 6, 13.75], "texture": "#ui"},
				"down": {"uv": [3, 11, 6, 13.75], "texture": "#ui"}
			}
		},
		{
			"from": [7.25, 9, 14.75],
			"to": [7.75, 9.5, 15],
			"faces": {
				"north": {"uv": [6, 5, 9, 7.25], "texture": "#ui"},
				"east": {"uv": [6, 11, 9, 13.75], "texture": "#ui"},
				"south": {"uv": [6, 11, 9, 13.75], "texture": "#ui"},
				"west": {"uv": [6, 11, 9, 13.75], "texture": "#ui"},
				"up": {"uv": [6, 11, 9, 13.75], "texture": "#ui"},
				"down": {"uv": [6, 11, 9, 13.75], "texture": "#ui"}
			}
		},
		{
			"from": [7.25, 6.5, 14.75],
			"to": [7.75, 7, 15],
			"faces": {
				"north": {"uv": [6, 8, 9, 10.25], "texture": "#ui"},
				"east": {"uv": [6, 11, 9, 13.75], "texture": "#ui"},
				"south": {"uv": [6, 11, 9, 13.75], "texture": "#ui"},
				"west": {"uv": [6, 11, 9, 13.75], "texture": "#ui"},
				"up": {"uv": [6, 11, 9, 13.75], "texture": "#ui"},
				"down": {"uv": [6, 11, 9, 13.75], "texture": "#ui"}
			}
		},
		{
			"from": [6.5, 9, 14.75],
			"to": [7, 9.5, 15],
			"faces": {
				"north": {"uv": [9, 5, 12, 7.25], "texture": "#ui"},
				"east": {"uv": [9, 11, 12, 13.75], "texture": "#ui"},
				"south": {"uv": [9, 11, 12, 13.75], "texture": "#ui"},
				"west": {"uv": [9, 11, 12, 13.75], "texture": "#ui"},
				"up": {"uv": [9, 11, 12, 13.75], "texture": "#ui"},
				"down": {"uv": [9, 11, 12, 13.75], "texture": "#ui"}
			}
		},
		{
			"from": [6.5, 6.5, 14.75],
			"to": [7, 7, 15],
			"faces": {
				"north": {"uv": [9, 8, 12, 10.25], "texture": "#ui"},
				"east": {"uv": [9, 11, 12, 13.75], "texture": "#ui"},
				"south": {"uv": [9, 11, 12, 13.75], "texture": "#ui"},
				"west": {"uv": [9, 11, 12, 13.75], "texture": "#ui"},
				"up": {"uv": [9, 11, 12, 13.75], "texture": "#ui"},
				"down": {"uv": [9, 11, 12, 13.75], "texture": "#ui"}
			}
		},
		{
			"from": [9.25, 5.75, 15],
			"to": [9.5, 6, 15.25],
			"faces": {
				"north": {"uv": [0, 0, 3.5, 0.5], "texture": "#led"},
				"east": {"uv": [0, 0, 0.75, 0.5], "texture": "#led"},
				"south": {"uv": [0, 0, 3.5, 0.5], "texture": "#led"},
				"west": {"uv": [0, 0, 0.75, 0.5], "texture": "#led"},
				"up": {"uv": [0, 0, 3.5, 0.75], "texture": "#led"},
				"down": {"uv": [0, 0, 3.5, 0.75], "texture": "#led"}
			}
		},
		{
			"from": [7.25, 3.75, 14.75],
			"to": [7.5, 4.5, 15],
			"faces": {
				"north": {"uv": [8.5, 11.5, 8.75, 12.25], "texture": "#sensorsurface"},
				"east": {"uv": [1, 11.5, 1.25, 12.25], "texture": "#parts"},
				"south": {"uv": [7.25, 11.5, 7.5, 12.25], "texture": "#parts"},
				"west": {"uv": [14.75, 11.5, 15, 12.25], "texture": "#parts"},
				"up": {"uv": [7.25, 14.75, 7.5, 15], "texture": "#parts"},
				"down": {"uv": [7.25, 1, 7.5, 1.25], "texture": "#parts"}
			}
		},
		{
			"from": [7.5, 3.5, 14.75],
			"to": [8.75, 4.75, 15],
			"faces": {
				"north": {"uv": [7.25, 11.25, 8.5, 12.5], "texture": "#sensorsurface"},
				"east": {"uv": [1, 11.25, 1.25, 12.5], "texture": "#parts"},
				"south": {"uv": [7.5, 11.25, 8.75, 12.5], "texture": "#parts"},
				"west": {"uv": [14.75, 11.25, 15, 12.5], "texture": "#parts"},
				"up": {"uv": [7.5, 14.75, 8.75, 15], "texture": "#parts"},
				"down": {"uv": [7.5, 1, 8.75, 1.25], "texture": "#parts"}
			}
		},
		{
			"from": [8.75, 3.75, 14.75],
			"to": [9, 4.5, 15],
			"faces": {
				"north": {"uv": [7, 11.5, 7.25, 12.25], "texture": "#sensorsurface"},
				"east": {"uv": [1, 11.5, 1.25, 12.25], "texture": "#parts"},
				"south": {"uv": [8.75, 11.5, 9, 12.25], "texture": "#parts"},
				"west": {"uv": [14.75, 11.5, 15, 12.25], "texture": "#parts"},
				"up": {"uv": [8.75, 14.75, 9, 15], "texture": "#parts"},
				"down": {"uv": [8.75, 1, 9, 1.25], "texture": "#parts"}
			}
		},
		{
			"from": [7.75, 3.25, 14.75],
			"to": [8.5, 3.5, 15],
			"faces": {
				"north": {"uv": [7.5, 12.5, 8.25, 12.75], "texture": "#sensorsurface"},
				"east": {"uv": [1, 12.5, 1.25, 12.75], "texture": "#parts"},
				"south": {"uv": [7.75, 12.5, 8.5, 12.75], "texture": "#parts"},
				"west": {"uv": [14.75, 12.5, 15, 12.75], "texture": "#parts"},
				"up": {"uv": [7.75, 14.75, 8.5, 15], "texture": "#parts"},
				"down": {"uv": [7.75, 1, 8.5, 1.25], "texture": "#parts"}
			}
		},
		{
			"from": [7.75, 4.75, 14.75],
			"to": [8.5, 5, 15],
			"faces": {
				"north": {"uv": [7.5, 11, 8.25, 11.25], "texture": "#sensorsurface"},
				"east": {"uv": [1, 11, 1.25, 11.25], "texture": "#parts"},
				"south": {"uv": [7.75, 11, 8.5, 11.25], "texture": "#parts"},
				"west": {"uv": [14.75, 11, 15, 11.25], "texture": "#parts"},
				"up": {"uv": [7.75, 14.75, 8.5, 15], "texture": "#parts"},
				"down": {"uv": [7.75, 1, 8.5, 1.25], "texture": "#parts"}
			}
		},
		{
			"from": [9.25, 3.75, 15.5],
			"to": [9.5, 5.5, 15.75],
			"faces": {
				"north": {"uv": [6.5, 10.5, 6.75, 12.25], "texture": "#wires"},
				"east": {"uv": [0.25, 10.5, 0.5, 12.25], "texture": "#wires"},
				"south": {"uv": [9.25, 10.5, 9.5, 12.25], "texture": "#wires"},
				"west": {"uv": [15.5, 10.5, 15.75, 12.25], "texture": "#wires"},
				"up": {"uv": [9.25, 15.5, 9.5, 15.75], "texture": "#wires"},
				"down": {"uv": [9.25, 0.25, 9.5, 0.5], "texture": "#wires"}
			}
		},
		{
			"from": [6.75, 4.5, 15.5],
			"to": [7, 5.5, 15.75],
			"faces": {
				"north": {"uv": [9, 10.5, 9.25, 11.5], "texture": "#wires"},
				"east": {"uv": [0.25, 10.5, 0.5, 11.5], "texture": "#wires"},
				"south": {"uv": [6.75, 10.5, 7, 11.5], "texture": "#wires"},
				"west": {"uv": [15.5, 10.5, 15.75, 11.5], "texture": "#wires"},
				"up": {"uv": [6.75, 15.5, 7, 15.75], "texture": "#wires"},
				"down": {"uv": [6.75, 0.25, 7, 0.5], "texture": "#wires"}
			}
		},
		{
			"from": [8.25, 3.5, 15.5],
			"to": [9.5, 3.75, 15.75],
			"faces": {
				"north": {"uv": [6.5, 12.25, 7.75, 12.5], "texture": "#wires"},
				"east": {"uv": [0.25, 12.25, 0.5, 12.5], "texture": "#wires"},
				"south": {"uv": [8.25, 12.25, 9.5, 12.5], "texture": "#wires"},
				"west": {"uv": [15.5, 12.25, 15.75, 12.5], "texture": "#wires"},
				"up": {"uv": [8.25, 15.5, 9.5, 15.75], "texture": "#wires"},
				"down": {"uv": [8.25, 0.25, 9.5, 0.5], "texture": "#wires"}
			}
		},
		{
			"from": [6.75, 4.25, 15.5],
			"to": [8, 4.5, 15.75],
			"faces": {
				"north": {"uv": [8, 11.5, 9.25, 11.75], "texture": "#wires"},
				"east": {"uv": [0.25, 11.5, 0.5, 11.75], "texture": "#wires"},
				"south": {"uv": [6.75, 11.5, 8, 11.75], "texture": "#wires"},
				"west": {"uv": [15.5, 11.5, 15.75, 11.75], "texture": "#wires"},
				"up": {"uv": [6.75, 15.5, 8, 15.75], "texture": "#wires"},
				"down": {"uv": [6.75, 0.25, 8, 0.5], "texture": "#wires"}
			}
		},
		{
			"from": [8, 4.25, 15],
			"to": [8.25, 4.5, 15.75],
			"faces": {
				"north": {"uv": [7.75, 11.5, 8, 11.75], "texture": "#wires"},
				"east": {"uv": [0.25, 11.5, 1, 11.75], "texture": "#wires"},
				"south": {"uv": [8, 11.5, 8.25, 11.75], "texture": "#wires"},
				"west": {"uv": [15, 11.5, 15.75, 11.75], "texture": "#wires"},
				"up": {"uv": [8, 15, 8.25, 15.75], "texture": "#wires"},
				"down": {"uv": [8, 0.25, 8.25, 1], "texture": "#wires"}
			}
		},
		{
			"from": [8, 3.5, 15],
			"to": [8.25, 3.75, 15.75],
			"faces": {
				"north": {"uv": [7.75, 12.25, 8, 12.5], "texture": "#wires"},
				"east": {"uv": [0.25, 12.25, 1, 12.5], "texture": "#wires"},
				"south": {"uv": [8, 12.25, 8.25, 12.5], "texture": "#wires"},
				"west": {"uv": [15, 12.25, 15.75, 12.5], "texture": "#wires"},
				"up": {"uv": [8, 15, 8.25, 15.75], "texture": "#wires"},
				"down": {"uv": [8, 0.25, 8.25, 1], "texture": "#wires"}
			}
		}
	],
	"display": {
		"thirdperson_righthand": {
			"rotation": [1, 88, 166],
			"translation": [-5.75, -1.25, -1.5],
			"scale": [0.75, 0.75, 0.75]
		},
		"firstperson_righthand": {
			"rotation": [0, 60, 49],
			"translation": [-1.5, 2.5, 1.25],
			"scale": [0.4, 0.4, 0.4]
		},
		"ground": {
			"translation": [0, 1, -7],
			"scale": [0.75, 0.75, 0.75]
		},
		"gui": {
			"rotation": [0, 180, 0],
			"translation": [0.25, 2.25, 0],
			"scale": [2, 2, 2]
		},
		"fixed": {
			"translation": [0, 0, -9.25],
			"scale": [1.2, 1.2, 1.2]
		}
	}
}