{
	"parent": "block/cube",
	"ambientocclusion": false,
	"textures": {
    "front": "rsgauges:blocks/common/darkmachinemetal",
    "parts": "rsgauges:blocks/common/darkroughmetal",
    "side": "rsgauges:blocks/common/darkgraymetal",
    "led": "rsgauges:blocks/indicator/indicator_fg_red_off_texture",
    "ui": "rsgauges:blocks/automaticswitch/automaticswitch_uis",
    "uibg": "rsgauges:blocks/automaticswitch/automaticswitch5_uibg",
    "wires": "rsgauges:blocks/indicator/indicator_fg_red_off_texture",
    "sensorsurface": "rsgauges:blocks/indicator/indicator_fg_green_off_texture",
		"particle": "rsgauges:blocks/common/darkgraymetal"
	},
	"elements": [
		{
			"from": [6, 6, 15.5],
			"to": [10, 10, 16],
			"faces": {
				"north": {"uv": [6, 6, 10, 10], "texture": "#side"},
				"east": {"uv": [0, 6, 0.5, 10], "texture": "#side"},
				"south": {"uv": [6, 6, 10, 10], "texture": "#side"},
				"west": {"uv": [15.5, 6, 16, 10], "texture": "#side"},
				"up": {"uv": [6, 15.5, 10, 16], "texture": "#side"},
				"down": {"uv": [6, 0, 10, 0.5], "texture": "#side"}
			}
		},
		{
			"from": [6.25, 6.25, 15],
			"to": [9.75, 9.75, 15.5],
			"faces": {
				"north": {"uv": [0, 0, 16, 16], "texture": "#uibg"},
				"east": {"uv": [0.5, 6, 1, 10], "texture": "#front"},
				"south": {"uv": [6, 6, 10, 10], "texture": "#front"},
				"west": {"uv": [15, 6, 15.5, 10], "texture": "#front"},
				"up": {"uv": [6, 15, 10, 15.5], "texture": "#front"},
				"down": {"uv": [6, 0.5, 10, 1], "texture": "#front"}
			}
		},
		{
			"from": [6.25, 6, 15],
			"to": [9.75, 6.25, 15.5],
			"faces": {
				"north": {"uv": [6.25, 9.75, 9.75, 10], "texture": "#front"},
				"east": {"uv": [0.5, 9.75, 1, 10], "texture": "#front"},
				"south": {"uv": [6.25, 9.75, 9.75, 10], "texture": "#front"},
				"west": {"uv": [15, 9.75, 15.5, 10], "texture": "#front"},
				"up": {"uv": [6.25, 15, 9.75, 15.5], "texture": "#front"},
				"down": {"uv": [6.25, 0.5, 9.75, 1], "texture": "#front"}
			}
		},
		{
			"from": [6.25, 9.75, 15],
			"to": [9.75, 10, 15.5],
			"faces": {
				"north": {"uv": [6.25, 6, 9.75, 6.25], "texture": "#front"},
				"east": {"uv": [0.5, 6, 1, 6.25], "texture": "#front"},
				"south": {"uv": [6.25, 6, 9.75, 6.25], "texture": "#front"},
				"west": {"uv": [15, 6, 15.5, 6.25], "texture": "#front"},
				"up": {"uv": [6.25, 15, 9.75, 15.5], "texture": "#front"},
				"down": {"uv": [6.25, 0.5, 9.75, 1], "texture": "#front"}
			}
		},
		{
			"from": [9.75, 6, 15],
			"to": [10, 10, 15.5],
			"faces": {
				"north": {"uv": [6, 6, 6.25, 10], "texture": "#front"},
				"east": {"uv": [0.5, 6, 1, 10], "texture": "#front"},
				"south": {"uv": [9.75, 6, 10, 10], "texture": "#front"},
				"west": {"uv": [15, 6, 15.5, 10], "texture": "#front"},
				"up": {"uv": [9.75, 15, 10, 15.5], "texture": "#front"},
				"down": {"uv": [9.75, 0.5, 10, 1], "texture": "#front"}
			}
		},
		{
			"from": [6, 6, 15],
			"to": [6.25, 10, 15.5],
			"faces": {
				"north": {"uv": [9.75, 6, 10, 10], "texture": "#front"},
				"east": {"uv": [0.5, 6, 1, 10], "texture": "#front"},
				"south": {"uv": [6, 6, 6.25, 10], "texture": "#front"},
				"west": {"uv": [15, 6, 15.5, 10], "texture": "#front"},
				"up": {"uv": [6, 15, 6.25, 15.5], "texture": "#front"},
				"down": {"uv": [6, 0.5, 6.25, 1], "texture": "#front"}
			}
		},
		{
			"from": [6, 10.25, 15.25],
			"to": [10, 10.5, 16],
			"faces": {
				"north": {"uv": [6, 5.5, 10, 5.75], "texture": "#side"},
				"east": {"uv": [0, 5.5, 0.75, 5.75], "texture": "#side"},
				"south": {"uv": [6, 5.5, 10, 5.75], "texture": "#side"},
				"west": {"uv": [15.25, 5.5, 16, 5.75], "texture": "#side"},
				"up": {"uv": [6, 15.25, 10, 16], "texture": "#side"},
				"down": {"uv": [6, 0, 10, 0.75], "texture": "#side"}
			}
		},
		{
			"from": [6, 5.5, 15.25],
			"to": [10, 5.75, 16],
			"faces": {
				"north": {"uv": [6, 10.25, 10, 10.5], "texture": "#side"},
				"east": {"uv": [0, 10.25, 0.75, 10.5], "texture": "#side"},
				"south": {"uv": [6, 10.25, 10, 10.5], "texture": "#side"},
				"west": {"uv": [15.25, 10.25, 16, 10.5], "texture": "#side"},
				"up": {"uv": [6, 15.25, 10, 16], "texture": "#side"},
				"down": {"uv": [6, 0, 10, 0.75], "texture": "#side"}
			}
		},
		{
			"from": [10, 6, 15.25],
			"to": [11.5, 10, 16],
			"faces": {
				"north": {"uv": [5.5, 6, 6, 10], "texture": "#side"},
				"east": {"uv": [0, 6, 0.75, 10], "texture": "#side"},
				"south": {"uv": [10, 6, 10.5, 10], "texture": "#side"},
				"west": {"uv": [15.25, 6, 16, 10], "texture": "#side"},
				"up": {"uv": [10, 15.25, 10.5, 16], "texture": "#side"},
				"down": {"uv": [10, 0, 10.5, 0.75], "texture": "#side"}
			}
		},
		{
			"from": [5.5, 6, 15.25],
			"to": [6, 10, 16],
			"faces": {
				"north": {"uv": [10, 6, 10.5, 10], "texture": "#side"},
				"east": {"uv": [0, 6, 0.75, 10], "texture": "#side"},
				"south": {"uv": [5.5, 6, 6, 10], "texture": "#side"},
				"west": {"uv": [15.25, 6, 16, 10], "texture": "#side"},
				"up": {"uv": [5.5, 15.25, 6, 16], "texture": "#side"},
				"down": {"uv": [5.5, 0, 6, 0.75], "texture": "#side"}
			}
		},
		{
			"from": [5.75, 10, 15.25],
			"to": [11.25, 10.25, 16],
			"faces": {
				"north": {"uv": [5.75, 5.75, 10.25, 6], "texture": "#side"},
				"east": {"uv": [0, 5.75, 0.75, 6], "texture": "#side"},
				"south": {"uv": [5.75, 5.75, 10.25, 6], "texture": "#side"},
				"west": {"uv": [15.25, 5.75, 16, 6], "texture": "#side"},
				"up": {"uv": [5.75, 15.25, 10.25, 16], "texture": "#side"},
				"down": {"uv": [5.75, 0, 10.25, 0.75], "texture": "#side"}
			}
		},
		{
			"from": [5.75, 5.75, 15.25],
			"to": [11.25, 6, 16],
			"faces": {
				"north": {"uv": [5.75, 10, 10.25, 10.25], "texture": "#side"},
				"east": {"uv": [0, 10, 0.75, 10.25], "texture": "#side"},
				"south": {"uv": [5.75, 10, 10.25, 10.25], "texture": "#side"},
				"west": {"uv": [15.25, 10, 16, 10.25], "texture": "#side"},
				"up": {"uv": [5.75, 15.25, 10.25, 16], "texture": "#side"},
				"down": {"uv": [5.75, 0, 10.25, 0.75], "texture": "#side"}
			}
		},
		{
			"from": [6.5, 9, 14.75],
			"to": [7, 9.5, 15],
			"faces": {
				"north": {"uv": [9, 5, 12, 7.25], "texture": "#ui"},
				"east": {"uv": [9, 11, 12, 13.75], "texture": "#ui"},
				"south": {"uv": [9, 11, 12, 13.75], "texture": "#ui"},
				"west": {"uv": [9, 11, 12, 13.75], "texture": "#ui"},
				"up": {"uv": [9, 11, 12, 13.75], "texture": "#ui"},
				"down": {"uv": [9, 11, 12, 13.75], "texture": "#ui"}
			}
		},
		{
			"from": [6.5, 6.5, 14.75],
			"to": [7, 7, 15],
			"faces": {
				"north": {"uv": [9, 8, 12, 10.25], "texture": "#ui"},
				"east": {"uv": [9, 11, 12, 13.75], "texture": "#ui"},
				"south": {"uv": [9, 11, 12, 13.75], "texture": "#ui"},
				"west": {"uv": [9, 11, 12, 13.75], "texture": "#ui"},
				"up": {"uv": [9, 11, 12, 13.75], "texture": "#ui"},
				"down": {"uv": [9, 11, 12, 13.75], "texture": "#ui"}
			}
		},
		{
			"from": [9.25, 5.75, 15],
			"to": [9.5, 6, 15.25],
			"faces": {
				"north": {"uv": [0, 0, 3.5, 0.5], "texture": "#led"},
				"east": {"uv": [0, 0, 0.75, 0.5], "texture": "#led"},
				"south": {"uv": [0, 0, 3.5, 0.5], "texture": "#led"},
				"west": {"uv": [0, 0, 0.75, 0.5], "texture": "#led"},
				"up": {"uv": [0, 0, 3.5, 0.75], "texture": "#led"},
				"down": {"uv": [0, 0, 3.5, 0.75], "texture": "#led"}
			}
		},
		{
			"from": [11.5, 6.25, 15.25],
			"to": [11.75, 9.75, 16],
			"faces": {
				"north": {"uv": [5.5, 6, 6, 10], "texture": "#side"},
				"east": {"uv": [0, 6, 0.75, 10], "texture": "#side"},
				"south": {"uv": [10, 6, 10.5, 10], "texture": "#side"},
				"west": {"uv": [15.25, 6, 16, 10], "texture": "#side"},
				"up": {"uv": [10, 15.25, 10.5, 16], "texture": "#side"},
				"down": {"uv": [10, 0, 10.5, 0.75], "texture": "#side"}
			}
		},
		{
			"from": [10, 6, 15],
			"to": [11.5, 10, 15.25],
			"faces": {
				"north": {"uv": [5.5, 6, 6, 10], "texture": "#side"},
				"east": {"uv": [0, 6, 0.75, 10], "texture": "#side"},
				"south": {"uv": [10, 6, 10.5, 10], "texture": "#side"},
				"west": {"uv": [15.25, 6, 16, 10], "texture": "#side"},
				"up": {"uv": [10, 15.25, 10.5, 16], "texture": "#side"},
				"down": {"uv": [10, 0, 10.5, 0.75], "texture": "#side"}
			}
		},
		{
			"from": [10.25, 6.25, 14.75],
			"to": [11.75, 10, 15],
			"faces": {
				"north": {"uv": [5.5, 6, 6, 10], "texture": "#side"},
				"east": {"uv": [0, 6, 0.75, 10], "texture": "#side"},
				"south": {"uv": [10, 6, 10.5, 10], "texture": "#side"},
				"west": {"uv": [15.25, 6, 16, 10], "texture": "#side"},
				"up": {"uv": [10, 15.25, 10.5, 16], "texture": "#side"},
				"down": {"uv": [10, 0, 10.5, 0.75], "texture": "#side"}
			}
		},
		{
			"from": [10.5, 6.5, 14.5],
			"to": [12, 10, 14.75],
			"faces": {
				"north": {"uv": [5.5, 6, 6, 10], "texture": "#side"},
				"east": {"uv": [0, 6, 0.75, 10], "texture": "#side"},
				"south": {"uv": [10, 6, 10.5, 10], "texture": "#side"},
				"west": {"uv": [15.25, 6, 16, 10], "texture": "#side"},
				"up": {"uv": [10, 15.25, 10.5, 16], "texture": "#side"},
				"down": {"uv": [10, 0, 10.5, 0.75], "texture": "#side"}
			}
		},
		{
			"from": [10.75, 7, 13.75],
			"to": [11, 7.25, 14.5],
			"faces": {
				"north": {"uv": [5, 8.75, 5.25, 9], "texture": "#wires"},
				"east": {"uv": [1.5, 8.75, 2.25, 9], "texture": "#wires"},
				"south": {"uv": [10.75, 8.75, 11, 9], "texture": "#wires"},
				"west": {"uv": [13.75, 8.75, 14.5, 9], "texture": "#wires"},
				"up": {"uv": [10.75, 13.75, 11, 14.5], "texture": "#wires"},
				"down": {"uv": [10.75, 1.5, 11, 2.25], "texture": "#wires"}
			}
		},
		{
			"from": [11.5, 7, 13.75],
			"to": [11.75, 7.25, 14.5],
			"faces": {
				"north": {"uv": [4.25, 8.75, 4.5, 9], "texture": "#wires"},
				"east": {"uv": [1.5, 8.75, 2.25, 9], "texture": "#wires"},
				"south": {"uv": [11.5, 8.75, 11.75, 9], "texture": "#wires"},
				"west": {"uv": [13.75, 8.75, 14.5, 9], "texture": "#wires"},
				"up": {"uv": [11.5, 13.75, 11.75, 14.5], "texture": "#wires"},
				"down": {"uv": [11.5, 1.5, 11.75, 2.25], "texture": "#wires"}
			}
		},
		{
			"from": [11, 7, 13.75],
			"to": [11.5, 7.25, 14],
			"faces": {
				"north": {"uv": [4.5, 8.75, 5, 9], "texture": "#wires"},
				"east": {"uv": [2, 8.75, 2.25, 9], "texture": "#wires"},
				"south": {"uv": [11, 8.75, 11.5, 9], "texture": "#wires"},
				"west": {"uv": [13.75, 8.75, 14, 9], "texture": "#wires"},
				"up": {"uv": [11, 13.75, 11.5, 14], "texture": "#wires"},
				"down": {"uv": [11, 2, 11.5, 2.25], "texture": "#wires"}
			}
		},
		{
			"from": [11.5, 9.5, 13.75],
			"to": [11.75, 9.75, 14.5],
			"faces": {
				"north": {"uv": [4.25, 6.25, 4.5, 6.5], "texture": "#wires"},
				"east": {"uv": [1.5, 6.25, 2.25, 6.5], "texture": "#wires"},
				"south": {"uv": [11.5, 6.25, 11.75, 6.5], "texture": "#wires"},
				"west": {"uv": [13.75, 6.25, 14.5, 6.5], "texture": "#wires"},
				"up": {"uv": [11.5, 13.75, 11.75, 14.5], "texture": "#wires"},
				"down": {"uv": [11.5, 1.5, 11.75, 2.25], "texture": "#wires"}
			}
		},
		{
			"from": [11, 9.5, 13.75],
			"to": [11.5, 9.75, 14],
			"faces": {
				"north": {"uv": [4.5, 6.25, 5, 6.5], "texture": "#wires"},
				"east": {"uv": [2, 6.25, 2.25, 6.5], "texture": "#wires"},
				"south": {"uv": [11, 6.25, 11.5, 6.5], "texture": "#wires"},
				"west": {"uv": [13.75, 6.25, 14, 6.5], "texture": "#wires"},
				"up": {"uv": [11, 13.75, 11.5, 14], "texture": "#wires"},
				"down": {"uv": [11, 2, 11.5, 2.25], "texture": "#wires"}
			}
		},
		{
			"from": [10.75, 9.5, 13.75],
			"to": [11, 9.75, 14.5],
			"faces": {
				"north": {"uv": [5, 6.25, 5.25, 6.5], "texture": "#wires"},
				"east": {"uv": [1.5, 6.25, 2.25, 6.5], "texture": "#wires"},
				"south": {"uv": [10.75, 6.25, 11, 6.5], "texture": "#wires"},
				"west": {"uv": [13.75, 6.25, 14.5, 6.5], "texture": "#wires"},
				"up": {"uv": [10.75, 13.75, 11, 14.5], "texture": "#wires"},
				"down": {"uv": [10.75, 1.5, 11, 2.25], "texture": "#wires"}
			}
		},
		{
			"from": [10.5, 7, 14.25],
			"to": [10.75, 7.25, 14.5],
			"faces": {
				"north": {"uv": [5.25, 8.75, 5.5, 9], "texture": "#sensorsurface"},
				"east": {"uv": [1.5, 8.75, 1.75, 9], "texture": "#sensorsurface"},
				"south": {"uv": [10.5, 8.75, 10.75, 9], "texture": "#sensorsurface"},
				"west": {"uv": [14.25, 8.75, 14.5, 9], "texture": "#sensorsurface"},
				"up": {"uv": [10.5, 14.25, 10.75, 14.5], "texture": "#sensorsurface"},
				"down": {"uv": [10.5, 1.5, 10.75, 1.75], "texture": "#sensorsurface"}
			}
		},
		{
			"from": [11, 9.5, 14.25],
			"to": [11.5, 9.75, 14.5],
			"faces": {
				"north": {"uv": [4.5, 6.25, 5, 6.5], "texture": "#sensorsurface"},
				"east": {"uv": [1.5, 6.25, 1.75, 6.5], "texture": "#sensorsurface"},
				"south": {"uv": [11, 6.25, 11.5, 6.5], "texture": "#sensorsurface"},
				"west": {"uv": [14.25, 6.25, 14.5, 6.5], "texture": "#sensorsurface"},
				"up": {"uv": [11, 14.25, 11.5, 14.5], "texture": "#sensorsurface"},
				"down": {"uv": [11, 1.5, 11.5, 1.75], "texture": "#sensorsurface"}
			}
		},
		{
			"from": [11, 7, 14.25],
			"to": [11.5, 7.25, 14.5],
			"faces": {
				"north": {"uv": [4.5, 8.75, 5, 9], "texture": "#sensorsurface"},
				"east": {"uv": [1.5, 8.75, 1.75, 9], "texture": "#sensorsurface"},
				"south": {"uv": [11, 8.75, 11.5, 9], "texture": "#sensorsurface"},
				"west": {"uv": [14.25, 8.75, 14.5, 9], "texture": "#sensorsurface"},
				"up": {"uv": [11, 14.25, 11.5, 14.5], "texture": "#sensorsurface"},
				"down": {"uv": [11, 1.5, 11.5, 1.75], "texture": "#sensorsurface"}
			}
		},
		{
			"from": [10.5, 7.25, 14.25],
			"to": [12, 9.5, 14.5],
			"faces": {
				"north": {"uv": [4, 6.5, 5.5, 8.75], "texture": "#sensorsurface"},
				"east": {"uv": [1.5, 6.5, 1.75, 8.75], "texture": "#sensorsurface"},
				"south": {"uv": [10.5, 6.5, 12, 8.75], "texture": "#sensorsurface"},
				"west": {"uv": [14.25, 6.5, 14.5, 8.75], "texture": "#sensorsurface"},
				"up": {"uv": [10.5, 14.25, 12, 14.5], "texture": "#sensorsurface"},
				"down": {"uv": [10.5, 1.5, 12, 1.75], "texture": "#sensorsurface"}
			}
		},
		{
			"from": [11.75, 7, 14.25],
			"to": [12, 7.25, 14.5],
			"faces": {
				"north": {"uv": [4, 8.75, 4.25, 9], "texture": "#sensorsurface"},
				"east": {"uv": [1.5, 8.75, 1.75, 9], "texture": "#sensorsurface"},
				"south": {"uv": [11.75, 8.75, 12, 9], "texture": "#sensorsurface"},
				"west": {"uv": [14.25, 8.75, 14.5, 9], "texture": "#sensorsurface"},
				"up": {"uv": [11.75, 14.25, 12, 14.5], "texture": "#sensorsurface"},
				"down": {"uv": [11.75, 1.5, 12, 1.75], "texture": "#sensorsurface"}
			}
		},
		{
			"from": [11.75, 9.5, 14.25],
			"to": [12, 9.75, 14.5],
			"faces": {
				"north": {"uv": [4, 6.25, 4.25, 6.5], "texture": "#sensorsurface"},
				"east": {"uv": [1.5, 6.25, 1.75, 6.5], "texture": "#sensorsurface"},
				"south": {"uv": [11.75, 6.25, 12, 6.5], "texture": "#sensorsurface"},
				"west": {"uv": [14.25, 6.25, 14.5, 6.5], "texture": "#sensorsurface"},
				"up": {"uv": [11.75, 14.25, 12, 14.5], "texture": "#sensorsurface"},
				"down": {"uv": [11.75, 1.5, 12, 1.75], "texture": "#sensorsurface"}
			}
		},
		{
			"from": [10.5, 9.5, 14.25],
			"to": [10.75, 9.75, 14.5],
			"faces": {
				"north": {"uv": [5.25, 6.25, 5.5, 6.5], "texture": "#sensorsurface"},
				"east": {"uv": [1.5, 6.25, 1.75, 6.5], "texture": "#sensorsurface"},
				"south": {"uv": [10.5, 6.25, 10.75, 6.5], "texture": "#sensorsurface"},
				"west": {"uv": [14.25, 6.25, 14.5, 6.5], "texture": "#sensorsurface"},
				"up": {"uv": [10.5, 14.25, 10.75, 14.5], "texture": "#sensorsurface"},
				"down": {"uv": [10.5, 1.5, 10.75, 1.75], "texture": "#sensorsurface"}
			}
		},
		{
			"from": [10.25, 5.75, 13.5],
			"to": [10.5, 11, 14.25],
			"faces": {
				"north": {"uv": [5.5, 5, 5.75, 10.25], "texture": "#sensorsurface"},
				"east": {"uv": [1.75, 5, 2.5, 10.25], "texture": "#sensorsurface"},
				"south": {"uv": [10.25, 5, 10.5, 10.25], "texture": "#sensorsurface"},
				"west": {"uv": [13.5, 5, 14.25, 10.25], "texture": "#sensorsurface"},
				"up": {"uv": [10.25, 13.5, 10.5, 14.25], "texture": "#sensorsurface"},
				"down": {"uv": [10.25, 1.75, 10.5, 2.5], "texture": "#sensorsurface"}
			}
		},
		{
			"from": [10.5, 5.75, 13.25],
			"to": [12, 11, 13.5],
			"faces": {
				"north": {"uv": [4, 5, 5.5, 10.25], "texture": "#sensorsurface"},
				"east": {"uv": [2.5, 5, 2.75, 10.25], "texture": "#sensorsurface"},
				"south": {"uv": [10.5, 5, 12, 10.25], "texture": "#sensorsurface"},
				"west": {"uv": [13.25, 5, 13.5, 10.25], "texture": "#sensorsurface"},
				"up": {"uv": [10.5, 13.25, 12, 13.5], "texture": "#sensorsurface"},
				"down": {"uv": [10.5, 2.5, 12, 2.75], "texture": "#sensorsurface"}
			}
		},
		{
			"from": [10.5, 5.75, 14.25],
			"to": [12, 7, 14.5],
			"faces": {
				"north": {"uv": [4, 9, 5.5, 10.25], "texture": "#sensorsurface"},
				"east": {"uv": [1.5, 9, 1.75, 10.25], "texture": "#sensorsurface"},
				"south": {"uv": [10.5, 9, 12, 10.25], "texture": "#sensorsurface"},
				"west": {"uv": [14.25, 9, 14.5, 10.25], "texture": "#sensorsurface"},
				"up": {"uv": [10.5, 14.25, 12, 14.5], "texture": "#sensorsurface"},
				"down": {"uv": [10.5, 1.5, 12, 1.75], "texture": "#sensorsurface"}
			}
		},
		{
			"from": [12, 5.75, 13.5],
			"to": [12.25, 11, 14.25],
			"faces": {
				"north": {"uv": [3.75, 5, 4, 10.25], "texture": "#sensorsurface"},
				"east": {"uv": [1.75, 5, 2.5, 10.25], "texture": "#sensorsurface"},
				"south": {"uv": [12, 5, 12.25, 10.25], "texture": "#sensorsurface"},
				"west": {"uv": [13.5, 5, 14.25, 10.25], "texture": "#sensorsurface"},
				"up": {"uv": [12, 13.5, 12.25, 14.25], "texture": "#sensorsurface"},
				"down": {"uv": [12, 1.75, 12.25, 2.5], "texture": "#sensorsurface"}
			}
		},
		{
			"from": [10.5, 9.75, 14.25],
			"to": [12, 11, 14.5],
			"faces": {
				"north": {"uv": [4, 5, 5.5, 6.25], "texture": "#sensorsurface"},
				"east": {"uv": [1.5, 5, 1.75, 6.25], "texture": "#sensorsurface"},
				"south": {"uv": [10.5, 5, 12, 6.25], "texture": "#sensorsurface"},
				"west": {"uv": [14.25, 5, 14.5, 6.25], "texture": "#sensorsurface"},
				"up": {"uv": [10.5, 14.25, 12, 14.5], "texture": "#sensorsurface"},
				"down": {"uv": [10.5, 1.5, 12, 1.75], "texture": "#sensorsurface"}
			}
		},
		{
			"from": [10.5, 11, 14.25],
			"to": [12, 11.25, 14.75],
			"faces": {
				"north": {"uv": [4, 4.75, 5.5, 5], "texture": "#sensorsurface"},
				"east": {"uv": [1.25, 4.75, 1.75, 5], "texture": "#sensorsurface"},
				"south": {"uv": [10.5, 4.75, 12, 5], "texture": "#sensorsurface"},
				"west": {"uv": [14.25, 4.75, 14.75, 5], "texture": "#sensorsurface"},
				"up": {"uv": [10.5, 14.25, 12, 14.75], "texture": "#sensorsurface"},
				"down": {"uv": [10.5, 1.25, 12, 1.75], "texture": "#sensorsurface"}
			}
		},
		{
			"from": [10.5, 11, 13],
			"to": [12, 11.25, 13.5],
			"faces": {
				"north": {"uv": [4, 4.75, 5.5, 5], "texture": "#sensorsurface"},
				"east": {"uv": [2.5, 4.75, 3, 5], "texture": "#sensorsurface"},
				"south": {"uv": [10.5, 4.75, 12, 5], "texture": "#sensorsurface"},
				"west": {"uv": [13, 4.75, 13.5, 5], "texture": "#sensorsurface"},
				"up": {"uv": [10.5, 13, 12, 13.5], "texture": "#sensorsurface"},
				"down": {"uv": [10.5, 2.5, 12, 3], "texture": "#sensorsurface"}
			}
		},
		{
			"from": [12, 11, 13.25],
			"to": [12.5, 11.25, 14.5],
			"faces": {
				"north": {"uv": [3.5, 4.75, 4, 5], "texture": "#sensorsurface"},
				"east": {"uv": [1.5, 4.75, 2.75, 5], "texture": "#sensorsurface"},
				"south": {"uv": [12, 4.75, 12.5, 5], "texture": "#sensorsurface"},
				"west": {"uv": [13.25, 4.75, 14.5, 5], "texture": "#sensorsurface"},
				"up": {"uv": [12, 13.25, 12.5, 14.5], "texture": "#sensorsurface"},
				"down": {"uv": [12, 1.5, 12.5, 2.75], "texture": "#sensorsurface"}
			}
		},
		{
			"from": [10, 11, 13.25],
			"to": [10.5, 11.25, 14.5],
			"faces": {
				"north": {"uv": [5.5, 4.75, 6, 5], "texture": "#sensorsurface"},
				"east": {"uv": [1.5, 4.75, 2.75, 5], "texture": "#sensorsurface"},
				"south": {"uv": [10, 4.75, 10.5, 5], "texture": "#sensorsurface"},
				"west": {"uv": [13.25, 4.75, 14.5, 5], "texture": "#sensorsurface"},
				"up": {"uv": [10, 13.25, 10.5, 14.5], "texture": "#sensorsurface"},
				"down": {"uv": [10, 1.5, 10.5, 2.75], "texture": "#sensorsurface"}
			}
		},
		{
			"from": [9.75, 11.25, 13],
			"to": [10.25, 11.5, 14.75],
			"faces": {
				"north": {"uv": [5.75, 4.5, 6.25, 4.75], "texture": "#sensorsurface"},
				"east": {"uv": [1.25, 4.5, 3, 4.75], "texture": "#sensorsurface"},
				"south": {"uv": [9.75, 4.5, 10.25, 4.75], "texture": "#sensorsurface"},
				"west": {"uv": [13, 4.5, 14.75, 4.75], "texture": "#sensorsurface"},
				"up": {"uv": [9.75, 13, 10.25, 14.75], "texture": "#sensorsurface"},
				"down": {"uv": [9.75, 1.25, 10.25, 3], "texture": "#sensorsurface"}
			}
		},
		{
			"from": [12.25, 11.25, 13],
			"to": [12.75, 11.5, 14.75],
			"faces": {
				"north": {"uv": [3.25, 4.5, 3.75, 4.75], "texture": "#sensorsurface"},
				"east": {"uv": [1.25, 4.5, 3, 4.75], "texture": "#sensorsurface"},
				"south": {"uv": [12.25, 4.5, 12.75, 4.75], "texture": "#sensorsurface"},
				"west": {"uv": [13, 4.5, 14.75, 4.75], "texture": "#sensorsurface"},
				"up": {"uv": [12.25, 13, 12.75, 14.75], "texture": "#sensorsurface"},
				"down": {"uv": [12.25, 1.25, 12.75, 3], "texture": "#sensorsurface"}
			}
		},
		{
			"from": [10.25, 11.25, 12.75],
			"to": [12.25, 11.5, 13.25],
			"faces": {
				"north": {"uv": [3.75, 4.5, 5.75, 4.75], "texture": "#sensorsurface"},
				"east": {"uv": [2.75, 4.5, 3.25, 4.75], "texture": "#sensorsurface"},
				"south": {"uv": [10.25, 4.5, 12.25, 4.75], "texture": "#sensorsurface"},
				"west": {"uv": [12.75, 4.5, 13.25, 4.75], "texture": "#sensorsurface"},
				"up": {"uv": [10.25, 12.75, 12.25, 13.25], "texture": "#sensorsurface"},
				"down": {"uv": [10.25, 2.75, 12.25, 3.25], "texture": "#sensorsurface"}
			}
		},
		{
			"from": [10.25, 11.25, 14.5],
			"to": [12.25, 11.5, 15],
			"faces": {
				"north": {"uv": [3.75, 4.5, 5.75, 4.75], "texture": "#sensorsurface"},
				"east": {"uv": [1, 4.5, 1.5, 4.75], "texture": "#sensorsurface"},
				"south": {"uv": [10.25, 4.5, 12.25, 4.75], "texture": "#sensorsurface"},
				"west": {"uv": [14.5, 4.5, 15, 4.75], "texture": "#sensorsurface"},
				"up": {"uv": [10.25, 14.5, 12.25, 15], "texture": "#sensorsurface"},
				"down": {"uv": [10.25, 1, 12.25, 1.5], "texture": "#sensorsurface"}
			}
		},
		{
			"from": [10, 11.5, 14.75],
			"to": [12.5, 11.75, 15.25],
			"faces": {
				"north": {"uv": [3.5, 4.25, 6, 4.5], "texture": "#sensorsurface"},
				"east": {"uv": [0.75, 4.25, 1.25, 4.5], "texture": "#sensorsurface"},
				"south": {"uv": [10, 4.25, 12.5, 4.5], "texture": "#sensorsurface"},
				"west": {"uv": [14.75, 4.25, 15.25, 4.5], "texture": "#sensorsurface"},
				"up": {"uv": [10, 14.75, 12.5, 15.25], "texture": "#sensorsurface"},
				"down": {"uv": [10, 0.75, 12.5, 1.25], "texture": "#sensorsurface"}
			}
		},
		{
			"from": [10, 11.5, 12.25],
			"to": [12.5, 11.75, 12.75],
			"faces": {
				"north": {"uv": [3.5, 4.25, 6, 4.5], "texture": "#sensorsurface"},
				"east": {"uv": [3.25, 4.25, 3.75, 4.5], "texture": "#sensorsurface"},
				"south": {"uv": [10, 4.25, 12.5, 4.5], "texture": "#sensorsurface"},
				"west": {"uv": [12.25, 4.25, 12.75, 4.5], "texture": "#sensorsurface"},
				"up": {"uv": [10, 12.25, 12.5, 12.75], "texture": "#sensorsurface"},
				"down": {"uv": [10, 3.25, 12.5, 3.75], "texture": "#sensorsurface"}
			}
		},
		{
			"from": [9.5, 11.5, 12.75],
			"to": [10.25, 11.75, 14.75],
			"faces": {
				"north": {"uv": [5.75, 4.25, 6.5, 4.5], "texture": "#sensorsurface"},
				"east": {"uv": [1.25, 4.25, 3.25, 4.5], "texture": "#sensorsurface"},
				"south": {"uv": [9.5, 4.25, 10.25, 4.5], "texture": "#sensorsurface"},
				"west": {"uv": [12.75, 4.25, 14.75, 4.5], "texture": "#sensorsurface"},
				"up": {"uv": [9.5, 12.75, 10.25, 14.75], "texture": "#sensorsurface"},
				"down": {"uv": [9.5, 1.25, 10.25, 3.25], "texture": "#sensorsurface"}
			}
		},
		{
			"from": [12.25, 11.5, 12.75],
			"to": [13, 11.75, 14.75],
			"faces": {
				"north": {"uv": [3, 4.25, 3.75, 4.5], "texture": "#sensorsurface"},
				"east": {"uv": [1.25, 4.25, 3.25, 4.5], "texture": "#sensorsurface"},
				"south": {"uv": [12.25, 4.25, 13, 4.5], "texture": "#sensorsurface"},
				"west": {"uv": [12.75, 4.25, 14.75, 4.5], "texture": "#sensorsurface"},
				"up": {"uv": [12.25, 12.75, 13, 14.75], "texture": "#sensorsurface"},
				"down": {"uv": [12.25, 1.25, 13, 3.25], "texture": "#sensorsurface"}
			}
		},
		{
			"from": [10.5, 5.5, 13.5],
			"to": [11, 5.75, 14.25],
			"faces": {
				"north": {"uv": [5, 10.25, 5.5, 10.5], "texture": "#sensorsurface"},
				"east": {"uv": [1.75, 10.25, 2.5, 10.5], "texture": "#sensorsurface"},
				"south": {"uv": [10.5, 10.25, 11, 10.5], "texture": "#sensorsurface"},
				"west": {"uv": [13.5, 10.25, 14.25, 10.5], "texture": "#sensorsurface"},
				"up": {"uv": [10.5, 13.5, 11, 14.25], "texture": "#sensorsurface"},
				"down": {"uv": [10.5, 1.75, 11, 2.5], "texture": "#sensorsurface"}
			}
		},
		{
			"from": [11.5, 5.5, 13.5],
			"to": [12, 5.75, 14.25],
			"faces": {
				"north": {"uv": [4, 10.25, 4.5, 10.5], "texture": "#sensorsurface"},
				"east": {"uv": [1.75, 10.25, 2.5, 10.5], "texture": "#sensorsurface"},
				"south": {"uv": [11.5, 10.25, 12, 10.5], "texture": "#sensorsurface"},
				"west": {"uv": [13.5, 10.25, 14.25, 10.5], "texture": "#sensorsurface"},
				"up": {"uv": [11.5, 13.5, 12, 14.25], "texture": "#sensorsurface"},
				"down": {"uv": [11.5, 1.75, 12, 2.5], "texture": "#sensorsurface"}
			}
		},
		{
			"from": [11, 5.5, 14],
			"to": [11.5, 5.75, 14.25],
			"faces": {
				"north": {"uv": [4.5, 10.25, 5, 10.5], "texture": "#sensorsurface"},
				"east": {"uv": [1.75, 10.25, 2, 10.5], "texture": "#sensorsurface"},
				"south": {"uv": [11, 10.25, 11.5, 10.5], "texture": "#sensorsurface"},
				"west": {"uv": [14, 10.25, 14.25, 10.5], "texture": "#sensorsurface"},
				"up": {"uv": [11, 14, 11.5, 14.25], "texture": "#sensorsurface"},
				"down": {"uv": [11, 1.75, 11.5, 2], "texture": "#sensorsurface"}
			}
		},
		{
			"from": [11, 5.5, 13.5],
			"to": [11.5, 5.75, 13.75],
			"faces": {
				"north": {"uv": [4.5, 10.25, 5, 10.5], "texture": "#sensorsurface"},
				"east": {"uv": [2.25, 10.25, 2.5, 10.5], "texture": "#sensorsurface"},
				"south": {"uv": [11, 10.25, 11.5, 10.5], "texture": "#sensorsurface"},
				"west": {"uv": [13.5, 10.25, 13.75, 10.5], "texture": "#sensorsurface"},
				"up": {"uv": [11, 13.5, 11.5, 13.75], "texture": "#sensorsurface"},
				"down": {"uv": [11, 2.25, 11.5, 2.5], "texture": "#sensorsurface"}
			}
		}
	],
	"display": {
		"thirdperson_righthand": {
			"rotation": [0, 90, -2],
			"translation": [-4.75, 0, 0],
			"scale": [0.75, 0.75, 0.75]
		},
		"firstperson_righthand": {
			"rotation": [8, 64, 5],
			"translation": [-3.75, 1.25, 0.75],
			"scale": [0.6, 0.6, 0.6]
		},
		"ground": {
			"translation": [0, 0, -7],
			"scale": [0.75, 0.75, 0.75]
		},
		"gui": {
			"rotation": [0, 180, 0],
			"translation": [2.5, -1, 0],
			"scale": [2, 2, 2]
		},
		"fixed": {
			"translation": [0, 0, -9.5],
			"scale": [1.2, 1.2, 1.2]
		}
	}
}