{
  "parent": "block/cube",
  "ambientocclusion": false,
	"textures": {
		"metal": "rsgauges:blocks/common/old_iron",
		"particle": "rsgauges:blocks/common/old_iron",
		"track": "rsgauges:blocks/indicator/indicator_fg_red_on_texture"
	},
	"elements": [
		{
			"from": [0, 0.375, 3.25],
			"to": [4, 0.625, 6.375],
			"faces": {
				"north": {"uv": [0, 0, 14, 0.25], "texture": "#metal"},
				"east": {"uv": [0, 0, 12, 0.25], "texture": "#metal"},
				"south": {"uv": [0, 0, 14, 0.25], "texture": "#metal"},
				"west": {"uv": [0, 15, 12, 15.25], "texture": "#metal"},
				"up": {"uv": [0, 2, 11, 10], "texture": "#metal"},
				"down": {"uv": [2, 4, 16, 16], "texture": "#metal"}
			}
		},
		{
			"from": [0, 0.375, 6.375],
			"to": [4, 0.625, 9.5],
			"faces": {
				"north": {"uv": [0, 0, 14, 0.25], "texture": "#metal"},
				"east": {"uv": [0, 0, 12, 0.25], "texture": "#metal"},
				"south": {"uv": [0, 0, 14, 0.25], "texture": "#metal"},
				"west": {"uv": [4, 11, 16, 11.25], "texture": "#metal"},
				"up": {"uv": [2, 8, 12, 16], "texture": "#metal"},
				"down": {"uv": [2, 2, 16, 14], "texture": "#metal"}
			}
		},
		{
			"from": [0, 0, 12.75],
			"to": [4, 0.625, 16],
			"faces": {
				"north": {"uv": [0, 0, 14, 0.25], "texture": "#metal"},
				"east": {"uv": [0, 0, 12, 0.25], "texture": "#metal"},
				"south": {"uv": [0, 5, 14, 8.25], "texture": "#metal"},
				"west": {"uv": [3, 4, 15, 6.25], "texture": "#metal"},
				"up": {"uv": [0, 8, 10, 16], "texture": "#metal"},
				"down": {"uv": [0, 0, 14, 12], "texture": "#metal"}
			}
		},
		{
			"from": [0, 0, 0],
			"to": [4, 0.625, 3.25],
			"faces": {
				"north": {"uv": [2, 12, 16, 14.25], "texture": "#metal"},
				"east": {"uv": [0, 0, 12, 0.25], "texture": "#metal"},
				"south": {"uv": [0, 0, 14, 0.25], "texture": "#metal"},
				"west": {"uv": [0, 0, 12, 2.25], "texture": "#metal"},
				"up": {"uv": [0, 0, 10, 8], "texture": "#metal"},
				"down": {"uv": [1, 1, 15, 13], "texture": "#metal"}
			}
		},
		{
			"from": [0, 0.375, 9.5],
			"to": [4, 0.625, 12.75],
			"faces": {
				"north": {"uv": [0, 0, 14, 0.25], "texture": "#metal"},
				"east": {"uv": [0, 0, 12, 0.25], "texture": "#metal"},
				"south": {"uv": [0, 0, 14, 0.25], "texture": "#metal"},
				"west": {"uv": [4, 11, 16, 11.25], "texture": "#metal"},
				"up": {"uv": [3, 6, 13, 14], "texture": "#metal"},
				"down": {"uv": [2, 2, 16, 14], "texture": "#metal"}
			}
		},
		{
			"from": [4, 0.375, 0],
			"to": [8, 0.625, 3.25],
			"faces": {
				"north": {"uv": [2, 12, 16, 12.25], "texture": "#metal"},
				"east": {"uv": [0, 0, 12, 0.25], "texture": "#metal"},
				"south": {"uv": [0, 0, 14, 0.25], "texture": "#metal"},
				"west": {"uv": [0, 0, 12, 0.25], "texture": "#metal"},
				"up": {"uv": [6, 0, 16, 8], "texture": "#metal"},
				"down": {"uv": [2, 4, 16, 16], "texture": "#metal"}
			}
		},
		{
			"from": [4, 0.375, 12.75],
			"to": [8, 0.625, 16],
			"faces": {
				"north": {"uv": [0, 0, 14, 0.25], "texture": "#metal"},
				"east": {"uv": [0, 0, 12, 0.25], "texture": "#metal"},
				"south": {"uv": [0, 5, 14, 5.25], "texture": "#metal"},
				"west": {"uv": [3, 4, 15, 4.25], "texture": "#metal"},
				"up": {"uv": [3, 7, 13, 15], "texture": "#metal"},
				"down": {"uv": [0, 0, 14, 12], "texture": "#metal"}
			}
		},
		{
			"from": [12, 0, 0],
			"to": [16, 0.625, 3.25],
			"faces": {
				"north": {"uv": [1, 10, 15, 12.25], "texture": "#metal"},
				"east": {"uv": [2, 2, 14, 4.25], "texture": "#metal"},
				"south": {"uv": [0, 0, 14, 0.25], "texture": "#metal"},
				"west": {"uv": [0, 0, 12, 0.25], "texture": "#metal"},
				"up": {"uv": [2, 0, 12, 8], "texture": "#metal"},
				"down": {"uv": [1, 1, 15, 13], "texture": "#metal"}
			}
		},
		{
			"from": [12, 0.375, 3.25],
			"to": [13.5, 0.625, 6.375],
			"faces": {
				"north": {"uv": [0, 0, 14, 0.25], "texture": "#metal"},
				"east": {"uv": [0, 0, 12, 0.25], "texture": "#metal"},
				"south": {"uv": [0, 0, 14, 0.25], "texture": "#metal"},
				"west": {"uv": [0, 15, 12, 15.25], "texture": "#metal"},
				"up": {"uv": [0, 3, 2, 11], "texture": "#metal"},
				"down": {"uv": [2, 4, 16, 16], "texture": "#metal"}
			}
		},
		{
			"from": [12, 0.375, 6.375],
			"to": [13.5, 0.625, 9.5],
			"faces": {
				"north": {"uv": [0, 0, 14, 0.25], "texture": "#metal"},
				"east": {"uv": [0, 0, 12, 0.25], "texture": "#metal"},
				"south": {"uv": [0, 0, 14, 0.25], "texture": "#metal"},
				"west": {"uv": [4, 11, 16, 11.25], "texture": "#metal"},
				"up": {"uv": [12, 4, 14, 12], "texture": "#metal"},
				"down": {"uv": [2, 2, 16, 14], "texture": "#metal"}
			}
		},
		{
			"from": [12, 0, 9.5],
			"to": [16, 0.625, 12.75],
			"faces": {
				"north": {"uv": [0, 0, 14, 0.25], "texture": "#metal"},
				"east": {"uv": [0, 0, 12, 2.25], "texture": "#metal"},
				"south": {"uv": [0, 0, 14, 0.25], "texture": "#metal"},
				"west": {"uv": [4, 11, 16, 11.25], "texture": "#metal"},
				"up": {"uv": [3, 5, 13, 13], "texture": "#metal"},
				"down": {"uv": [2, 2, 16, 14], "texture": "#metal"}
			}
		},
		{
			"from": [12, 0, 12.75],
			"to": [16, 0.625, 16],
			"faces": {
				"north": {"uv": [0, 0, 14, 0.25], "texture": "#metal"},
				"east": {"uv": [0, 0, 12, 3.25], "texture": "#metal"},
				"south": {"uv": [0, 5, 14, 8.25], "texture": "#metal"},
				"west": {"uv": [3, 4, 15, 4.25], "texture": "#metal"},
				"up": {"uv": [6, 6, 16, 14], "texture": "#metal"},
				"down": {"uv": [0, 0, 14, 12], "texture": "#metal"}
			}
		},
		{
			"from": [8, 0.375, 0],
			"to": [12, 0.625, 3.25],
			"faces": {
				"north": {"uv": [2, 12, 16, 12.25], "texture": "#metal"},
				"east": {"uv": [0, 0, 12, 0.25], "texture": "#metal"},
				"south": {"uv": [0, 0, 14, 0.25], "texture": "#metal"},
				"west": {"uv": [0, 0, 12, 0.25], "texture": "#metal"},
				"up": {"uv": [4, 1, 14, 9], "texture": "#metal"},
				"down": {"uv": [2, 4, 16, 16], "texture": "#metal"}
			}
		},
		{
			"from": [8, 0.375, 12.75],
			"to": [12, 0.625, 16],
			"faces": {
				"north": {"uv": [0, 0, 14, 0.25], "texture": "#metal"},
				"east": {"uv": [0, 0, 12, 0.25], "texture": "#metal"},
				"south": {"uv": [0, 5, 14, 5.25], "texture": "#metal"},
				"west": {"uv": [3, 4, 15, 4.25], "texture": "#metal"},
				"up": {"uv": [6, 8, 16, 16], "texture": "#metal"},
				"down": {"uv": [0, 0, 14, 12], "texture": "#metal"}
			}
		},
		{
			"from": [13.625, 0.375, 8.25],
			"to": [16, 0.5, 9.5],
			"faces": {
				"north": {"uv": [0, 0, 14, 0.25], "texture": "#metal"},
				"east": {"uv": [0, 0, 12, 0.25], "texture": "#metal"},
				"south": {"uv": [0, 0, 14, 0.25], "texture": "#metal"},
				"west": {"uv": [4, 11, 16, 11.25], "texture": "#metal"},
				"up": {"uv": [2, 9, 10, 13], "texture": "#metal"},
				"down": {"uv": [2, 2, 16, 14], "texture": "#metal"}
			}
		},
		{
			"from": [13.625, 0.25, 3.375],
			"to": [16, 0.5, 5.875],
			"faces": {
				"north": {"uv": [0, 0, 14, 0.25], "texture": "#metal"},
				"east": {"uv": [0, 0, 12, 1.25], "texture": "#metal"},
				"south": {"uv": [0, 0, 14, 0.25], "texture": "#metal"},
				"west": {"uv": [4, 11, 16, 11.25], "texture": "#metal"},
				"up": {"uv": [3, 3, 13, 11], "texture": "#metal"},
				"down": {"uv": [2, 2, 16, 14], "texture": "#metal"}
			}
		},
		{
			"from": [4, 0.375, 3.25],
			"to": [8, 0.625, 6.25],
			"faces": {
				"north": {"uv": [2, 12, 16, 12.25], "texture": "#metal"},
				"east": {"uv": [0, 0, 12, 0.25], "texture": "#metal"},
				"south": {"uv": [0, 0, 14, 0.25], "texture": "#metal"},
				"west": {"uv": [0, 0, 12, 0.25], "texture": "#metal"},
				"up": {"uv": [0, 6, 10, 14], "texture": "#metal"},
				"down": {"uv": [2, 4, 16, 16], "texture": "#metal"}
			}
		},
		{
			"from": [8, 0.375, 3.25],
			"to": [12, 0.625, 6.25],
			"faces": {
				"north": {"uv": [2, 12, 16, 12.25], "texture": "#metal"},
				"east": {"uv": [0, 0, 12, 0.25], "texture": "#metal"},
				"south": {"uv": [0, 0, 14, 0.25], "texture": "#metal"},
				"west": {"uv": [0, 0, 12, 0.25], "texture": "#metal"},
				"up": {"uv": [3, 7, 13, 15], "texture": "#metal"},
				"down": {"uv": [0, 4, 14, 16], "texture": "#metal"}
			}
		},
		{
			"from": [4, 0.375, 9.5],
			"to": [8, 0.625, 12.75],
			"faces": {
				"north": {"uv": [2, 12, 16, 12.25], "texture": "#metal"},
				"east": {"uv": [0, 0, 12, 0.25], "texture": "#metal"},
				"south": {"uv": [0, 0, 14, 0.25], "texture": "#metal"},
				"west": {"uv": [0, 0, 12, 0.25], "texture": "#metal"},
				"up": {"uv": [3, 8, 13, 16], "texture": "#metal"},
				"down": {"uv": [0, 4, 14, 16], "texture": "#metal"}
			}
		},
		{
			"from": [8, 0, 9.5],
			"to": [12, 0.625, 12.75],
			"faces": {
				"north": {"uv": [2, 12, 16, 12.25], "texture": "#metal"},
				"east": {"uv": [0, 0, 12, 0.25], "texture": "#metal"},
				"south": {"uv": [0, 0, 14, 0.25], "texture": "#metal"},
				"west": {"uv": [0, 0, 12, 0.25], "texture": "#metal"},
				"up": {"uv": [0, 3, 10, 11], "texture": "#metal"},
				"down": {"uv": [2, 0, 16, 12], "texture": "#metal"}
			}
		},
		{
			"from": [4, 0, 6.25],
			"to": [8, 0.625, 9.5],
			"faces": {
				"north": {"uv": [2, 12, 16, 12.25], "texture": "#metal"},
				"east": {"uv": [0, 0, 12, 0.25], "texture": "#metal"},
				"south": {"uv": [0, 0, 14, 0.25], "texture": "#metal"},
				"west": {"uv": [0, 0, 12, 0.25], "texture": "#metal"},
				"up": {"uv": [4, 6, 14, 14], "texture": "#metal"},
				"down": {"uv": [0, 4, 14, 16], "texture": "#metal"}
			}
		},
		{
			"from": [8, 0, 6.25],
			"to": [12, 0.625, 9.5],
			"faces": {
				"north": {"uv": [2, 12, 16, 12.25], "texture": "#metal"},
				"east": {"uv": [0, 0, 12, 0.25], "texture": "#metal"},
				"south": {"uv": [0, 0, 14, 0.25], "texture": "#metal"},
				"west": {"uv": [0, 0, 12, 0.25], "texture": "#metal"},
				"up": {"uv": [0, 8, 10, 16], "texture": "#metal"},
				"down": {"uv": [2, 4, 16, 16], "texture": "#metal"}
			}
		},
		{
			"from": [15.5, 0.25, 5.875],
			"to": [16, 0.375, 8.25],
			"faces": {
				"north": {"uv": [0, 0, 14, 0.25], "texture": "#metal"},
				"east": {"uv": [0, 0, 12, 0.25], "texture": "#metal"},
				"south": {"uv": [0, 0, 14, 0.25], "texture": "#metal"},
				"west": {"uv": [4, 11, 16, 11.25], "texture": "#metal"},
				"up": {"uv": [4, 6, 7, 14], "texture": "#metal"},
				"down": {"uv": [2, 2, 16, 14], "texture": "#metal"}
			}
		},
		{
			"from": [13.625, 0.25, 5.875],
			"to": [14.125, 0.375, 8.25],
			"faces": {
				"north": {"uv": [0, 0, 14, 0.25], "texture": "#metal"},
				"east": {"uv": [0, 0, 12, 0.25], "texture": "#metal"},
				"south": {"uv": [0, 0, 14, 0.25], "texture": "#metal"},
				"west": {"uv": [4, 11, 16, 11.25], "texture": "#metal"},
				"up": {"uv": [0, 8, 3, 16], "texture": "#metal"},
				"down": {"uv": [2, 2, 16, 14], "texture": "#metal"}
			}
		},
		{
			"from": [14.875, 0.25, 5.875],
			"to": [15.375, 0.375, 8.25],
			"faces": {
				"north": {"uv": [0, 0, 14, 0.25], "texture": "#metal"},
				"east": {"uv": [0, 0, 12, 0.25], "texture": "#metal"},
				"south": {"uv": [0, 0, 14, 0.25], "texture": "#metal"},
				"west": {"uv": [4, 11, 16, 11.25], "texture": "#metal"},
				"up": {"uv": [4, 6, 7, 14], "texture": "#metal"},
				"down": {"uv": [2, 2, 16, 14], "texture": "#metal"}
			}
		},
		{
			"from": [14.25, 0.25, 5.875],
			"to": [14.75, 0.375, 8.25],
			"faces": {
				"north": {"uv": [0, 0, 14, 0.25], "texture": "#metal"},
				"east": {"uv": [0, 0, 12, 0.25], "texture": "#metal"},
				"south": {"uv": [0, 0, 14, 0.25], "texture": "#metal"},
				"west": {"uv": [4, 11, 16, 11.25], "texture": "#metal"},
				"up": {"uv": [4, 6, 7, 14], "texture": "#metal"},
				"down": {"uv": [2, 2, 16, 14], "texture": "#metal"}
			}
		},
		{
			"from": [13.625, 0, 3.375],
			"to": [16, 0.125, 5.875],
			"faces": {
				"north": {"uv": [0, 0, 14, 0.25], "texture": "#track"},
				"east": {"uv": [0, 0, 12, 1.25], "texture": "#track"},
				"south": {"uv": [0, 0, 14, 0.25], "texture": "#track"},
				"west": {"uv": [4, 11, 16, 11.25], "texture": "#track"},
				"up": {"uv": [3, 3, 13, 11], "texture": "#track"},
				"down": {"uv": [2, 2, 16, 14], "texture": "#track"}
			}
		},
		{
			"from": [7.5, 0, 3.375],
			"to": [13.625, 0.125, 4],
			"faces": {
				"north": {"uv": [0, 0, 14, 0.25], "texture": "#track"},
				"east": {"uv": [0, 0, 12, 1.25], "texture": "#track"},
				"south": {"uv": [0, 0, 14, 0.25], "texture": "#track"},
				"west": {"uv": [4, 11, 16, 11.25], "texture": "#track"},
				"up": {"uv": [10, 3, 14, 13], "texture": "#track"},
				"down": {"uv": [2, 2, 16, 14], "texture": "#track"}
			}
		},
		{
			"from": [13.625, 0.125, 3.375],
			"to": [16, 0.25, 5.875],
			"faces": {
				"north": {"uv": [0, 0, 14, 0.25], "texture": "#track"},
				"east": {"uv": [0, 0, 12, 1.25], "texture": "#track"},
				"south": {"uv": [0, 0, 14, 0.25], "texture": "#track"},
				"west": {"uv": [4, 11, 16, 11.25], "texture": "#track"},
				"up": {"uv": [3, 3, 13, 11], "texture": "#track"},
				"down": {"uv": [2, 2, 16, 14], "texture": "#track"}
			}
		},
		{
			"from": [7.5, 0, 0],
			"to": [8.5, 0.125, 3.375],
			"faces": {
				"north": {"uv": [0, 0, 14, 0.25], "texture": "#track"},
				"east": {"uv": [0, 0, 12, 1.25], "texture": "#track"},
				"south": {"uv": [0, 0, 14, 0.25], "texture": "#track"},
				"west": {"uv": [4, 11, 16, 11.25], "texture": "#track"},
				"up": {"uv": [10, 3, 14, 13], "texture": "#track"},
				"down": {"uv": [2, 2, 16, 14], "texture": "#track"}
			}
		}
	],
	"display": {
		"gui": {
			"rotation": [30, 30, 0],
			"translation": [0, 4, 0],
			"scale": [0.7, 0.7, 0.7]
		},
		"fixed": {
			"rotation": [0, 0, 0],
			"translation": [0, 0, 0],
			"scale": [0.5, 0.5, 0.5]
		},
		"ground": {
			"rotation": [90, 0, 0],
			"translation": [0, 0, 0],
			"scale": [0.5, 0.5, 0.5]
		}
	}
}