{
	"parent": "block/cube",
	"ambientocclusion": false,
	"textures": {
		"metal": "rsgauges:blocks/common/old_iron",
		"particle": "rsgauges:blocks/common/old_iron"
	},
	"elements": [
		{
			"from": [2, 15.25, 1.875],
			"to": [6, 16, 3],
			"faces": {
				"north": {"uv": [0, 0, 14, 0.25], "texture": "#metal"},
				"east": {"uv": [0, 0, 12, 0.25], "texture": "#metal"},
				"south": {"uv": [0, 0, 14, 0.25], "texture": "#metal"},
				"west": {"uv": [0, 15, 12, 15.25], "texture": "#metal"},
				"up": {"uv": [0, 2, 11, 5], "texture": "#metal"},
				"down": {"uv": [2, 4, 16, 16], "texture": "#metal"}
			}
		},
		{
			"from": [0, 14.625, 0],
			"to": [4, 16, 1.25],
			"faces": {
				"north": {"uv": [2, 9, 16, 12.25], "texture": "#metal"},
				"east": {"uv": [0, 0, 12, 0.25], "texture": "#metal"},
				"south": {"uv": [0, 0, 14, 4.25], "texture": "#metal"},
				"west": {"uv": [0, 0, 12, 6.25], "texture": "#metal"},
				"up": {"uv": [0, 0, 10, 4], "texture": "#metal"},
				"down": {"uv": [1, 1, 15, 13], "texture": "#metal"}
			}
		},
		{
			"from": [4, 14.625, 0],
			"to": [8, 16, 1.25],
			"faces": {
				"north": {"uv": [2, 9, 16, 12.25], "texture": "#metal"},
				"east": {"uv": [0, 0, 12, 0.25], "texture": "#metal"},
				"south": {"uv": [0, 0, 14, 4.25], "texture": "#metal"},
				"west": {"uv": [0, 0, 12, 0.25], "texture": "#metal"},
				"up": {"uv": [6, 0, 16, 3], "texture": "#metal"},
				"down": {"uv": [1, 1, 15, 13], "texture": "#metal"}
			}
		},
		{
			"from": [6, 15.25, 1.25],
			"to": [10, 16, 4.375],
			"faces": {
				"north": {"uv": [0, 0, 14, 0.25], "texture": "#metal"},
				"east": {"uv": [0, 0, 12, 0.25], "texture": "#metal"},
				"south": {"uv": [0, 0, 14, 0.25], "texture": "#metal"},
				"west": {"uv": [0, 15, 12, 15.25], "texture": "#metal"},
				"up": {"uv": [0, 4, 11, 12], "texture": "#metal"},
				"down": {"uv": [2, 4, 16, 16], "texture": "#metal"}
			}
		},
		{
			"from": [6, 15.25, 4.375],
			"to": [10, 16, 7.5],
			"faces": {
				"north": {"uv": [0, 0, 14, 0.25], "texture": "#metal"},
				"east": {"uv": [0, 0, 12, 0.25], "texture": "#metal"},
				"south": {"uv": [0, 0, 14, 0.25], "texture": "#metal"},
				"west": {"uv": [4, 11, 16, 11.25], "texture": "#metal"},
				"up": {"uv": [4, 5, 14, 13], "texture": "#metal"},
				"down": {"uv": [2, 2, 16, 14], "texture": "#metal"}
			}
		},
		{
			"from": [6, 15.25, 7.5],
			"to": [10, 16, 11.25],
			"faces": {
				"north": {"uv": [0, 0, 14, 0.25], "texture": "#metal"},
				"east": {"uv": [0, 0, 12, 0.25], "texture": "#metal"},
				"south": {"uv": [0, 0, 14, 0.25], "texture": "#metal"},
				"west": {"uv": [4, 11, 16, 11.25], "texture": "#metal"},
				"up": {"uv": [0, 8, 10, 16], "texture": "#metal"},
				"down": {"uv": [2, 2, 16, 14], "texture": "#metal"}
			}
		},
		{
			"from": [6, 15.25, 11.25],
			"to": [10, 16, 14],
			"faces": {
				"north": {"uv": [0, 0, 14, 0.25], "texture": "#metal"},
				"east": {"uv": [0, 0, 12, 0.25], "texture": "#metal"},
				"south": {"uv": [0, 5, 14, 5.25], "texture": "#metal"},
				"west": {"uv": [3, 4, 15, 4.25], "texture": "#metal"},
				"up": {"uv": [3, 7, 13, 15], "texture": "#metal"},
				"down": {"uv": [0, 0, 14, 12], "texture": "#metal"}
			}
		},
		{
			"from": [12, 14.625, 0],
			"to": [16, 16, 1.25],
			"faces": {
				"north": {"uv": [2, 9, 16, 12.25], "texture": "#metal"},
				"east": {"uv": [4, 6, 16, 13.25], "texture": "#metal"},
				"south": {"uv": [0, 0, 14, 4.25], "texture": "#metal"},
				"west": {"uv": [0, 0, 12, 0.25], "texture": "#metal"},
				"up": {"uv": [6, 0, 16, 4], "texture": "#metal"},
				"down": {"uv": [1, 1, 15, 13], "texture": "#metal"}
			}
		},
		{
			"from": [14, 15.25, 8.5],
			"to": [16, 16, 12.25],
			"faces": {
				"north": {"uv": [0, 0, 14, 0.25], "texture": "#metal"},
				"east": {"uv": [2, 2, 14, 4.25], "texture": "#metal"},
				"south": {"uv": [0, 0, 14, 0.25], "texture": "#metal"},
				"west": {"uv": [0, 6, 12, 8.25], "texture": "#metal"},
				"up": {"uv": [6, 4, 10, 12], "texture": "#metal"},
				"down": {"uv": [2, 2, 16, 14], "texture": "#metal"}
			}
		},
		{
			"from": [14, 15.25, 12.25],
			"to": [16, 16, 16],
			"faces": {
				"north": {"uv": [0, 0, 14, 0.25], "texture": "#metal"},
				"east": {"uv": [0, 2, 12, 4.25], "texture": "#metal"},
				"south": {"uv": [6, 10, 11, 12.25], "texture": "#metal"},
				"west": {"uv": [0, 6, 12, 8.25], "texture": "#metal"},
				"up": {"uv": [4, 3, 9, 11], "texture": "#metal"},
				"down": {"uv": [0, 0, 14, 12], "texture": "#metal"}
			}
		},
		{
			"from": [8, 14.625, 0],
			"to": [12, 16, 1.25],
			"faces": {
				"north": {"uv": [2, 9, 16, 12.25], "texture": "#metal"},
				"east": {"uv": [0, 0, 12, 0.25], "texture": "#metal"},
				"south": {"uv": [0, 0, 14, 4.25], "texture": "#metal"},
				"west": {"uv": [0, 0, 12, 0.25], "texture": "#metal"},
				"up": {"uv": [3, 0, 13, 3], "texture": "#metal"},
				"down": {"uv": [1, 1, 15, 13], "texture": "#metal"}
			}
		},
		{
			"from": [14, 15.25, 1.25],
			"to": [16, 16, 4.75],
			"faces": {
				"north": {"uv": [0, 0, 14, 0.25], "texture": "#metal"},
				"east": {"uv": [2, 4, 14, 6.25], "texture": "#metal"},
				"south": {"uv": [0, 0, 14, 0.25], "texture": "#metal"},
				"west": {"uv": [4, 9, 16, 11.25], "texture": "#metal"},
				"up": {"uv": [3, 5, 7, 13], "texture": "#metal"},
				"down": {"uv": [2, 2, 16, 14], "texture": "#metal"}
			}
		},
		{
			"from": [14, 15.25, 4.75],
			"to": [16, 16, 8.5],
			"faces": {
				"north": {"uv": [0, 0, 14, 0.25], "texture": "#metal"},
				"east": {"uv": [3, 6, 15, 8.25], "texture": "#metal"},
				"south": {"uv": [0, 0, 14, 0.25], "texture": "#metal"},
				"west": {"uv": [4, 9, 16, 11.25], "texture": "#metal"},
				"up": {"uv": [4, 6, 9, 14], "texture": "#metal"},
				"down": {"uv": [2, 2, 16, 14], "texture": "#metal"}
			}
		},
		{
			"from": [0, 15.25, 1.25],
			"to": [2, 16, 4.75],
			"faces": {
				"north": {"uv": [0, 0, 14, 0.25], "texture": "#metal"},
				"east": {"uv": [2, 4, 14, 6.25], "texture": "#metal"},
				"south": {"uv": [0, 0, 14, 0.25], "texture": "#metal"},
				"west": {"uv": [4, 9, 16, 11.25], "texture": "#metal"},
				"up": {"uv": [3, 5, 7, 13], "texture": "#metal"},
				"down": {"uv": [2, 2, 16, 14], "texture": "#metal"}
			}
		},
		{
			"from": [0, 15.25, 4.75],
			"to": [2, 16, 8.5],
			"faces": {
				"north": {"uv": [0, 0, 14, 0.25], "texture": "#metal"},
				"east": {"uv": [3, 6, 15, 8.25], "texture": "#metal"},
				"south": {"uv": [0, 0, 14, 0.25], "texture": "#metal"},
				"west": {"uv": [4, 9, 16, 11.25], "texture": "#metal"},
				"up": {"uv": [4, 6, 9, 14], "texture": "#metal"},
				"down": {"uv": [2, 2, 16, 14], "texture": "#metal"}
			}
		},
		{
			"from": [0, 15.25, 8.5],
			"to": [2, 16, 12.25],
			"faces": {
				"north": {"uv": [0, 0, 14, 0.25], "texture": "#metal"},
				"east": {"uv": [2, 2, 14, 4.25], "texture": "#metal"},
				"south": {"uv": [0, 0, 14, 0.25], "texture": "#metal"},
				"west": {"uv": [0, 6, 12, 8.25], "texture": "#metal"},
				"up": {"uv": [6, 4, 10, 12], "texture": "#metal"},
				"down": {"uv": [2, 2, 16, 14], "texture": "#metal"}
			}
		},
		{
			"from": [0, 15.25, 12.25],
			"to": [2, 16, 16],
			"faces": {
				"north": {"uv": [0, 0, 14, 0.25], "texture": "#metal"},
				"east": {"uv": [0, 2, 12, 4.25], "texture": "#metal"},
				"south": {"uv": [6, 10, 11, 12.25], "texture": "#metal"},
				"west": {"uv": [0, 6, 12, 8.25], "texture": "#metal"},
				"up": {"uv": [4, 3, 9, 11], "texture": "#metal"},
				"down": {"uv": [0, 0, 14, 12], "texture": "#metal"}
			}
		},
		{
			"from": [2, 15.25, 14],
			"to": [6, 16, 16],
			"faces": {
				"north": {"uv": [0, 0, 14, 0.25], "texture": "#metal"},
				"east": {"uv": [0, 0, 12, 0.25], "texture": "#metal"},
				"south": {"uv": [2, 9, 16, 11.25], "texture": "#metal"},
				"west": {"uv": [3, 4, 15, 4.25], "texture": "#metal"},
				"up": {"uv": [0, 12, 10, 16], "texture": "#metal"},
				"down": {"uv": [0, 0, 14, 12], "texture": "#metal"}
			}
		},
		{
			"from": [6, 15.25, 14],
			"to": [10, 16, 16],
			"faces": {
				"north": {"uv": [0, 0, 14, 0.25], "texture": "#metal"},
				"east": {"uv": [0, 0, 12, 0.25], "texture": "#metal"},
				"south": {"uv": [2, 9, 16, 11.25], "texture": "#metal"},
				"west": {"uv": [3, 4, 15, 4.25], "texture": "#metal"},
				"up": {"uv": [0, 12, 10, 16], "texture": "#metal"},
				"down": {"uv": [0, 0, 14, 12], "texture": "#metal"}
			}
		},
		{
			"from": [10, 15.25, 14],
			"to": [14, 16, 16],
			"faces": {
				"north": {"uv": [0, 0, 14, 0.25], "texture": "#metal"},
				"east": {"uv": [0, 0, 12, 0.25], "texture": "#metal"},
				"south": {"uv": [2, 9, 16, 11.25], "texture": "#metal"},
				"west": {"uv": [3, 4, 15, 4.25], "texture": "#metal"},
				"up": {"uv": [0, 12, 10, 16], "texture": "#metal"},
				"down": {"uv": [0, 0, 14, 12], "texture": "#metal"}
			}
		},
		{
			"from": [2, 15.25, 3.875],
			"to": [6, 16, 5],
			"faces": {
				"north": {"uv": [0, 0, 14, 0.25], "texture": "#metal"},
				"east": {"uv": [0, 0, 12, 0.25], "texture": "#metal"},
				"south": {"uv": [0, 0, 14, 0.25], "texture": "#metal"},
				"west": {"uv": [0, 15, 12, 15.25], "texture": "#metal"},
				"up": {"uv": [0, 2, 11, 5], "texture": "#metal"},
				"down": {"uv": [2, 4, 16, 16], "texture": "#metal"}
			}
		},
		{
			"from": [2, 15.25, 5.875],
			"to": [6, 16, 7],
			"faces": {
				"north": {"uv": [0, 0, 14, 0.25], "texture": "#metal"},
				"east": {"uv": [0, 0, 12, 0.25], "texture": "#metal"},
				"south": {"uv": [0, 0, 14, 0.25], "texture": "#metal"},
				"west": {"uv": [0, 15, 12, 15.25], "texture": "#metal"},
				"up": {"uv": [0, 2, 11, 5], "texture": "#metal"},
				"down": {"uv": [2, 4, 16, 16], "texture": "#metal"}
			}
		},
		{
			"from": [2, 15.25, 7.875],
			"to": [6, 16, 9],
			"faces": {
				"north": {"uv": [0, 0, 14, 0.25], "texture": "#metal"},
				"east": {"uv": [0, 0, 12, 0.25], "texture": "#metal"},
				"south": {"uv": [0, 0, 14, 0.25], "texture": "#metal"},
				"west": {"uv": [0, 15, 12, 15.25], "texture": "#metal"},
				"up": {"uv": [0, 2, 11, 5], "texture": "#metal"},
				"down": {"uv": [2, 4, 16, 16], "texture": "#metal"}
			}
		},
		{
			"from": [2, 15.25, 9.875],
			"to": [6, 16, 11],
			"faces": {
				"north": {"uv": [0, 0, 14, 0.25], "texture": "#metal"},
				"east": {"uv": [0, 0, 12, 0.25], "texture": "#metal"},
				"south": {"uv": [0, 0, 14, 0.25], "texture": "#metal"},
				"west": {"uv": [0, 15, 12, 15.25], "texture": "#metal"},
				"up": {"uv": [0, 2, 11, 5], "texture": "#metal"},
				"down": {"uv": [2, 4, 16, 16], "texture": "#metal"}
			}
		},
		{
			"from": [2, 15.25, 11.875],
			"to": [6, 16, 13],
			"faces": {
				"north": {"uv": [0, 0, 14, 0.25], "texture": "#metal"},
				"east": {"uv": [0, 0, 12, 0.25], "texture": "#metal"},
				"south": {"uv": [0, 0, 14, 0.25], "texture": "#metal"},
				"west": {"uv": [0, 15, 12, 15.25], "texture": "#metal"},
				"up": {"uv": [0, 2, 11, 5], "texture": "#metal"},
				"down": {"uv": [2, 4, 16, 16], "texture": "#metal"}
			}
		},
		{
			"from": [10, 15.25, 11.875],
			"to": [14, 16, 13],
			"faces": {
				"north": {"uv": [0, 0, 14, 0.25], "texture": "#metal"},
				"east": {"uv": [0, 0, 12, 0.25], "texture": "#metal"},
				"south": {"uv": [0, 0, 14, 0.25], "texture": "#metal"},
				"west": {"uv": [0, 15, 12, 15.25], "texture": "#metal"},
				"up": {"uv": [0, 2, 11, 5], "texture": "#metal"},
				"down": {"uv": [2, 4, 16, 16], "texture": "#metal"}
			}
		},
		{
			"from": [10, 15.25, 9.875],
			"to": [14, 16, 11],
			"faces": {
				"north": {"uv": [0, 0, 14, 0.25], "texture": "#metal"},
				"east": {"uv": [0, 0, 12, 0.25], "texture": "#metal"},
				"south": {"uv": [0, 0, 14, 0.25], "texture": "#metal"},
				"west": {"uv": [0, 15, 12, 15.25], "texture": "#metal"},
				"up": {"uv": [0, 2, 11, 5], "texture": "#metal"},
				"down": {"uv": [2, 4, 16, 16], "texture": "#metal"}
			}
		},
		{
			"from": [10, 15.25, 7.875],
			"to": [14, 16, 9],
			"faces": {
				"north": {"uv": [0, 0, 14, 0.25], "texture": "#metal"},
				"east": {"uv": [0, 0, 12, 0.25], "texture": "#metal"},
				"south": {"uv": [0, 0, 14, 0.25], "texture": "#metal"},
				"west": {"uv": [0, 15, 12, 15.25], "texture": "#metal"},
				"up": {"uv": [0, 2, 11, 5], "texture": "#metal"},
				"down": {"uv": [2, 4, 16, 16], "texture": "#metal"}
			}
		},
		{
			"from": [10, 15.25, 5.875],
			"to": [14, 16, 7],
			"faces": {
				"north": {"uv": [0, 0, 14, 0.25], "texture": "#metal"},
				"east": {"uv": [0, 0, 12, 0.25], "texture": "#metal"},
				"south": {"uv": [0, 0, 14, 0.25], "texture": "#metal"},
				"west": {"uv": [0, 15, 12, 15.25], "texture": "#metal"},
				"up": {"uv": [0, 2, 11, 5], "texture": "#metal"},
				"down": {"uv": [2, 4, 16, 16], "texture": "#metal"}
			}
		},
		{
			"from": [10, 15.25, 3.875],
			"to": [14, 16, 5],
			"faces": {
				"north": {"uv": [0, 0, 14, 0.25], "texture": "#metal"},
				"east": {"uv": [0, 0, 12, 0.25], "texture": "#metal"},
				"south": {"uv": [0, 0, 14, 0.25], "texture": "#metal"},
				"west": {"uv": [0, 15, 12, 15.25], "texture": "#metal"},
				"up": {"uv": [0, 2, 11, 5], "texture": "#metal"},
				"down": {"uv": [2, 4, 16, 16], "texture": "#metal"}
			}
		},
		{
			"from": [10, 15.25, 1.875],
			"to": [14, 16, 3],
			"faces": {
				"north": {"uv": [0, 0, 14, 0.25], "texture": "#metal"},
				"east": {"uv": [0, 0, 12, 0.25], "texture": "#metal"},
				"south": {"uv": [0, 0, 14, 0.25], "texture": "#metal"},
				"west": {"uv": [0, 15, 12, 15.25], "texture": "#metal"},
				"up": {"uv": [0, 2, 11, 5], "texture": "#metal"},
				"down": {"uv": [2, 4, 16, 16], "texture": "#metal"}
			}
		}
	],
	"display": {
		"thirdperson_righthand": {
			"rotation": [0, -6, -82],
			"translation": [-1.5, -1.25, -1.5],
			"scale": [0.3, 0.3, 0.3]
		},
		"firstperson_righthand": {
			"rotation": [31, 6, 71],
			"translation": [4, -1, 0],
			"scale": [0.3, 0.3, 0.3]
		},
		"ground": {
			"translation": [0, -3.75, 0],
			"scale": [0.3, 0.3, 0.3]
		},
		"gui": {
			"rotation": [30, 45, 0],
			"translation": [0, -1.5, 0],
			"scale": [0.7, 0.7, 0.7]
		},
		"fixed": {
			"rotation": [-90, 0, 0],
			"translation": [0, 0, 3.5],
			"scale": [0.5, 0.5, 0.5]
		}
	}
}