{
	"credit": "I made this with the Blockbench",
  "parent": "block/cube",
  "ambientocclusion": false,
	"textures": {
		"metal": "rsgauges:blocks/common/old_iron",
		"particle": "rsgauges:blocks/common/old_iron"
	},
	"elements": [
		{
			"from": [4, 14.625, 0],
			"to": [8, 16, 0.875],
			"faces": {
				"north": {"uv": [1, 4, 15, 7.25], "texture": "#metal"},
				"east": {"uv": [0, 0, 12, 0.25], "texture": "#metal"},
				"south": {"uv": [0, 2, 14, 6.25], "texture": "#metal"},
				"west": {"uv": [0, 0, 12, 0.25], "texture": "#metal"},
				"up": {"uv": [6, 0, 16, 3], "texture": "#metal"},
				"down": {"uv": [2, 5, 16, 9], "texture": "#metal"}
			}
		},
		{
			"from": [8, 14.625, 0],
			"to": [12, 16, 0.875],
			"faces": {
				"north": {"uv": [0, 11, 14, 14.25], "texture": "#metal"},
				"east": {"uv": [0, 0, 12, 0.25], "texture": "#metal"},
				"south": {"uv": [1, 2, 15, 6.25], "texture": "#metal"},
				"west": {"uv": [0, 0, 12, 0.25], "texture": "#metal"},
				"up": {"uv": [3, 0, 13, 3], "texture": "#metal"},
				"down": {"uv": [1, 5, 15, 8], "texture": "#metal"}
			}
		},
		{
			"from": [12, 14.625, 0],
			"to": [16, 16, 0.875],
			"faces": {
				"north": {"uv": [0, 2, 14, 5.25], "texture": "#metal"},
				"east": {"uv": [4, 6, 9, 11.25], "texture": "#metal"},
				"south": {"uv": [2, 9, 16, 13.25], "texture": "#metal"},
				"west": {"uv": [0, 0, 12, 0.25], "texture": "#metal"},
				"up": {"uv": [6, 0, 16, 4], "texture": "#metal"},
				"down": {"uv": [1, 5, 15, 8], "texture": "#metal"}
			}
		},
		{
			"from": [0, 14.625, 0],
			"to": [4, 16, 0.875],
			"faces": {
				"north": {"uv": [0, 7, 14, 10.25], "texture": "#metal"},
				"east": {"uv": [0, 0, 12, 0.25], "texture": "#metal"},
				"south": {"uv": [2, 6, 16, 10.25], "texture": "#metal"},
				"west": {"uv": [0, 0, 3, 5.25], "texture": "#metal"},
				"up": {"uv": [0, 0, 10, 4], "texture": "#metal"},
				"down": {"uv": [1, 6, 15, 10], "texture": "#metal"}
			}
		},
		{
			"from": [14, 4.11675, 0.86675],
			"to": [16, 7.86675, 1.24175],
			"faces": {
				"north": {"uv": [5, 4, 13, 16], "rotation": 180, "texture": "#metal"},
				"east": {"uv": [2, 2, 14, 4.25], "rotation": 270, "texture": "#metal"},
				"south": {"uv": [6, 4, 10, 12], "texture": "#metal"},
				"west": {"uv": [0, 6, 12, 8.25], "rotation": 90, "texture": "#metal"},
				"up": {"uv": [0, 0, 14, 0.25], "rotation": 180, "texture": "#metal"},
				"down": {"uv": [0, 0, 14, 0.25], "texture": "#metal"}
			}
		},
		{
			"from": [14, 0.36675, 0.86675],
			"to": [16, 4.11675, 1.24175],
			"faces": {
				"north": {"uv": [0, 0, 8, 12], "rotation": 180, "texture": "#metal"},
				"east": {"uv": [0, 2, 12, 4.25], "rotation": 270, "texture": "#metal"},
				"south": {"uv": [4, 3, 9, 11], "texture": "#metal"},
				"west": {"uv": [0, 6, 12, 8.25], "rotation": 90, "texture": "#metal"},
				"up": {"uv": [0, 0, 14, 0.25], "rotation": 180, "texture": "#metal"},
				"down": {"uv": [6, 10, 11, 12.25], "texture": "#metal"}
			}
		},
		{
			"from": [14, 11.61675, 0.86675],
			"to": [16, 15.49175, 1.24175],
			"faces": {
				"north": {"uv": [0, 4, 10, 16], "rotation": 180, "texture": "#metal"},
				"east": {"uv": [2, 4, 14, 6.25], "rotation": 270, "texture": "#metal"},
				"south": {"uv": [3, 5, 7, 13], "texture": "#metal"},
				"west": {"uv": [4, 9, 16, 11.25], "rotation": 90, "texture": "#metal"},
				"up": {"uv": [0, 0, 14, 0.25], "rotation": 180, "texture": "#metal"},
				"down": {"uv": [0, 0, 14, 0.25], "texture": "#metal"}
			}
		},
		{
			"from": [14, 7.86675, 0.86675],
			"to": [16, 11.61675, 1.24175],
			"faces": {
				"north": {"uv": [0, 4, 9, 16], "rotation": 180, "texture": "#metal"},
				"east": {"uv": [3, 6, 15, 8.25], "rotation": 270, "texture": "#metal"},
				"south": {"uv": [4, 6, 9, 14], "texture": "#metal"},
				"west": {"uv": [4, 9, 16, 11.25], "rotation": 90, "texture": "#metal"},
				"up": {"uv": [0, 0, 14, 0.25], "rotation": 180, "texture": "#metal"},
				"down": {"uv": [0, 0, 14, 0.25], "texture": "#metal"}
			}
		},
		{
			"from": [0, 11.61675, 0.86675],
			"to": [2, 15.49175, 1.24175],
			"faces": {
				"north": {"uv": [1, 4, 11, 16], "rotation": 180, "texture": "#metal"},
				"east": {"uv": [2, 4, 14, 6.25], "rotation": 270, "texture": "#metal"},
				"south": {"uv": [3, 5, 7, 13], "texture": "#metal"},
				"west": {"uv": [4, 9, 16, 11.25], "rotation": 90, "texture": "#metal"},
				"up": {"uv": [0, 0, 14, 0.25], "rotation": 180, "texture": "#metal"},
				"down": {"uv": [0, 0, 14, 0.25], "texture": "#metal"}
			}
		},
		{
			"from": [0, 7.86675, 0.86675],
			"to": [2, 11.61675, 1.24175],
			"faces": {
				"north": {"uv": [8, 6, 16, 16], "rotation": 180, "texture": "#metal"},
				"east": {"uv": [3, 6, 15, 8.25], "rotation": 270, "texture": "#metal"},
				"south": {"uv": [4, 6, 9, 14], "texture": "#metal"},
				"west": {"uv": [4, 9, 16, 11.25], "rotation": 90, "texture": "#metal"},
				"up": {"uv": [0, 0, 14, 0.25], "rotation": 180, "texture": "#metal"},
				"down": {"uv": [0, 0, 14, 0.25], "texture": "#metal"}
			}
		},
		{
			"from": [0, 4.11675, 0.86675],
			"to": [2, 7.86675, 1.24175],
			"faces": {
				"north": {"uv": [0, 2, 10, 15], "rotation": 180, "texture": "#metal"},
				"east": {"uv": [2, 2, 14, 4.25], "rotation": 270, "texture": "#metal"},
				"south": {"uv": [6, 4, 10, 12], "texture": "#metal"},
				"west": {"uv": [0, 6, 12, 8.25], "rotation": 90, "texture": "#metal"},
				"up": {"uv": [0, 0, 14, 0.25], "rotation": 180, "texture": "#metal"},
				"down": {"uv": [0, 0, 14, 0.25], "texture": "#metal"}
			}
		},
		{
			"from": [0, 0.36675, 0.86675],
			"to": [2, 4.11675, 1.24175],
			"faces": {
				"north": {"uv": [5, 4, 14, 16], "rotation": 180, "texture": "#metal"},
				"east": {"uv": [0, 2, 12, 4.25], "rotation": 270, "texture": "#metal"},
				"south": {"uv": [4, 3, 9, 11], "texture": "#metal"},
				"west": {"uv": [0, 6, 12, 8.25], "rotation": 90, "texture": "#metal"},
				"up": {"uv": [0, 0, 14, 0.25], "rotation": 180, "texture": "#metal"},
				"down": {"uv": [6, 10, 11, 12.25], "texture": "#metal"}
			}
		},
		{
			"from": [2, 0.36675, 0.86675],
			"to": [6, 1.11675, 1.24175],
			"faces": {
				"north": {"uv": [0, 6, 14, 9], "rotation": 180, "texture": "#metal"},
				"east": {"uv": [0, 0, 12, 0.25], "rotation": 270, "texture": "#metal"},
				"south": {"uv": [1, 11, 11, 13], "texture": "#metal"},
				"west": {"uv": [3, 4, 15, 4.25], "rotation": 90, "texture": "#metal"},
				"up": {"uv": [0, 0, 14, 0.25], "rotation": 180, "texture": "#metal"},
				"down": {"uv": [2, 9, 16, 11.25], "texture": "#metal"}
			}
		},
		{
			"from": [6, 0.36675, 0.86675],
			"to": [10, 1.11675, 1.24175],
			"faces": {
				"north": {"uv": [2, 11, 16, 15], "rotation": 180, "texture": "#metal"},
				"east": {"uv": [0, 0, 12, 0.25], "rotation": 270, "texture": "#metal"},
				"south": {"uv": [4, 13, 14, 15], "texture": "#metal"},
				"west": {"uv": [3, 4, 15, 4.25], "rotation": 90, "texture": "#metal"},
				"up": {"uv": [0, 0, 14, 0.25], "rotation": 180, "texture": "#metal"},
				"down": {"uv": [2, 9, 16, 11.25], "texture": "#metal"}
			}
		},
		{
			"from": [10, 0.36675, 0.86675],
			"to": [14, 1.11675, 1.24175],
			"faces": {
				"north": {"uv": [0, 6, 14, 9], "rotation": 180, "texture": "#metal"},
				"east": {"uv": [0, 0, 12, 0.25], "rotation": 270, "texture": "#metal"},
				"south": {"uv": [0, 14, 10, 16], "texture": "#metal"},
				"west": {"uv": [3, 4, 15, 4.25], "rotation": 90, "texture": "#metal"},
				"up": {"uv": [0, 0, 14, 0.25], "rotation": 180, "texture": "#metal"},
				"down": {"uv": [2, 9, 16, 11.25], "texture": "#metal"}
			}
		},
		{
			"from": [2, 2.49175, 0.86675],
			"to": [6, 3.11675, 1.24175],
			"faces": {
				"north": {"uv": [2, 14, 16, 16], "rotation": 180, "texture": "#metal"},
				"east": {"uv": [0, 0, 12, 0.25], "rotation": 270, "texture": "#metal"},
				"south": {"uv": [0, 2, 11, 4], "texture": "#metal"},
				"west": {"uv": [0, 15, 12, 15.25], "rotation": 90, "texture": "#metal"},
				"up": {"uv": [0, 0, 14, 0.25], "rotation": 180, "texture": "#metal"},
				"down": {"uv": [0, 0, 14, 0.25], "texture": "#metal"}
			}
		},
		{
			"from": [10, 2.49175, 0.86675],
			"to": [14, 3.11675, 1.24175],
			"faces": {
				"north": {"uv": [2, 14, 16, 16], "rotation": 180, "texture": "#metal"},
				"east": {"uv": [0, 0, 12, 0.25], "rotation": 270, "texture": "#metal"},
				"south": {"uv": [2, 2, 13, 4], "texture": "#metal"},
				"west": {"uv": [0, 15, 12, 15.25], "rotation": 90, "texture": "#metal"},
				"up": {"uv": [0, 0, 14, 0.25], "rotation": 180, "texture": "#metal"},
				"down": {"uv": [0, 0, 14, 0.25], "texture": "#metal"}
			}
		},
		{
			"from": [6, 2.49175, 0.86675],
			"to": [10, 3.11675, 1.24175],
			"faces": {
				"north": {"uv": [2, 7, 16, 9], "rotation": 180, "texture": "#metal"},
				"east": {"uv": [0, 0, 12, 0.25], "rotation": 270, "texture": "#metal"},
				"south": {"uv": [0, 12, 11, 14], "texture": "#metal"},
				"west": {"uv": [0, 15, 12, 15.25], "rotation": 90, "texture": "#metal"},
				"up": {"uv": [0, 0, 14, 0.25], "rotation": 180, "texture": "#metal"},
				"down": {"uv": [0, 0, 14, 0.25], "texture": "#metal"}
			}
		},
		{
			"from": [2, 3.49175, 0.86675],
			"to": [6.125, 4.11675, 1.24175],
			"faces": {
				"north": {"uv": [2, 6, 16, 9], "rotation": 180, "texture": "#metal"},
				"east": {"uv": [0, 0, 12, 0.25], "rotation": 270, "texture": "#metal"},
				"south": {"uv": [0, 2, 11, 4], "texture": "#metal"},
				"west": {"uv": [0, 15, 12, 15.25], "rotation": 90, "texture": "#metal"},
				"up": {"uv": [0, 0, 14, 0.25], "rotation": 180, "texture": "#metal"},
				"down": {"uv": [0, 0, 14, 0.25], "texture": "#metal"}
			}
		},
		{
			"from": [6.125, 3.49175, 0.86675],
			"to": [10, 4.11675, 1.24175],
			"faces": {
				"north": {"uv": [0, 1, 14, 5], "rotation": 180, "texture": "#metal"},
				"east": {"uv": [0, 0, 12, 0.25], "rotation": 270, "texture": "#metal"},
				"south": {"uv": [1, 4, 12, 6], "texture": "#metal"},
				"west": {"uv": [0, 15, 12, 15.25], "rotation": 90, "texture": "#metal"},
				"up": {"uv": [0, 0, 14, 0.25], "rotation": 180, "texture": "#metal"},
				"down": {"uv": [0, 0, 14, 0.25], "texture": "#metal"}
			}
		},
		{
			"from": [10, 3.49175, 0.86675],
			"to": [14, 4.11675, 1.24175],
			"faces": {
				"north": {"uv": [2, 13, 16, 16], "rotation": 180, "texture": "#metal"},
				"east": {"uv": [0, 0, 12, 0.25], "rotation": 270, "texture": "#metal"},
				"south": {"uv": [0, 2, 11, 4], "texture": "#metal"},
				"west": {"uv": [0, 15, 12, 15.25], "rotation": 90, "texture": "#metal"},
				"up": {"uv": [0, 0, 14, 0.25], "rotation": 180, "texture": "#metal"},
				"down": {"uv": [0, 0, 14, 0.25], "texture": "#metal"}
			}
		},
		{
			"from": [2, 1.49175, 0.86675],
			"to": [6, 2.11675, 1.24175],
			"faces": {
				"north": {"uv": [2, 14, 16, 16], "rotation": 180, "texture": "#metal"},
				"east": {"uv": [0, 0, 12, 0.25], "rotation": 270, "texture": "#metal"},
				"south": {"uv": [0, 13, 11, 15], "texture": "#metal"},
				"west": {"uv": [0, 15, 12, 15.25], "rotation": 90, "texture": "#metal"},
				"up": {"uv": [0, 0, 14, 0.25], "rotation": 180, "texture": "#metal"},
				"down": {"uv": [0, 0, 14, 0.25], "texture": "#metal"}
			}
		},
		{
			"from": [6, 1.49175, 0.86675],
			"to": [10, 2.11675, 1.24175],
			"faces": {
				"north": {"uv": [0, 3, 14, 5], "rotation": 180, "texture": "#metal"},
				"east": {"uv": [0, 0, 12, 0.25], "rotation": 270, "texture": "#metal"},
				"south": {"uv": [0, 2, 11, 4], "texture": "#metal"},
				"west": {"uv": [0, 15, 12, 15.25], "rotation": 90, "texture": "#metal"},
				"up": {"uv": [0, 0, 14, 0.25], "rotation": 180, "texture": "#metal"},
				"down": {"uv": [0, 0, 14, 0.25], "texture": "#metal"}
			}
		},
		{
			"from": [10, 1.49175, 0.86675],
			"to": [14, 2.11675, 1.24175],
			"faces": {
				"north": {"uv": [2, 14, 16, 16], "rotation": 180, "texture": "#metal"},
				"east": {"uv": [0, 0, 12, 0.25], "rotation": 270, "texture": "#metal"},
				"south": {"uv": [0, 2, 11, 4], "texture": "#metal"},
				"west": {"uv": [0, 15, 12, 15.25], "rotation": 90, "texture": "#metal"},
				"up": {"uv": [0, 0, 14, 0.25], "rotation": 180, "texture": "#metal"},
				"down": {"uv": [0, 0, 14, 0.25], "texture": "#metal"}
			}
		},
		{
			"from": [2, 4.49175, 0.86675],
			"to": [6, 5.11675, 1.24175],
			"faces": {
				"north": {"uv": [2, 13, 16, 16], "rotation": 180, "texture": "#metal"},
				"east": {"uv": [0, 0, 12, 0.25], "rotation": 270, "texture": "#metal"},
				"south": {"uv": [0, 2, 11, 4], "texture": "#metal"},
				"west": {"uv": [0, 15, 12, 15.25], "rotation": 90, "texture": "#metal"},
				"up": {"uv": [0, 0, 14, 0.25], "rotation": 180, "texture": "#metal"},
				"down": {"uv": [0, 0, 14, 0.25], "texture": "#metal"}
			}
		},
		{
			"from": [2, 5.49175, 0.86675],
			"to": [6, 6.11675, 1.24175],
			"faces": {
				"north": {"uv": [2, 13, 16, 16], "rotation": 180, "texture": "#metal"},
				"east": {"uv": [0, 0, 12, 0.25], "rotation": 270, "texture": "#metal"},
				"south": {"uv": [1, 2, 12, 4], "texture": "#metal"},
				"west": {"uv": [0, 15, 12, 15.25], "rotation": 90, "texture": "#metal"},
				"up": {"uv": [0, 0, 14, 0.25], "rotation": 180, "texture": "#metal"},
				"down": {"uv": [0, 0, 14, 0.25], "texture": "#metal"}
			}
		},
		{
			"from": [2, 6.49175, 0.86675],
			"to": [6.125, 7.11675, 1.24175],
			"faces": {
				"north": {"uv": [2, 13, 16, 16], "rotation": 180, "texture": "#metal"},
				"east": {"uv": [0, 0, 12, 0.25], "rotation": 270, "texture": "#metal"},
				"south": {"uv": [2, 6, 13, 8], "texture": "#metal"},
				"west": {"uv": [0, 15, 12, 15.25], "rotation": 90, "texture": "#metal"},
				"up": {"uv": [0, 0, 14, 0.25], "rotation": 180, "texture": "#metal"},
				"down": {"uv": [0, 0, 14, 0.25], "texture": "#metal"}
			}
		},
		{
			"from": [10, 4.49175, 0.86675],
			"to": [14, 5.11675, 1.24175],
			"faces": {
				"north": {"uv": [2, 13, 16, 16], "rotation": 180, "texture": "#metal"},
				"east": {"uv": [0, 0, 12, 0.25], "rotation": 270, "texture": "#metal"},
				"south": {"uv": [0, 2, 11, 4], "texture": "#metal"},
				"west": {"uv": [0, 15, 12, 15.25], "rotation": 90, "texture": "#metal"},
				"up": {"uv": [0, 0, 14, 0.25], "rotation": 180, "texture": "#metal"},
				"down": {"uv": [0, 0, 14, 0.25], "texture": "#metal"}
			}
		},
		{
			"from": [10, 5.49175, 0.86675],
			"to": [14, 6.11675, 1.24175],
			"faces": {
				"north": {"uv": [2, 13, 16, 16], "rotation": 180, "texture": "#metal"},
				"east": {"uv": [0, 0, 12, 0.25], "rotation": 270, "texture": "#metal"},
				"south": {"uv": [0, 2, 11, 4], "texture": "#metal"},
				"west": {"uv": [0, 15, 12, 15.25], "rotation": 90, "texture": "#metal"},
				"up": {"uv": [0, 0, 14, 0.25], "rotation": 180, "texture": "#metal"},
				"down": {"uv": [0, 0, 14, 0.25], "texture": "#metal"}
			}
		},
		{
			"from": [6.125, 6.49175, 0.86675],
			"to": [10, 7.11675, 1.24175],
			"faces": {
				"north": {"uv": [0, 7, 14, 10], "rotation": 180, "texture": "#metal"},
				"east": {"uv": [0, 0, 12, 0.25], "rotation": 270, "texture": "#metal"},
				"south": {"uv": [2, 4, 13, 6], "texture": "#metal"},
				"west": {"uv": [0, 15, 12, 15.25], "rotation": 90, "texture": "#metal"},
				"up": {"uv": [0, 0, 14, 0.25], "rotation": 180, "texture": "#metal"},
				"down": {"uv": [0, 0, 14, 0.25], "texture": "#metal"}
			}
		},
		{
			"from": [6, 4.49175, 0.86675],
			"to": [10, 5.11675, 1.24175],
			"faces": {
				"north": {"uv": [0, 7, 14, 10], "rotation": 180, "texture": "#metal"},
				"east": {"uv": [0, 0, 12, 0.25], "rotation": 270, "texture": "#metal"},
				"south": {"uv": [0, 2, 11, 4], "texture": "#metal"},
				"west": {"uv": [0, 15, 12, 15.25], "rotation": 90, "texture": "#metal"},
				"up": {"uv": [0, 0, 14, 0.25], "rotation": 180, "texture": "#metal"},
				"down": {"uv": [0, 0, 14, 0.25], "texture": "#metal"}
			}
		},
		{
			"from": [6, 5.49175, 0.86675],
			"to": [10, 6.11675, 1.24175],
			"faces": {
				"north": {"uv": [0, 7, 14, 10], "rotation": 180, "texture": "#metal"},
				"east": {"uv": [0, 0, 12, 0.25], "rotation": 270, "texture": "#metal"},
				"south": {"uv": [2, 4, 13, 6], "texture": "#metal"},
				"west": {"uv": [0, 15, 12, 15.25], "rotation": 90, "texture": "#metal"},
				"up": {"uv": [0, 0, 14, 0.25], "rotation": 180, "texture": "#metal"},
				"down": {"uv": [0, 0, 14, 0.25], "texture": "#metal"}
			}
		},
		{
			"from": [10, 6.49175, 0.86675],
			"to": [14, 7.11675, 1.24175],
			"faces": {
				"north": {"uv": [2, 13, 16, 16], "rotation": 180, "texture": "#metal"},
				"east": {"uv": [0, 0, 12, 0.25], "rotation": 270, "texture": "#metal"},
				"south": {"uv": [0, 13, 11, 15], "texture": "#metal"},
				"west": {"uv": [0, 15, 12, 15.25], "rotation": 90, "texture": "#metal"},
				"up": {"uv": [0, 0, 14, 0.25], "rotation": 180, "texture": "#metal"},
				"down": {"uv": [0, 0, 14, 0.25], "texture": "#metal"}
			}
		},
		{
			"from": [2, 7.49175, 0.86675],
			"to": [6, 8.11675, 1.24175],
			"faces": {
				"north": {"uv": [2, 13, 16, 16], "rotation": 180, "texture": "#metal"},
				"east": {"uv": [0, 0, 12, 0.25], "rotation": 270, "texture": "#metal"},
				"south": {"uv": [3, 5, 14, 7], "texture": "#metal"},
				"west": {"uv": [0, 15, 12, 15.25], "rotation": 90, "texture": "#metal"},
				"up": {"uv": [0, 0, 14, 0.25], "rotation": 180, "texture": "#metal"},
				"down": {"uv": [0, 0, 14, 0.25], "texture": "#metal"}
			}
		},
		{
			"from": [2, 8.49175, 0.86675],
			"to": [6, 9.11675, 1.24175],
			"faces": {
				"north": {"uv": [2, 13, 16, 16], "rotation": 180, "texture": "#metal"},
				"east": {"uv": [0, 0, 12, 0.25], "rotation": 270, "texture": "#metal"},
				"south": {"uv": [0, 2, 11, 4], "texture": "#metal"},
				"west": {"uv": [0, 15, 12, 15.25], "rotation": 90, "texture": "#metal"},
				"up": {"uv": [0, 0, 14, 0.25], "rotation": 180, "texture": "#metal"},
				"down": {"uv": [0, 0, 14, 0.25], "texture": "#metal"}
			}
		},
		{
			"from": [2, 9.49175, 0.86675],
			"to": [6.125, 10.11675, 1.24175],
			"faces": {
				"north": {"uv": [2, 13, 16, 16], "rotation": 180, "texture": "#metal"},
				"east": {"uv": [0, 0, 12, 0.25], "rotation": 270, "texture": "#metal"},
				"south": {"uv": [0, 2, 11, 4], "texture": "#metal"},
				"west": {"uv": [0, 15, 12, 15.25], "rotation": 90, "texture": "#metal"},
				"up": {"uv": [0, 0, 14, 0.25], "rotation": 180, "texture": "#metal"},
				"down": {"uv": [0, 0, 14, 0.25], "texture": "#metal"}
			}
		},
		{
			"from": [2, 10.49175, 0.86675],
			"to": [6, 11.11675, 1.24175],
			"faces": {
				"north": {"uv": [2, 13, 16, 16], "rotation": 180, "texture": "#metal"},
				"east": {"uv": [0, 0, 12, 0.25], "rotation": 270, "texture": "#metal"},
				"south": {"uv": [3, 10, 14, 12], "texture": "#metal"},
				"west": {"uv": [0, 15, 12, 15.25], "rotation": 90, "texture": "#metal"},
				"up": {"uv": [0, 0, 14, 0.25], "rotation": 180, "texture": "#metal"},
				"down": {"uv": [0, 0, 14, 0.25], "texture": "#metal"}
			}
		},
		{
			"from": [2, 11.49175, 0.86675],
			"to": [6, 12.11675, 1.24175],
			"faces": {
				"north": {"uv": [2, 13, 16, 16], "rotation": 180, "texture": "#metal"},
				"east": {"uv": [0, 0, 12, 0.25], "rotation": 270, "texture": "#metal"},
				"south": {"uv": [1, 3, 12, 5], "texture": "#metal"},
				"west": {"uv": [0, 15, 12, 15.25], "rotation": 90, "texture": "#metal"},
				"up": {"uv": [0, 0, 14, 0.25], "rotation": 180, "texture": "#metal"},
				"down": {"uv": [0, 0, 14, 0.25], "texture": "#metal"}
			}
		},
		{
			"from": [2, 12.49175, 0.86675],
			"to": [6.125, 13.11675, 1.24175],
			"faces": {
				"north": {"uv": [2, 13, 16, 16], "rotation": 180, "texture": "#metal"},
				"east": {"uv": [0, 0, 12, 0.25], "rotation": 270, "texture": "#metal"},
				"south": {"uv": [0, 2, 11, 4], "texture": "#metal"},
				"west": {"uv": [0, 15, 12, 15.25], "rotation": 90, "texture": "#metal"},
				"up": {"uv": [0, 0, 14, 0.25], "rotation": 180, "texture": "#metal"},
				"down": {"uv": [0, 0, 14, 0.25], "texture": "#metal"}
			}
		},
		{
			"from": [6, 7.49175, 0.86675],
			"to": [10, 8.11675, 1.24175],
			"faces": {
				"north": {"uv": [2, 13, 16, 16], "rotation": 180, "texture": "#metal"},
				"east": {"uv": [0, 0, 12, 0.25], "rotation": 270, "texture": "#metal"},
				"south": {"uv": [0, 10, 11, 12], "texture": "#metal"},
				"west": {"uv": [0, 15, 12, 15.25], "rotation": 90, "texture": "#metal"},
				"up": {"uv": [0, 0, 14, 0.25], "rotation": 180, "texture": "#metal"},
				"down": {"uv": [0, 0, 14, 0.25], "texture": "#metal"}
			}
		},
		{
			"from": [6, 8.49175, 0.86675],
			"to": [10, 9.11675, 1.24175],
			"faces": {
				"north": {"uv": [2, 13, 16, 16], "rotation": 180, "texture": "#metal"},
				"east": {"uv": [0, 0, 12, 0.25], "rotation": 270, "texture": "#metal"},
				"south": {"uv": [2, 3, 13, 5], "texture": "#metal"},
				"west": {"uv": [0, 15, 12, 15.25], "rotation": 90, "texture": "#metal"},
				"up": {"uv": [0, 0, 14, 0.25], "rotation": 180, "texture": "#metal"},
				"down": {"uv": [0, 0, 14, 0.25], "texture": "#metal"}
			}
		},
		{
			"from": [6.125, 9.49175, 0.86675],
			"to": [10, 10.11675, 1.24175],
			"faces": {
				"north": {"uv": [2, 13, 16, 16], "rotation": 180, "texture": "#metal"},
				"east": {"uv": [0, 0, 12, 0.25], "rotation": 270, "texture": "#metal"},
				"south": {"uv": [0, 2, 11, 4], "texture": "#metal"},
				"west": {"uv": [0, 15, 12, 15.25], "rotation": 90, "texture": "#metal"},
				"up": {"uv": [0, 0, 14, 0.25], "rotation": 180, "texture": "#metal"},
				"down": {"uv": [0, 0, 14, 0.25], "texture": "#metal"}
			}
		},
		{
			"from": [6, 10.49175, 0.86675],
			"to": [10, 11.11675, 1.24175],
			"faces": {
				"north": {"uv": [2, 13, 16, 16], "rotation": 180, "texture": "#metal"},
				"east": {"uv": [0, 0, 12, 0.25], "rotation": 270, "texture": "#metal"},
				"south": {"uv": [0, 4, 11, 6], "texture": "#metal"},
				"west": {"uv": [0, 15, 12, 15.25], "rotation": 90, "texture": "#metal"},
				"up": {"uv": [0, 0, 14, 0.25], "rotation": 180, "texture": "#metal"},
				"down": {"uv": [0, 0, 14, 0.25], "texture": "#metal"}
			}
		},
		{
			"from": [6, 11.49175, 0.86675],
			"to": [10, 12.11675, 1.24175],
			"faces": {
				"north": {"uv": [2, 13, 16, 16], "rotation": 180, "texture": "#metal"},
				"east": {"uv": [0, 0, 12, 0.25], "rotation": 270, "texture": "#metal"},
				"south": {"uv": [0, 2, 11, 4], "texture": "#metal"},
				"west": {"uv": [0, 15, 12, 15.25], "rotation": 90, "texture": "#metal"},
				"up": {"uv": [0, 0, 14, 0.25], "rotation": 180, "texture": "#metal"},
				"down": {"uv": [0, 0, 14, 0.25], "texture": "#metal"}
			}
		},
		{
			"from": [6.125, 12.49175, 0.86675],
			"to": [10, 13.11675, 1.24175],
			"faces": {
				"north": {"uv": [2, 13, 16, 16], "rotation": 180, "texture": "#metal"},
				"east": {"uv": [0, 0, 12, 0.25], "rotation": 270, "texture": "#metal"},
				"south": {"uv": [3, 5, 14, 7], "texture": "#metal"},
				"west": {"uv": [0, 15, 12, 15.25], "rotation": 90, "texture": "#metal"},
				"up": {"uv": [0, 0, 14, 0.25], "rotation": 180, "texture": "#metal"},
				"down": {"uv": [0, 0, 14, 0.25], "texture": "#metal"}
			}
		},
		{
			"from": [10, 7.49175, 0.86675],
			"to": [14, 8.11675, 1.24175],
			"faces": {
				"north": {"uv": [2, 13, 16, 16], "rotation": 180, "texture": "#metal"},
				"east": {"uv": [0, 0, 12, 0.25], "rotation": 270, "texture": "#metal"},
				"south": {"uv": [0, 2, 11, 4], "texture": "#metal"},
				"west": {"uv": [0, 15, 12, 15.25], "rotation": 90, "texture": "#metal"},
				"up": {"uv": [0, 0, 14, 0.25], "rotation": 180, "texture": "#metal"},
				"down": {"uv": [0, 0, 14, 0.25], "texture": "#metal"}
			}
		},
		{
			"from": [10, 8.49175, 0.86675],
			"to": [14, 9.11675, 1.24175],
			"faces": {
				"north": {"uv": [2, 13, 16, 16], "rotation": 180, "texture": "#metal"},
				"east": {"uv": [0, 0, 12, 0.25], "rotation": 270, "texture": "#metal"},
				"south": {"uv": [0, 2, 11, 4], "texture": "#metal"},
				"west": {"uv": [0, 15, 12, 15.25], "rotation": 90, "texture": "#metal"},
				"up": {"uv": [0, 0, 14, 0.25], "rotation": 180, "texture": "#metal"},
				"down": {"uv": [0, 0, 14, 0.25], "texture": "#metal"}
			}
		},
		{
			"from": [10, 9.49175, 0.86675],
			"to": [14, 10.11675, 1.24175],
			"faces": {
				"north": {"uv": [2, 13, 16, 16], "rotation": 180, "texture": "#metal"},
				"east": {"uv": [0, 0, 12, 0.25], "rotation": 270, "texture": "#metal"},
				"south": {"uv": [0, 2, 11, 4], "texture": "#metal"},
				"west": {"uv": [0, 15, 12, 15.25], "rotation": 90, "texture": "#metal"},
				"up": {"uv": [0, 0, 14, 0.25], "rotation": 180, "texture": "#metal"},
				"down": {"uv": [0, 0, 14, 0.25], "texture": "#metal"}
			}
		},
		{
			"from": [10, 10.49175, 0.86675],
			"to": [14, 11.11675, 1.24175],
			"faces": {
				"north": {"uv": [2, 13, 16, 16], "rotation": 180, "texture": "#metal"},
				"east": {"uv": [0, 0, 12, 0.25], "rotation": 270, "texture": "#metal"},
				"south": {"uv": [2, 3, 13, 5], "texture": "#metal"},
				"west": {"uv": [0, 15, 12, 15.25], "rotation": 90, "texture": "#metal"},
				"up": {"uv": [0, 0, 14, 0.25], "rotation": 180, "texture": "#metal"},
				"down": {"uv": [0, 0, 14, 0.25], "texture": "#metal"}
			}
		},
		{
			"from": [10, 11.49175, 0.86675],
			"to": [14, 12.11675, 1.24175],
			"faces": {
				"north": {"uv": [2, 13, 16, 16], "rotation": 180, "texture": "#metal"},
				"east": {"uv": [0, 0, 12, 0.25], "rotation": 270, "texture": "#metal"},
				"south": {"uv": [1, 1, 12, 3], "texture": "#metal"},
				"west": {"uv": [0, 15, 12, 15.25], "rotation": 90, "texture": "#metal"},
				"up": {"uv": [0, 0, 14, 0.25], "rotation": 180, "texture": "#metal"},
				"down": {"uv": [0, 0, 14, 0.25], "texture": "#metal"}
			}
		},
		{
			"from": [10, 12.49175, 0.86675],
			"to": [14, 13.11675, 1.24175],
			"faces": {
				"north": {"uv": [2, 13, 16, 16], "rotation": 180, "texture": "#metal"},
				"east": {"uv": [0, 0, 12, 0.25], "rotation": 270, "texture": "#metal"},
				"south": {"uv": [2, 3, 13, 5], "texture": "#metal"},
				"west": {"uv": [0, 15, 12, 15.25], "rotation": 90, "texture": "#metal"},
				"up": {"uv": [0, 0, 14, 0.25], "rotation": 180, "texture": "#metal"},
				"down": {"uv": [0, 0, 14, 0.25], "texture": "#metal"}
			}
		},
		{
			"from": [10, 14.49175, 0.86675],
			"to": [14, 15.11675, 1.24175],
			"faces": {
				"north": {"uv": [2, 4, 16, 16], "rotation": 180, "texture": "#metal"},
				"east": {"uv": [0, 0, 12, 0.25], "rotation": 270, "texture": "#metal"},
				"south": {"uv": [2, 2, 13, 4], "texture": "#metal"},
				"west": {"uv": [0, 15, 12, 15.25], "rotation": 90, "texture": "#metal"},
				"up": {"uv": [0, 0, 14, 0.25], "rotation": 180, "texture": "#metal"},
				"down": {"uv": [0, 0, 14, 0.25], "texture": "#metal"}
			}
		},
		{
			"from": [6, 14.49175, 0.86675],
			"to": [10, 15.11675, 1.24175],
			"faces": {
				"north": {"uv": [2, 4, 16, 16], "rotation": 180, "texture": "#metal"},
				"east": {"uv": [0, 0, 12, 0.25], "rotation": 270, "texture": "#metal"},
				"south": {"uv": [3, 5, 14, 7], "texture": "#metal"},
				"west": {"uv": [0, 15, 12, 15.25], "rotation": 90, "texture": "#metal"},
				"up": {"uv": [0, 0, 14, 0.25], "rotation": 180, "texture": "#metal"},
				"down": {"uv": [0, 0, 14, 0.25], "texture": "#metal"}
			}
		},
		{
			"from": [2, 14.49175, 0.86675],
			"to": [6.125, 15.11675, 1.24175],
			"faces": {
				"north": {"uv": [2, 4, 16, 16], "rotation": 180, "texture": "#metal"},
				"east": {"uv": [0, 0, 12, 0.25], "rotation": 270, "texture": "#metal"},
				"south": {"uv": [0, 2, 11, 4], "texture": "#metal"},
				"west": {"uv": [0, 15, 12, 15.25], "rotation": 90, "texture": "#metal"},
				"up": {"uv": [0, 0, 14, 0.25], "rotation": 180, "texture": "#metal"},
				"down": {"uv": [0, 0, 14, 0.25], "texture": "#metal"}
			}
		},
		{
			"from": [10, 13.49175, 0.86675],
			"to": [14, 14.11675, 1.24175],
			"faces": {
				"north": {"uv": [2, 13, 16, 16], "rotation": 180, "texture": "#metal"},
				"east": {"uv": [0, 0, 12, 0.25], "rotation": 270, "texture": "#metal"},
				"south": {"uv": [4, 7, 15, 9], "texture": "#metal"},
				"west": {"uv": [0, 15, 12, 15.25], "rotation": 90, "texture": "#metal"},
				"up": {"uv": [0, 0, 14, 0.25], "rotation": 180, "texture": "#metal"},
				"down": {"uv": [0, 0, 14, 0.25], "texture": "#metal"}
			}
		},
		{
			"from": [6, 13.49175, 0.86675],
			"to": [10, 14.11675, 1.24175],
			"faces": {
				"north": {"uv": [2, 13, 16, 16], "rotation": 180, "texture": "#metal"},
				"east": {"uv": [0, 0, 12, 0.25], "rotation": 270, "texture": "#metal"},
				"south": {"uv": [2, 4, 13, 6], "texture": "#metal"},
				"west": {"uv": [0, 15, 12, 15.25], "rotation": 90, "texture": "#metal"},
				"up": {"uv": [0, 0, 14, 0.25], "rotation": 180, "texture": "#metal"},
				"down": {"uv": [0, 0, 14, 0.25], "texture": "#metal"}
			}
		},
		{
			"from": [2, 13.49175, 0.86675],
			"to": [6, 14.11675, 1.24175],
			"faces": {
				"north": {"uv": [2, 13, 16, 16], "rotation": 180, "texture": "#metal"},
				"east": {"uv": [0, 0, 12, 0.25], "rotation": 270, "texture": "#metal"},
				"south": {"uv": [0, 2, 11, 4], "texture": "#metal"},
				"west": {"uv": [0, 15, 12, 15.25], "rotation": 90, "texture": "#metal"},
				"up": {"uv": [0, 0, 14, 0.25], "rotation": 180, "texture": "#metal"},
				"down": {"uv": [0, 0, 14, 0.25], "texture": "#metal"}
			}
		},
		{
			"from": [6, 14.125, 0.25],
			"to": [10, 14.625, 0.875],
			"faces": {
				"north": {"uv": [0, 0, 14, 0.25], "texture": "#metal"},
				"east": {"uv": [0, 0, 3, 4.25], "texture": "#metal"},
				"south": {"uv": [0, 1, 14, 3.25], "texture": "#metal"},
				"west": {"uv": [7, 4, 10, 6.25], "texture": "#metal"},
				"up": {"uv": [0, 2, 11, 4], "texture": "#metal"},
				"down": {"uv": [0, 4, 13, 14], "texture": "#metal"}
			}
		},
		{
			"from": [7.75, 11.1, 0.425],
			"to": [8.375, 14.1, 0.8],
			"faces": {
				"north": {"uv": [4, 2, 9, 14], "rotation": 180, "texture": "#metal"},
				"east": {"uv": [0, 4, 9, 6.25], "rotation": 270, "texture": "#metal"},
				"south": {"uv": [0, 2, 11, 4], "texture": "#metal"},
				"west": {"uv": [4, 11, 13, 12.25], "rotation": 90, "texture": "#metal"},
				"up": {"uv": [0, 0, 14, 0.25], "rotation": 180, "texture": "#metal"},
				"down": {"uv": [0, 0, 14, 0.25], "texture": "#metal"}
			}
		},
		{
			"from": [7.75, 5.475, -0.075],
			"to": [8.375, 9.35, 0.3],
			"faces": {
				"north": {"uv": [4, 4, 8, 14], "rotation": 180, "texture": "#metal"},
				"east": {"uv": [3, 5, 15, 6.25], "rotation": 270, "texture": "#metal"},
				"south": {"uv": [0, 2, 11, 4], "texture": "#metal"},
				"west": {"uv": [1, 12, 13, 14.25], "rotation": 90, "texture": "#metal"},
				"up": {"uv": [0, 0, 14, 0.25], "rotation": 180, "texture": "#metal"},
				"down": {"uv": [0, 0, 14, 0.25], "texture": "#metal"}
			}
		},
		{
			"from": [7.75, 1.1, 0.3],
			"to": [8.375, 3.725, 0.675],
			"faces": {
				"north": {"uv": [0, 4, 4, 14], "rotation": 180, "texture": "#metal"},
				"east": {"uv": [2, 4, 14, 5.25], "rotation": 270, "texture": "#metal"},
				"south": {"uv": [0, 2, 11, 4], "texture": "#metal"},
				"west": {"uv": [1, 9, 13, 10.25], "rotation": 90, "texture": "#metal"},
				"up": {"uv": [0, 0, 14, 0.25], "rotation": 180, "texture": "#metal"},
				"down": {"uv": [1, 1, 9, 2.25], "texture": "#metal"}
			}
		},
		{
			"from": [7.5, 0.5, 0.5],
			"to": [8.625, 1.125, 0.875],
			"faces": {
				"north": {"uv": [0, 4, 4, 14], "rotation": 180, "texture": "#metal"},
				"east": {"uv": [0, 0, 12, 0.25], "rotation": 270, "texture": "#metal"},
				"south": {"uv": [0, 2, 11, 4], "texture": "#metal"},
				"west": {"uv": [0, 15, 12, 15.25], "rotation": 90, "texture": "#metal"},
				"up": {"uv": [0, 0, 14, 0.25], "rotation": 180, "texture": "#metal"},
				"down": {"uv": [1, 1, 9, 2.25], "texture": "#metal"}
			}
		},
		{
			"from": [7.5, 3.725, 0.175],
			"to": [8.125, 5.475, 0.55],
			"faces": {
				"north": {"uv": [4, 4, 8, 14], "rotation": 180, "texture": "#metal"},
				"east": {"uv": [0, 0, 12, 0.25], "rotation": 270, "texture": "#metal"},
				"south": {"uv": [0, 2, 11, 4], "texture": "#metal"},
				"west": {"uv": [0, 5, 8, 7.25], "rotation": 90, "texture": "#metal"},
				"up": {"uv": [0, 0, 14, 0.25], "rotation": 180, "texture": "#metal"},
				"down": {"uv": [0, 0, 14, 0.25], "texture": "#metal"}
			}
		},
		{
			"from": [8.125, 9.35, 0.175],
			"to": [8.75, 11.1, 0.55],
			"faces": {
				"north": {"uv": [4, 4, 8, 14], "rotation": 180, "texture": "#metal"},
				"east": {"uv": [8, 8, 16, 9.25], "rotation": 270, "texture": "#metal"},
				"south": {"uv": [0, 2, 11, 4], "texture": "#metal"},
				"west": {"uv": [0, 4, 12, 6.25], "rotation": 90, "texture": "#metal"},
				"up": {"uv": [0, 0, 14, 0.25], "rotation": 180, "texture": "#metal"},
				"down": {"uv": [0, 0, 14, 0.25], "texture": "#metal"}
			}
		}
	],
	"display": {
		"gui": {
			"rotation": [30, 30, 0],
			"translation": [0, -6, 0],
			"scale": [0.7, 0.7, 0.7]
		},
		"fixed": {
			"rotation": [0, 0, 0],
			"translation": [0, 0, 0],
			"scale": [0.5, 0.5, 0.5]
		},
		"ground": {
			"rotation": [90, 0, 0],
			"translation": [0, 0, 0],
			"scale": [0.5, 0.5, 0.5]
		}
	}
}