{
	"credit": "Made with the Blockbench",
  "parent": "block/cube",
  "ambientocclusion": false,
	"textures": {
		"metal": "rsgauges:blocks/common/old_iron",
		"particle": "rsgauges:blocks/common/old_iron"
	},
	"elements": [
		{
			"from": [0, 14.625, 0],
			"to": [4, 16, 1.25],
			"faces": {
				"north": {"uv": [2, 8, 16, 12.25], "texture": "#metal"},
				"east": {"uv": [0, 0, 12, 0.25], "texture": "#metal"},
				"south": {"uv": [0, 0, 14, 4.25], "texture": "#metal"},
				"west": {"uv": [0, 0, 4, 3.25], "texture": "#metal"},
				"up": {"uv": [0, 0, 10, 4], "texture": "#metal"},
				"down": {"uv": [1, 10, 15, 13], "texture": "#metal"}
			}
		},
		{
			"from": [4, 14.625, 0],
			"to": [8, 16, 1.25],
			"faces": {
				"north": {"uv": [2, 8, 16, 12.25], "texture": "#metal"},
				"east": {"uv": [0, 0, 12, 0.25], "texture": "#metal"},
				"south": {"uv": [0, 0, 14, 4.25], "texture": "#metal"},
				"west": {"uv": [0, 0, 12, 0.25], "texture": "#metal"},
				"up": {"uv": [6, 0, 16, 3], "texture": "#metal"},
				"down": {"uv": [1, 3, 15, 8], "texture": "#metal"}
			}
		},
		{
			"from": [12, 14.625, 0],
			"to": [16, 16, 1.25],
			"faces": {
				"north": {"uv": [0, 9, 14, 13.25], "texture": "#metal"},
				"east": {"uv": [4, 6, 9, 13.25], "texture": "#metal"},
				"south": {"uv": [0, 0, 14, 4.25], "texture": "#metal"},
				"west": {"uv": [0, 0, 12, 0.25], "texture": "#metal"},
				"up": {"uv": [6, 0, 16, 4], "texture": "#metal"},
				"down": {"uv": [0, 6, 14, 11], "texture": "#metal"}
			}
		},
		{
			"from": [8, 14.625, 0],
			"to": [12, 16, 1.25],
			"faces": {
				"north": {"uv": [2, 9, 16, 13.25], "texture": "#metal"},
				"east": {"uv": [0, 0, 12, 0.25], "texture": "#metal"},
				"south": {"uv": [0, 0, 14, 4.25], "texture": "#metal"},
				"west": {"uv": [0, 0, 12, 0.25], "texture": "#metal"},
				"up": {"uv": [3, 0, 13, 3], "texture": "#metal"},
				"down": {"uv": [0, 6, 14, 10], "texture": "#metal"}
			}
		},
		{
			"from": [0, 11.75, 1.25],
			"to": [2, 15.25, 2],
			"faces": {
				"north": {"uv": [0, 4, 9, 16], "rotation": 180, "texture": "#metal"},
				"east": {"uv": [2, 4, 14, 6.25], "rotation": 270, "texture": "#metal"},
				"south": {"uv": [3, 5, 7, 13], "texture": "#metal"},
				"west": {"uv": [4, 9, 16, 11.25], "rotation": 90, "texture": "#metal"},
				"up": {"uv": [0, 0, 8, 1.25], "rotation": 180, "texture": "#metal"},
				"down": {"uv": [0, 0, 14, 0.25], "texture": "#metal"}
			}
		},
		{
			"from": [0, 0.5, 1.25],
			"to": [2, 4.25, 2],
			"faces": {
				"north": {"uv": [0, 0, 8, 12], "rotation": 180, "texture": "#metal"},
				"east": {"uv": [0, 2, 12, 4.25], "rotation": 270, "texture": "#metal"},
				"south": {"uv": [4, 3, 9, 11], "texture": "#metal"},
				"west": {"uv": [0, 6, 12, 8.25], "rotation": 90, "texture": "#metal"},
				"up": {"uv": [0, 0, 14, 0.25], "rotation": 180, "texture": "#metal"},
				"down": {"uv": [6, 10, 11, 12.25], "texture": "#metal"}
			}
		},
		{
			"from": [2, 0.5, 1.25],
			"to": [6, 2.5, 2],
			"faces": {
				"north": {"uv": [0, 0, 14, 7], "rotation": 180, "texture": "#metal"},
				"east": {"uv": [0, 0, 12, 0.25], "rotation": 270, "texture": "#metal"},
				"south": {"uv": [0, 12, 10, 16], "texture": "#metal"},
				"west": {"uv": [3, 4, 15, 4.25], "rotation": 90, "texture": "#metal"},
				"up": {"uv": [0, 0, 14, 0.25], "rotation": 180, "texture": "#metal"},
				"down": {"uv": [2, 9, 16, 11.25], "texture": "#metal"}
			}
		},
		{
			"from": [6, 0.5, 1.25],
			"to": [10, 2.5, 2],
			"faces": {
				"north": {"uv": [0, 0, 14, 7], "rotation": 180, "texture": "#metal"},
				"east": {"uv": [0, 0, 12, 0.25], "rotation": 270, "texture": "#metal"},
				"south": {"uv": [0, 12, 10, 16], "texture": "#metal"},
				"west": {"uv": [3, 4, 15, 4.25], "rotation": 90, "texture": "#metal"},
				"up": {"uv": [0, 0, 14, 0.25], "rotation": 180, "texture": "#metal"},
				"down": {"uv": [2, 9, 16, 11.25], "texture": "#metal"}
			}
		},
		{
			"from": [10, 0.5, 1.25],
			"to": [14, 2.5, 2],
			"faces": {
				"north": {"uv": [1, 5, 15, 12], "rotation": 180, "texture": "#metal"},
				"east": {"uv": [0, 0, 12, 0.25], "rotation": 270, "texture": "#metal"},
				"south": {"uv": [0, 12, 10, 16], "texture": "#metal"},
				"west": {"uv": [3, 4, 15, 4.25], "rotation": 90, "texture": "#metal"},
				"up": {"uv": [0, 0, 14, 0.25], "rotation": 180, "texture": "#metal"},
				"down": {"uv": [2, 9, 16, 11.25], "texture": "#metal"}
			}
		},
		{
			"from": [14, 0.5, 1.25],
			"to": [16, 4.25, 2],
			"faces": {
				"north": {"uv": [0, 0, 7, 12], "rotation": 180, "texture": "#metal"},
				"east": {"uv": [0, 2, 12, 4.25], "rotation": 270, "texture": "#metal"},
				"south": {"uv": [4, 3, 9, 11], "texture": "#metal"},
				"west": {"uv": [0, 6, 12, 8.25], "rotation": 90, "texture": "#metal"},
				"up": {"uv": [0, 0, 14, 0.25], "rotation": 180, "texture": "#metal"},
				"down": {"uv": [6, 10, 11, 12.25], "texture": "#metal"}
			}
		},
		{
			"from": [14, 4.25, 1.25],
			"to": [16, 8, 2],
			"faces": {
				"north": {"uv": [2, 2, 9, 14], "rotation": 180, "texture": "#metal"},
				"east": {"uv": [2, 2, 14, 4.25], "rotation": 270, "texture": "#metal"},
				"south": {"uv": [6, 4, 10, 12], "texture": "#metal"},
				"west": {"uv": [0, 6, 12, 8.25], "rotation": 90, "texture": "#metal"},
				"up": {"uv": [0, 0, 14, 0.25], "rotation": 180, "texture": "#metal"},
				"down": {"uv": [0, 0, 14, 0.25], "texture": "#metal"}
			}
		},
		{
			"from": [10, 3.5, 1.25],
			"to": [14, 4.625, 2],
			"faces": {
				"north": {"uv": [0, 4, 13, 8], "rotation": 180, "texture": "#metal"},
				"east": {"uv": [0, 0, 12, 0.25], "rotation": 270, "texture": "#metal"},
				"south": {"uv": [0, 2, 11, 5], "texture": "#metal"},
				"west": {"uv": [0, 15, 12, 15.25], "rotation": 90, "texture": "#metal"},
				"up": {"uv": [0, 0, 14, 0.25], "rotation": 180, "texture": "#metal"},
				"down": {"uv": [0, 0, 14, 0.25], "texture": "#metal"}
			}
		},
		{
			"from": [10, 5.5, 1.25],
			"to": [14, 6.625, 2],
			"faces": {
				"north": {"uv": [2, 4, 16, 8], "rotation": 180, "texture": "#metal"},
				"east": {"uv": [0, 0, 12, 0.25], "rotation": 270, "texture": "#metal"},
				"south": {"uv": [0, 2, 11, 5], "texture": "#metal"},
				"west": {"uv": [0, 15, 12, 15.25], "rotation": 90, "texture": "#metal"},
				"up": {"uv": [0, 0, 14, 0.25], "rotation": 180, "texture": "#metal"},
				"down": {"uv": [0, 0, 14, 0.25], "texture": "#metal"}
			}
		},
		{
			"from": [10, 7.5, 1.25],
			"to": [14, 8.625, 2],
			"faces": {
				"north": {"uv": [2, 13, 16, 16], "rotation": 180, "texture": "#metal"},
				"east": {"uv": [0, 0, 12, 0.25], "rotation": 270, "texture": "#metal"},
				"south": {"uv": [0, 2, 11, 5], "texture": "#metal"},
				"west": {"uv": [0, 15, 12, 15.25], "rotation": 90, "texture": "#metal"},
				"up": {"uv": [0, 0, 14, 0.25], "rotation": 180, "texture": "#metal"},
				"down": {"uv": [0, 0, 14, 0.25], "texture": "#metal"}
			}
		},
		{
			"from": [10, 9.5, 1.25],
			"to": [14, 10.625, 2],
			"faces": {
				"north": {"uv": [2, 4, 16, 8], "rotation": 180, "texture": "#metal"},
				"east": {"uv": [0, 0, 12, 0.25], "rotation": 270, "texture": "#metal"},
				"south": {"uv": [0, 2, 11, 5], "texture": "#metal"},
				"west": {"uv": [0, 15, 12, 15.25], "rotation": 90, "texture": "#metal"},
				"up": {"uv": [0, 0, 14, 0.25], "rotation": 180, "texture": "#metal"},
				"down": {"uv": [0, 0, 14, 0.25], "texture": "#metal"}
			}
		},
		{
			"from": [14, 8, 1.25],
			"to": [16, 11.75, 2],
			"faces": {
				"north": {"uv": [2, 2, 10, 14], "rotation": 180, "texture": "#metal"},
				"east": {"uv": [3, 6, 15, 8.25], "rotation": 270, "texture": "#metal"},
				"south": {"uv": [4, 6, 9, 14], "texture": "#metal"},
				"west": {"uv": [4, 9, 16, 11.25], "rotation": 90, "texture": "#metal"},
				"up": {"uv": [0, 0, 14, 0.25], "rotation": 180, "texture": "#metal"},
				"down": {"uv": [0, 0, 14, 0.25], "texture": "#metal"}
			}
		},
		{
			"from": [14, 11.75, 1.25],
			"to": [16, 15.25, 2],
			"faces": {
				"north": {"uv": [2, 2, 10, 14], "rotation": 180, "texture": "#metal"},
				"east": {"uv": [2, 4, 14, 6.25], "rotation": 270, "texture": "#metal"},
				"south": {"uv": [3, 5, 7, 13], "texture": "#metal"},
				"west": {"uv": [4, 9, 16, 11.25], "rotation": 90, "texture": "#metal"},
				"up": {"uv": [0, 0, 8, 1.25], "rotation": 180, "texture": "#metal"},
				"down": {"uv": [0, 0, 14, 0.25], "texture": "#metal"}
			}
		},
		{
			"from": [10, 13.5, 1.25],
			"to": [14, 14.625, 2],
			"faces": {
				"north": {"uv": [0, 9, 14, 14], "rotation": 180, "texture": "#metal"},
				"east": {"uv": [0, 0, 12, 0.25], "rotation": 270, "texture": "#metal"},
				"south": {"uv": [0, 2, 11, 5], "texture": "#metal"},
				"west": {"uv": [0, 15, 12, 15.25], "rotation": 90, "texture": "#metal"},
				"up": {"uv": [0, 2, 14, 3.25], "rotation": 180, "texture": "#metal"},
				"down": {"uv": [0, 0, 14, 0.25], "texture": "#metal"}
			}
		},
		{
			"from": [10, 11.5, 1.25],
			"to": [14, 12.625, 2],
			"faces": {
				"north": {"uv": [0, 8, 14, 12], "rotation": 180, "texture": "#metal"},
				"east": {"uv": [0, 0, 12, 0.25], "rotation": 270, "texture": "#metal"},
				"south": {"uv": [0, 2, 11, 5], "texture": "#metal"},
				"west": {"uv": [0, 15, 12, 15.25], "rotation": 90, "texture": "#metal"},
				"up": {"uv": [0, 0, 14, 0.25], "rotation": 180, "texture": "#metal"},
				"down": {"uv": [0, 0, 14, 0.25], "texture": "#metal"}
			}
		},
		{
			"from": [6, 12.125, 1.25],
			"to": [10, 15.25, 2],
			"faces": {
				"north": {"uv": [2, 4, 16, 16], "rotation": 180, "texture": "#metal"},
				"east": {"uv": [0, 0, 12, 0.25], "rotation": 270, "texture": "#metal"},
				"south": {"uv": [0, 4, 11, 12], "texture": "#metal"},
				"west": {"uv": [0, 15, 12, 15.25], "rotation": 90, "texture": "#metal"},
				"up": {"uv": [0, 0, 14, 1.25], "rotation": 180, "texture": "#metal"},
				"down": {"uv": [0, 0, 14, 0.25], "texture": "#metal"}
			}
		},
		{
			"from": [6, 9, 1.25],
			"to": [10, 12.125, 2],
			"faces": {
				"north": {"uv": [2, 2, 16, 14], "rotation": 180, "texture": "#metal"},
				"east": {"uv": [0, 0, 12, 0.25], "rotation": 270, "texture": "#metal"},
				"south": {"uv": [4, 5, 14, 13], "texture": "#metal"},
				"west": {"uv": [4, 11, 16, 11.25], "rotation": 90, "texture": "#metal"},
				"up": {"uv": [0, 0, 14, 0.25], "rotation": 180, "texture": "#metal"},
				"down": {"uv": [0, 0, 14, 0.25], "texture": "#metal"}
			}
		},
		{
			"from": [6, 5.25, 1.25],
			"to": [10, 9, 2],
			"faces": {
				"north": {"uv": [2, 2, 16, 14], "rotation": 180, "texture": "#metal"},
				"east": {"uv": [0, 0, 12, 0.25], "rotation": 270, "texture": "#metal"},
				"south": {"uv": [0, 8, 10, 16], "texture": "#metal"},
				"west": {"uv": [4, 11, 16, 11.25], "rotation": 90, "texture": "#metal"},
				"up": {"uv": [0, 0, 14, 0.25], "rotation": 180, "texture": "#metal"},
				"down": {"uv": [0, 0, 14, 0.25], "texture": "#metal"}
			}
		},
		{
			"from": [6, 2.5, 1.25],
			"to": [10, 5.25, 2],
			"faces": {
				"north": {"uv": [0, 0, 14, 9], "rotation": 180, "texture": "#metal"},
				"east": {"uv": [0, 0, 12, 0.25], "rotation": 270, "texture": "#metal"},
				"south": {"uv": [3, 7, 13, 15], "texture": "#metal"},
				"west": {"uv": [3, 4, 15, 4.25], "rotation": 90, "texture": "#metal"},
				"up": {"uv": [0, 0, 14, 0.25], "rotation": 180, "texture": "#metal"},
				"down": {"uv": [0, 5, 14, 5.25], "texture": "#metal"}
			}
		},
		{
			"from": [2, 3.5, 1.25],
			"to": [6, 4.625, 2],
			"faces": {
				"north": {"uv": [2, 8, 16, 11], "rotation": 180, "texture": "#metal"},
				"east": {"uv": [0, 0, 12, 0.25], "rotation": 270, "texture": "#metal"},
				"south": {"uv": [0, 2, 11, 5], "texture": "#metal"},
				"west": {"uv": [0, 15, 12, 15.25], "rotation": 90, "texture": "#metal"},
				"up": {"uv": [0, 0, 14, 0.25], "rotation": 180, "texture": "#metal"},
				"down": {"uv": [0, 0, 14, 0.25], "texture": "#metal"}
			}
		},
		{
			"from": [2, 5.5, 1.25],
			"to": [6, 6.625, 2],
			"faces": {
				"north": {"uv": [0, 7, 14, 12], "rotation": 180, "texture": "#metal"},
				"east": {"uv": [0, 0, 12, 0.25], "rotation": 270, "texture": "#metal"},
				"south": {"uv": [0, 2, 11, 5], "texture": "#metal"},
				"west": {"uv": [0, 15, 12, 15.25], "rotation": 90, "texture": "#metal"},
				"up": {"uv": [0, 0, 14, 0.25], "rotation": 180, "texture": "#metal"},
				"down": {"uv": [0, 0, 14, 0.25], "texture": "#metal"}
			}
		},
		{
			"from": [2, 7.5, 1.25],
			"to": [6, 8.625, 2],
			"faces": {
				"north": {"uv": [2, 0, 16, 6], "rotation": 180, "texture": "#metal"},
				"east": {"uv": [0, 0, 12, 0.25], "rotation": 270, "texture": "#metal"},
				"south": {"uv": [0, 2, 11, 5], "texture": "#metal"},
				"west": {"uv": [0, 15, 12, 15.25], "rotation": 90, "texture": "#metal"},
				"up": {"uv": [0, 0, 14, 0.25], "rotation": 180, "texture": "#metal"},
				"down": {"uv": [0, 0, 14, 0.25], "texture": "#metal"}
			}
		},
		{
			"from": [2, 9.5, 1.25],
			"to": [6, 10.625, 2],
			"faces": {
				"north": {"uv": [0, 8, 14, 13], "rotation": 180, "texture": "#metal"},
				"east": {"uv": [0, 0, 12, 0.25], "rotation": 270, "texture": "#metal"},
				"south": {"uv": [0, 2, 11, 5], "texture": "#metal"},
				"west": {"uv": [0, 15, 12, 15.25], "rotation": 90, "texture": "#metal"},
				"up": {"uv": [0, 0, 14, 0.25], "rotation": 180, "texture": "#metal"},
				"down": {"uv": [0, 0, 14, 0.25], "texture": "#metal"}
			}
		},
		{
			"from": [2, 11.5, 1.25],
			"to": [6, 12.625, 2],
			"faces": {
				"north": {"uv": [2, 11, 16, 16], "rotation": 180, "texture": "#metal"},
				"east": {"uv": [0, 0, 12, 0.25], "rotation": 270, "texture": "#metal"},
				"south": {"uv": [0, 2, 11, 5], "texture": "#metal"},
				"west": {"uv": [0, 15, 12, 15.25], "rotation": 90, "texture": "#metal"},
				"up": {"uv": [0, 0, 14, 0.25], "rotation": 180, "texture": "#metal"},
				"down": {"uv": [0, 0, 14, 0.25], "texture": "#metal"}
			}
		},
		{
			"from": [2, 13.5, 1.25],
			"to": [6, 14.625, 2],
			"faces": {
				"north": {"uv": [2, 4, 16, 8], "rotation": 180, "texture": "#metal"},
				"east": {"uv": [0, 0, 12, 0.25], "rotation": 270, "texture": "#metal"},
				"south": {"uv": [0, 2, 11, 5], "texture": "#metal"},
				"west": {"uv": [0, 15, 12, 15.25], "rotation": 90, "texture": "#metal"},
				"up": {"uv": [0, 0, 14, 1.25], "rotation": 180, "texture": "#metal"},
				"down": {"uv": [0, 0, 14, 0.25], "texture": "#metal"}
			}
		},
		{
			"from": [0, 8, 1.25],
			"to": [2, 11.75, 2],
			"faces": {
				"north": {"uv": [2, 2, 9, 14], "rotation": 180, "texture": "#metal"},
				"east": {"uv": [3, 6, 15, 8.25], "rotation": 270, "texture": "#metal"},
				"south": {"uv": [4, 6, 9, 14], "texture": "#metal"},
				"west": {"uv": [4, 9, 16, 11.25], "rotation": 90, "texture": "#metal"},
				"up": {"uv": [0, 0, 14, 0.25], "rotation": 180, "texture": "#metal"},
				"down": {"uv": [0, 0, 14, 0.25], "texture": "#metal"}
			}
		},
		{
			"from": [0, 4.25, 1.25],
			"to": [2, 8, 2],
			"faces": {
				"north": {"uv": [5, 3, 14, 15], "rotation": 180, "texture": "#metal"},
				"east": {"uv": [2, 2, 14, 4.25], "rotation": 270, "texture": "#metal"},
				"south": {"uv": [6, 4, 10, 12], "texture": "#metal"},
				"west": {"uv": [0, 6, 12, 8.25], "rotation": 90, "texture": "#metal"},
				"up": {"uv": [0, 0, 14, 0.25], "rotation": 180, "texture": "#metal"},
				"down": {"uv": [0, 0, 14, 0.25], "texture": "#metal"}
			}
		}
	],
	"display": {
		"gui": {
			"rotation": [30, 30, 0],
			"translation": [0, -6, 0],
			"scale": [0.7, 0.7, 0.7]
		},
		"fixed": {
			"rotation": [0, 0, 0],
			"translation": [0, 0, 0],
			"scale": [0.5, 0.5, 0.5]
		},
		"ground": {
			"rotation": [90, 0, 0],
			"translation": [0, 0, 0],
			"scale": [0.5, 0.5, 0.5]
		}
	}
}