{
	"parent": "block/cube",
	"ambientocclusion": false,
	"textures": {
		"handle": "rsgauges:blocks/sensitiveglass/sensitiveglass_stained_s15",
		"offstate": "rsgauges:blocks/sensitiveglass/sensitiveglass_bw_s00"
	},
	"elements": [
		{
			"from": [5.5, 8.625, 15.25],
			"to": [10.5, 10.5, 16],
			"faces": {
				"north": {"uv": [5.5, 5.5, 10.5, 7.375], "texture": "#handle", "tintindex": 0},
				"east": {"uv": [0, 5.5, 0.75, 7.375], "rotation": 180, "texture": "#handle", "tintindex": 0},
				"south": {"uv": [5.5, 5.5, 10.5, 7.375], "texture": "#handle", "tintindex": 0},
				"west": {"uv": [15.25, 5.5, 16, 7.375], "rotation": 180, "texture": "#handle", "tintindex": 0},
				"up": {"uv": [5.5, 15.25, 10.5, 16], "rotation": 180, "texture": "#handle", "tintindex": 0},
				"down": {"uv": [5.5, 0, 10.5, 0.75], "rotation": 180, "texture": "#handle", "tintindex": 0}
			}
		},
		{
			"from": [5.5, 5.5, 15.25],
			"to": [10.5, 8.625, 16],
			"faces": {
				"north": {"uv": [5.5, 7.375, 10.5, 10.5], "texture": "#offstate"},
				"east": {"uv": [0, 7.375, 0.75, 10.5], "rotation": 180, "texture": "#offstate"},
				"south": {"uv": [5.5, 7.375, 10.5, 10.5], "texture": "#offstate"},
				"west": {"uv": [15.25, 7.375, 16, 10.5], "rotation": 180, "texture": "#offstate"},
				"up": {"uv": [5.5, 15.25, 10.5, 16], "rotation": 180, "texture": "#offstate"},
				"down": {"uv": [5.5, 0, 10.5, 0.75], "rotation": 180, "texture": "#offstate"}
			}
		},
		{
			"from": [5.75, 8.875, 15.5],
			"to": [10.25, 10.25, 15.75],
			"faces": {
				"north": {"uv": [5.75, 5.75, 10.25, 7.125], "texture": "#handle", "tintindex": 0},
				"east": {"uv": [0.25, 5.75, 0.5, 7.125], "rotation": 180, "texture": "#handle", "tintindex": 0},
				"south": {"uv": [5.75, 5.75, 10.25, 7.125], "texture": "#handle", "tintindex": 0},
				"west": {"uv": [15.5, 5.75, 15.75, 7.125], "rotation": 180, "texture": "#handle", "tintindex": 0},
				"up": {"uv": [5.75, 15.5, 10.25, 15.75], "rotation": 180, "texture": "#handle", "tintindex": 0},
				"down": {"uv": [5.75, 0.25, 10.25, 0.5], "rotation": 180, "texture": "#handle", "tintindex": 0}
			}
		},
		{
			"from": [5.75, 5.75, 15.5],
			"to": [10.25, 8.375, 15.75],
			"faces": {
				"north": {"uv": [5.75, 7.625, 10.25, 10.25], "texture": "#offstate"},
				"east": {"uv": [0.25, 7.625, 0.5, 10.25], "rotation": 180, "texture": "#offstate"},
				"south": {"uv": [5.75, 7.625, 10.25, 10.25], "texture": "#offstate"},
				"west": {"uv": [15.5, 7.625, 15.75, 10.25], "rotation": 180, "texture": "#offstate"},
				"up": {"uv": [5.75, 15.5, 10.25, 15.75], "rotation": 180, "texture": "#offstate"},
				"down": {"uv": [5.75, 0.25, 10.25, 0.5], "rotation": 180, "texture": "#offstate"}
			}
		}
	],
	"display": {
		"thirdperson_righthand": {
			"rotation": [-1, 92, 0],
			"translation": [-5.75, 0, 0],
			"scale": [0.75, 0.75, 0.75]
		},
		"firstperson_righthand": {
			"rotation": [0, 104, 0],
			"translation": [-3.5, 0, 1.5],
			"scale": [0.7, 0.7, 0.7]
		},
		"ground": {
			"translation": [0, -1, -3.75],
			"scale": [0.5, 0.5, 0.5]
		},
		"gui": {
			"rotation": [30, -135, 0],
			"translation": [11, -5.25, 0],
			"scale": [2, 2, 2]
		},
		"fixed": {
			"translation": [0, 0, -7.75]
		}
	}
}