{
	"parent": "block/cube",
	"ambientocclusion": false,
	"textures": {
    "front": "rsgauges:blocks/gauge/flatgauge5texture_s00",
    "topbottom": "rsgauges:blocks/common/darkgraymetal",
		"particle": "rsgauges:blocks/common/darkgraymetal"
	},
	"elements": [
		{
			"from": [7, 4, 13],
			"to": [9, 12, 15],
			"faces": {
				"north": {"uv": [7, 4, 9, 12], "texture": "#front", "tintindex": 0},
				"east": {"uv": [1, 4, 3, 12], "texture": "#front", "tintindex": 0},
				"south": {"uv": [7, 4, 9, 12], "texture": "#front", "tintindex": 0},
				"west": {"uv": [13, 4, 15, 12], "texture": "#front", "tintindex": 0}
			}
		},
		{
			"from": [6.8, 12, 12.8],
			"to": [9.2, 13, 16],
			"faces": {
				"north": {"uv": [6.8, 3, 9.2, 4], "texture": "#topbottom"},
				"east": {"uv": [0, 3, 3.2, 4], "texture": "#topbottom"},
				"south": {"uv": [6.8, 3, 9.2, 4], "texture": "#topbottom"},
				"west": {"uv": [12.8, 3, 16, 4], "texture": "#topbottom"},
				"up": {"uv": [6.8, 12.8, 9.2, 16], "texture": "#topbottom"},
				"down": {"uv": [6.8, 0, 9.2, 3.2], "texture": "#topbottom"}
			}
		},
		{
			"from": [6.8, 3, 12.8],
			"to": [9.2, 4, 16],
			"faces": {
				"north": {"uv": [6.8, 12, 9.2, 13], "texture": "#topbottom"},
				"east": {"uv": [0, 12, 3.2, 13], "texture": "#topbottom"},
				"south": {"uv": [6.8, 12, 9.2, 13], "texture": "#topbottom"},
				"west": {"uv": [12.8, 12, 16, 13], "texture": "#topbottom"},
				"up": {"uv": [6.8, 12.8, 9.2, 16], "texture": "#topbottom"},
				"down": {"uv": [6.8, 0, 9.2, 3.2], "texture": "#topbottom"}
			}
		}
	],
	"display": {
		"thirdperson_righthand": {
			"translation": [0, -2, -3.25],
			"scale": [0.5, 0.5, 0.5]
		},
		"firstperson_righthand": {
			"rotation": [-14, 0, 0],
			"translation": [0.75, 0, -0.75],
			"scale": [0.5, 0.5, 0.5]
		},
		"ground": {
			"translation": [0, 0, -3.5],
			"scale": [0.5, 0.5, 0.5]
		},
		"gui": {
			"rotation": [30, -135, 0],
			"translation": [6, -3, 0],
			"scale": [1.3, 1.3, 1.3]
		},
		"fixed": {
			"translation": [0, 0, -7.75]
		}
	}
}