{
	"parent": "block/cube",
	"ambientocclusion": false,
	"textures": {
    "base":  "rsgauges:blocks/bistableswitch/bistableswitch1texture_side",
    "lever": "rsgauges:blocks/bistableswitch/bistableswitch1texture_handle",
    "front": "rsgauges:blocks/bistableswitch/bistableswitch2texture_lever_s00",
    "ledgreen": "rsgauges:blocks/indicator/indicator_fg_green_off_texture",
    "ledred": "rsgauges:blocks/indicator/indicator_fg_red_on_texture",
		"particle": "rsgauges:blocks/common/darkgraymetal"
	},
	"elements": [
		{
			"from": [5, 5, 15.4],
			"to": [5.9, 11, 15.5],
			"faces": {
				"north": {"uv": [10.1, 5, 11, 11], "texture": "#base"},
				"east": {"uv": [0.5, 5, 0.6, 11], "texture": "#base"},
				"south": {"uv": [5, 5, 5.9, 11], "texture": "#base"},
				"west": {"uv": [15.4, 5, 15.5, 11], "texture": "#base"},
				"up": {"uv": [5, 15.4, 5.9, 15.5], "texture": "#base"},
				"down": {"uv": [5, 0.5, 5.9, 0.6], "texture": "#base"}
			}
		},
		{
			"from": [10.1, 5, 15.4],
			"to": [11, 11, 15.5],
			"faces": {
				"north": {"uv": [5, 5, 5.9, 11], "texture": "#base"},
				"east": {"uv": [0.5, 5, 0.6, 11], "texture": "#base"},
				"south": {"uv": [10.1, 5, 11, 11], "texture": "#base"},
				"west": {"uv": [15.4, 5, 15.5, 11], "texture": "#base"},
				"up": {"uv": [10.1, 15.4, 11, 15.5], "texture": "#base"},
				"down": {"uv": [10.1, 0.5, 11, 0.6], "texture": "#base"}
			}
		},
		{
			"from": [5.9, 10.1, 15.4],
			"to": [10.1, 11, 15.5],
			"faces": {
				"north": {"uv": [5.9, 5, 10.1, 5.9], "texture": "#base"},
				"east": {"uv": [0.5, 5, 0.6, 5.9], "texture": "#base"},
				"south": {"uv": [5.9, 5, 10.1, 5.9], "texture": "#base"},
				"west": {"uv": [15.4, 5, 15.5, 5.9], "texture": "#base"},
				"up": {"uv": [5.9, 15.4, 10.1, 15.5], "texture": "#base"},
				"down": {"uv": [5.9, 0.5, 10.1, 0.6], "texture": "#base"}
			}
		},
		{
			"from": [5.9, 5, 15.4],
			"to": [10.1, 5.9, 15.5],
			"faces": {
				"north": {"uv": [5.9, 10.1, 10.1, 11], "texture": "#base"},
				"east": {"uv": [0.5, 10.1, 0.6, 11], "texture": "#base"},
				"south": {"uv": [5.9, 10.1, 10.1, 11], "texture": "#base"},
				"west": {"uv": [15.4, 10.1, 15.5, 11], "texture": "#base"},
				"up": {"uv": [5.9, 15.4, 10.1, 15.5], "texture": "#base"},
				"down": {"uv": [5.9, 0.5, 10.1, 0.6], "texture": "#base"}
			}
		},
		{
			"from": [5, 5, 15.5],
			"to": [11, 11, 16],
			"faces": {
				"north": {"uv": [5, 5, 11, 11], "texture": "#front"},
				"east": {"uv": [0, 5, 0.5, 11], "texture": "#base"},
				"south": {"uv": [5, 5, 11, 11], "texture": "#base"},
				"west": {"uv": [15.5, 5, 16, 11], "texture": "#base"},
				"up": {"uv": [5, 15.5, 11, 16], "texture": "#base"},
				"down": {"uv": [5, 0, 11, 0.5], "texture": "#base"}
			}
		},
		{
			"from": [5, 5, 15.5],
			"to": [11, 11, 16],
			"faces": {
				"north": {"uv": [5, 5, 11, 11], "texture": "#front"},
				"east": {"uv": [0, 5, 0.5, 11], "texture": "#base"},
				"south": {"uv": [5, 5, 11, 11], "texture": "#base"},
				"west": {"uv": [15.5, 5, 16, 11], "texture": "#base"},
				"up": {"uv": [5, 15.5, 11, 16], "texture": "#base"},
				"down": {"uv": [5, 0, 11, 0.5], "texture": "#base"}
			}
		},
		{
			"from": [6, 7.5, 15.4],
			"to": [6.5, 8, 15.5],
			"faces": {
				"north": {"uv": [9.5, 8, 10, 8.5], "texture": "#ledgreen"},
				"east": {"uv": [0.5, 8, 0.6, 8.5], "texture": "#ledgreen"},
				"south": {"uv": [6, 8, 6.5, 8.5], "texture": "#ledgreen"},
				"west": {"uv": [15.4, 8, 15.5, 8.5], "texture": "#ledgreen"},
				"up": {"uv": [6, 15.4, 6.5, 15.5], "texture": "#ledgreen"},
				"down": {"uv": [6, 0.5, 6.5, 0.6], "texture": "#ledgreen"}
			}
		},
		{
			"from": [6, 7, 15.4],
			"to": [6.5, 7.5, 15.5],
			"faces": {
				"north": {"uv": [9.5, 8.5, 10, 9], "texture": "#ledred"},
				"east": {"uv": [0.5, 8.5, 0.6, 9], "texture": "#ledred"},
				"south": {"uv": [6, 8.5, 6.5, 9], "texture": "#ledred"},
				"west": {"uv": [15.4, 8.5, 15.5, 9], "texture": "#ledred"},
				"up": {"uv": [6, 15.4, 6.5, 15.5], "texture": "#ledred"},
				"down": {"uv": [6, 0.5, 6.5, 0.6], "texture": "#ledred"}
			}
		},
		{
			"from": [6.5, 6.5, 15],
			"to": [9.5, 9.5, 15.5],
			"faces": {
				"north": {"uv": [6.5, 6.5, 9.5, 9.5], "texture": "#base"},
				"east": {"uv": [0.5, 6.5, 1, 9.5], "texture": "#base"},
				"south": {"uv": [6.5, 6.5, 9.5, 9.5], "texture": "#base"},
				"west": {"uv": [15, 6.5, 15.5, 9.5], "texture": "#base"},
				"up": {"uv": [6.5, 15, 9.5, 15.5], "texture": "#base"},
				"down": {"uv": [6.5, 0.5, 9.5, 1], "texture": "#base"}
			}
		},
		{
			"from": [6.8, 6.8, 14],
			"to": [9.2, 9.2, 14.2],
			"faces": {
				"north": {"uv": [6.8, 6.8, 9.2, 9.2], "texture": "#lever"},
				"east": {"uv": [1.8, 6.8, 2, 9.2], "texture": "#lever"},
				"south": {"uv": [6.8, 6.8, 9.2, 9.2], "texture": "#lever"},
				"west": {"uv": [14, 6.8, 14.2, 9.2], "texture": "#lever"},
				"up": {"uv": [6.8, 14, 9.2, 14.2], "texture": "#lever"},
				"down": {"uv": [6.8, 1.8, 9.2, 2], "texture": "#lever"}
			}
		},
		{
			"from": [6.5, 6.5, 14.2],
			"to": [9.5, 9.5, 14.4],
			"faces": {
				"north": {"uv": [6.5, 6.5, 9.5, 9.5], "texture": "#lever"},
				"east": {"uv": [1.6, 6.5, 1.8, 9.5], "texture": "#lever"},
				"south": {"uv": [6.5, 6.5, 9.5, 9.5], "texture": "#lever"},
				"west": {"uv": [14.2, 6.5, 14.4, 9.5], "texture": "#lever"},
				"up": {"uv": [6.5, 14.2, 9.5, 14.4], "texture": "#lever"},
				"down": {"uv": [6.5, 1.6, 9.5, 1.8], "texture": "#lever"}
			}
		},
		{
			"from": [6.2, 6.2, 14.4],
			"to": [9.8, 9.8, 14.6],
			"faces": {
				"north": {"uv": [6.2, 6.2, 9.8, 9.8], "texture": "#lever"},
				"east": {"uv": [1.4, 6.2, 1.6, 9.8], "texture": "#lever"},
				"south": {"uv": [6.2, 6.2, 9.8, 9.8], "texture": "#lever"},
				"west": {"uv": [14.4, 6.2, 14.6, 9.8], "texture": "#lever"},
				"up": {"uv": [6.2, 14.4, 9.8, 14.6], "texture": "#lever"},
				"down": {"uv": [6.2, 1.4, 9.8, 1.6], "texture": "#lever"}
			}
		},
		{
			"from": [6, 6, 14.6],
			"to": [10, 10, 15],
			"faces": {
				"north": {"uv": [6, 6, 10, 10], "texture": "#lever"},
				"east": {"uv": [1, 6, 1.4, 10], "texture": "#lever"},
				"south": {"uv": [6, 6, 10, 10], "texture": "#lever"},
				"west": {"uv": [14.6, 6, 15, 10], "texture": "#lever"},
				"up": {"uv": [6, 14.6, 10, 15], "texture": "#lever"},
				"down": {"uv": [6, 1, 10, 1.4], "texture": "#lever"}
			}
		},
		{
			"from": [6, 6, 15],
			"to": [6.5, 10, 15.4],
			"faces": {
				"north": {"uv": [9.5, 6, 10, 10], "texture": "#lever"},
				"east": {"uv": [0.6, 6, 1, 10], "texture": "#lever"},
				"south": {"uv": [6, 6, 6.5, 10], "texture": "#lever"},
				"west": {"uv": [15, 6, 15.4, 10], "texture": "#lever"},
				"up": {"uv": [6, 15, 6.5, 15.4], "texture": "#lever"},
				"down": {"uv": [6, 0.6, 6.5, 1], "texture": "#lever"}
			}
		},
		{
			"from": [9.5, 6, 15],
			"to": [10, 10, 15.4],
			"faces": {
				"north": {"uv": [6, 6, 6.5, 10], "texture": "#lever"},
				"east": {"uv": [0.6, 6, 1, 10], "texture": "#lever"},
				"south": {"uv": [9.5, 6, 10, 10], "texture": "#lever"},
				"west": {"uv": [15, 6, 15.4, 10], "texture": "#lever"},
				"up": {"uv": [9.5, 15, 10, 15.4], "texture": "#lever"},
				"down": {"uv": [9.5, 0.6, 10, 1], "texture": "#lever"}
			}
		},
		{
			"from": [6.5, 9.5, 15],
			"to": [9.5, 10, 15.4],
			"faces": {
				"north": {"uv": [6.5, 6, 9.5, 6.5], "texture": "#lever"},
				"east": {"uv": [0.6, 6, 1, 6.5], "texture": "#lever"},
				"south": {"uv": [6.5, 6, 9.5, 6.5], "texture": "#lever"},
				"west": {"uv": [15, 6, 15.4, 6.5], "texture": "#lever"},
				"up": {"uv": [6.5, 15, 9.5, 15.4], "texture": "#lever"},
				"down": {"uv": [6.5, 0.6, 9.5, 1], "texture": "#lever"}
			}
		},
		{
			"from": [6.5, 6, 15],
			"to": [9.5, 6.5, 15.4],
			"faces": {
				"north": {"uv": [6.5, 9.5, 9.5, 10], "texture": "#lever"},
				"east": {"uv": [0.6, 9.5, 1, 10], "texture": "#lever"},
				"south": {"uv": [6.5, 9.5, 9.5, 10], "texture": "#lever"},
				"west": {"uv": [15, 9.5, 15.4, 10], "texture": "#lever"},
				"up": {"uv": [6.5, 15, 9.5, 15.4], "texture": "#lever"},
				"down": {"uv": [6.5, 0.6, 9.5, 1], "texture": "#lever"}
			}
		}
	],
	"display": {
		"thirdperson_righthand": {
			"rotation": [4, 89, 0],
			"translation": [-3.75, -0.5, 0],
			"scale": [0.6, 0.6, 0.6]
		},
		"firstperson_righthand": {
			"rotation": [0, 83, 0],
			"translation": [-2, 0, 0],
			"scale": [0.6, 0.6, 0.6]
		},
		"ground": {
			"translation": [0, -0.5, -4.25],
			"scale": [0.6, 0.6, 0.6]
		},
		"gui": {
			"rotation": [30, -135, 0],
			"translation": [8.75, -4.25, 0],
			"scale": [1.6, 1.6, 1.6]
		},
		"fixed": {
			"translation": [0, 0, -8]
		}
	}
}