{
  "parent": "block/cube",
  "ambientocclusion": false,
  "textures": {
    "base":  "rsgauges:blocks/bistableswitch/bistableswitch1texture_side",
    "lever": "rsgauges:blocks/bistableswitch/bistableswitch1texture_handle",
    "front": "rsgauges:blocks/bistableswitch/bistableswitch2texture_lever_s00",
    "ledgreen": "rsgauges:blocks/indicator/indicator_fg_green_on_texture",
    "ledred": "rsgauges:blocks/indicator/indicator_fg_red_off_texture",
    "particle": "rsgauges:blocks/common/darkgraymetal"
  },
  "display": {
    "gui":    { "rotation": [ 0, 180, 0 ], "translation": [  0.00, 0.50,   0.00 ], "scale": [ 1.00, 1.00, 1.00 ] },
    "fixed":  { "rotation": [ 0,   0, 0 ], "translation": [  0.00, 0.00,  -7.00 ], "scale": [ 1.00, 1.00, 1.00 ] },
    "ground": { "rotation": [ 0,   0, 0 ], "translation": [  0.00, 0.00,  -7.00 ], "scale": [ 0.75, 0.75, 0.75 ] }
  },
  "elements": [
    { "from": [  5.0,  5.0, 15.4 ], "to"  : [  5.9, 11.0, 15.5 ], "faces": { "down":  { "texture": "#base" }, "up":    { "texture": "#base" }, "north": { "texture": "#base" }, "south": { "texture": "#base" }, "west":  { "texture": "#base" }, "east":  { "texture": "#base" } } },
    { "from": [ 10.1,  5.0, 15.4 ], "to"  : [ 11.0, 11.0, 15.5 ], "faces": { "down":  { "texture": "#base" }, "up":    { "texture": "#base" }, "north": { "texture": "#base" }, "south": { "texture": "#base" }, "west":  { "texture": "#base" }, "east":  { "texture": "#base" } } },
    { "from": [  5.9, 10.1, 15.4 ], "to"  : [ 10.1, 11.0, 15.5 ], "faces": { "down":  { "texture": "#base" }, "up":    { "texture": "#base" }, "north": { "texture": "#base" }, "south": { "texture": "#base" }, "west":  { "texture": "#base" }, "east":  { "texture": "#base" } } },
    { "from": [  5.9,  5.0, 15.4 ], "to"  : [ 10.1,  5.9, 15.5 ], "faces": { "down":  { "texture": "#base" }, "up":    { "texture": "#base" }, "north": { "texture": "#base" }, "south": { "texture": "#base" }, "west":  { "texture": "#base" }, "east":  { "texture": "#base" } } },
    { "from": [  5.0,  5.0, 15.5 ], "to"  : [ 11.0, 11.0, 16.0 ], "faces": { "down":  { "texture": "#base" }, "up":    { "texture": "#base" }, "north": { "texture": "#front" }, "south": { "texture": "#base" }, "west":  { "texture": "#base" }, "east":  { "texture": "#base" } } },
    { "from": [  6.0,  7.5, 15.4 ], "to"  : [  6.5,  8.0, 15.5 ], "faces": { "down":  { "texture": "#ledgreen" }, "up":    { "texture": "#ledgreen" }, "north": { "texture": "#ledgreen" }, "south": { "texture": "#ledgreen" }, "west":  { "texture": "#ledgreen" }, "east":  { "texture": "#ledgreen" } } },
    { "from": [  6.0,  7.0, 15.4 ], "to"  : [  6.5,  7.5, 15.5 ], "faces": { "down":  { "texture": "#ledred" }, "up":    { "texture": "#ledred" }, "north": { "texture": "#ledred" }, "south": { "texture": "#ledred" }, "west":  { "texture": "#ledred" }, "east":  { "texture": "#ledred" } } },
    { "from": [  6.5,  6.5, 15.0 ], "to"  : [  9.5,  9.5, 15.5 ], "faces": { "down":  { "texture": "#base" }, "up":    { "texture": "#base" }, "north": { "texture": "#base" }, "south": { "texture": "#base" }, "west":  { "texture": "#base" }, "east":  { "texture": "#base" } } },
    { "from": [  7.0,  7.0, 14.0 ], "to"  : [  9.0,  9.0, 15.0 ], "faces": { "down":  { "texture": "#lever" }, "up":    { "texture": "#lever" }, "north": { "texture": "#lever" }, "south": { "texture": "#lever" }, "west":  { "texture": "#lever" }, "east":  { "texture": "#lever" } } },
    { "from": [  6.8,  6.8, 13.0 ], "to"  : [  9.2,  9.2, 13.2 ], "faces": { "down":  { "texture": "#lever" }, "up":    { "texture": "#lever" }, "north": { "texture": "#lever" }, "south": { "texture": "#lever" }, "west":  { "texture": "#lever" }, "east":  { "texture": "#lever" } } },
    { "from": [  6.5,  6.5, 13.2 ], "to"  : [  9.5,  9.5, 13.4 ], "faces": { "down":  { "texture": "#lever" }, "up":    { "texture": "#lever" }, "north": { "texture": "#lever" }, "south": { "texture": "#lever" }, "west":  { "texture": "#lever" }, "east":  { "texture": "#lever" } } },
    { "from": [  6.2,  6.2, 13.4 ], "to"  : [  9.8,  9.8, 13.6 ], "faces": { "down":  { "texture": "#lever" }, "up":    { "texture": "#lever" }, "north": { "texture": "#lever" }, "south": { "texture": "#lever" }, "west":  { "texture": "#lever" }, "east":  { "texture": "#lever" } } },
    { "from": [  6.0,  6.0, 13.6 ], "to"  : [ 10.0, 10.0, 14.0 ], "faces": { "down":  { "texture": "#lever" }, "up":    { "texture": "#lever" }, "north": { "texture": "#lever" }, "south": { "texture": "#lever" }, "west":  { "texture": "#lever" }, "east":  { "texture": "#lever" } } },
    { "from": [  6.0,  6.0, 14.0 ], "to"  : [  6.5, 10.0, 14.4 ], "faces": { "down":  { "texture": "#lever" }, "up":    { "texture": "#lever" }, "north": { "texture": "#lever" }, "south": { "texture": "#lever" }, "west":  { "texture": "#lever" }, "east":  { "texture": "#lever" } } },
    { "from": [  9.5,  6.0, 14.0 ], "to"  : [ 10.0, 10.0, 14.4 ], "faces": { "down":  { "texture": "#lever" }, "up":    { "texture": "#lever" }, "north": { "texture": "#lever" }, "south": { "texture": "#lever" }, "west":  { "texture": "#lever" }, "east":  { "texture": "#lever" } } },
    { "from": [  6.5,  9.5, 14.0 ], "to"  : [  9.5, 10.0, 14.4 ], "faces": { "down":  { "texture": "#lever" }, "up":    { "texture": "#lever" }, "north": { "texture": "#lever" }, "south": { "texture": "#lever" }, "west":  { "texture": "#lever" }, "east":  { "texture": "#lever" } } },
    { "from": [  6.5,  6.0, 14.0 ], "to"  : [  9.5,  6.5, 14.4 ], "faces": { "down":  { "texture": "#lever" }, "up":    { "texture": "#lever" }, "north": { "texture": "#lever" }, "south": { "texture": "#lever" }, "west":  { "texture": "#lever" }, "east":  { "texture": "#lever" } } }
  ]
}
