{
  "parent": "block/cube",
  "ambientocclusion": false,
  "textures": {
    "side": "rsgauges:blocks/common/darkmachinemetal",
    "parts": "rsgauges:blocks/common/darkroughmetal",
    "handle": "rsgauges:blocks/common/iestylewood",
    "base": "rsgauges:blocks/common/graymetal",
    "particle": "rsgauges:blocks/common/darkgraymetal"
  },
  "display": {
    "gui":    { "rotation": [ 0, 180, 0 ], "translation": [  0.00, 0.50,   0.00 ], "scale": [ 1.00, 1.00, 1.00 ] },
    "fixed":  { "rotation": [ 0,   0, 0 ], "translation": [  0.00, 0.00,  -7.00 ], "scale": [ 1.00, 1.00, 1.00 ] },
    "ground": { "rotation": [ 0,   0, 0 ], "translation": [  0.00, 0.00,  -7.00 ], "scale": [ 0.75, 0.75, 0.75 ] }
  },
	"elements": [
		{
			"from": [8.25, 7, 15.25],
			"to": [9.75, 12, 16],
			"faces": {
				"north": {"uv": [6.25, 4, 7.75, 9], "texture": "#side"},
				"east": {"uv": [0, 4, 0.75, 9], "texture": "#side"},
				"south": {"uv": [8.25, 4, 9.75, 9], "texture": "#side"},
				"west": {"uv": [15.25, 4, 16, 9], "texture": "#base"},
				"up": {"uv": [8.25, 15.25, 9.75, 16], "texture": "#side"},
				"down": {"uv": [8.25, 0, 9.75, 0.75], "texture": "#side"}
			}
		},
		{
			"from": [8.25, 7.25, 14.75],
			"to": [9.75, 11.75, 15.25],
			"faces": {
				"north": {"uv": [6.25, 4.25, 7.75, 8.75], "texture": "#side"},
				"east": {"uv": [0.75, 4.25, 1.25, 8.75], "texture": "#side"},
				"south": {"uv": [8.25, 4.25, 9.75, 8.75], "texture": "#side"},
				"west": {"uv": [14.75, 4.25, 15.25, 8.75], "texture": "#base"},
				"up": {"uv": [8.25, 14.75, 9.75, 15.25], "texture": "#side"},
				"down": {"uv": [8.25, 0.75, 9.75, 1.25], "texture": "#side"}
			}
		},
		{
			"from": [8.25, 7.75, 14.25],
			"to": [9.75, 11.25, 14.75],
			"faces": {
				"north": {"uv": [6.25, 4.75, 7.75, 8.25], "texture": "#side"},
				"east": {"uv": [1.25, 4.75, 1.75, 8.25], "texture": "#side"},
				"south": {"uv": [8.25, 4.75, 9.75, 8.25], "texture": "#side"},
				"west": {"uv": [14.25, 4.75, 14.75, 8.25], "texture": "#base"},
				"up": {"uv": [8.25, 14.25, 9.75, 14.75], "texture": "#side"},
				"down": {"uv": [8.25, 1.25, 9.75, 1.75], "texture": "#side"}
			}
		},
		{
			"from": [8.25, 8.25, 14],
			"to": [9.75, 10.75, 14.25],
			"faces": {
				"north": {"uv": [6.25, 5.25, 7.75, 7.75], "texture": "#side"},
				"east": {"uv": [1.75, 5.25, 2, 7.75], "texture": "#side"},
				"south": {"uv": [8.25, 5.25, 9.75, 7.75], "texture": "#side"},
				"west": {"uv": [14, 5.25, 14.25, 7.75], "texture": "#base"},
				"up": {"uv": [8.25, 14, 9.75, 14.25], "texture": "#side"},
				"down": {"uv": [8.25, 1.75, 9.75, 2], "texture": "#side"}
			}
		},
		{
			"from": [6, 7, 15.25],
			"to": [7.5, 12, 16],
			"faces": {
				"north": {"uv": [8.5, 4, 10, 9], "texture": "#side"},
				"east": {"uv": [0, 4, 0.75, 9], "texture": "#base"},
				"south": {"uv": [6, 4, 7.5, 9], "texture": "#side"},
				"west": {"uv": [15.25, 4, 16, 9], "texture": "#side"},
				"up": {"uv": [6, 15.25, 7.5, 16], "texture": "#side"},
				"down": {"uv": [6, 0, 7.5, 0.75], "texture": "#side"}
			}
		},
		{
			"from": [6, 7.25, 14.75],
			"to": [7.5, 11.75, 15.25],
			"faces": {
				"north": {"uv": [8.5, 4.25, 10, 8.75], "texture": "#side"},
				"east": {"uv": [0.75, 4.25, 1.25, 8.75], "texture": "#base"},
				"south": {"uv": [6, 4.25, 7.5, 8.75], "texture": "#side"},
				"west": {"uv": [14.75, 4.25, 15.25, 8.75], "texture": "#side"},
				"up": {"uv": [6, 14.75, 7.5, 15.25], "texture": "#side"},
				"down": {"uv": [6, 0.75, 7.5, 1.25], "texture": "#side"}
			}
		},
		{
			"from": [6, 7.75, 14.25],
			"to": [7.5, 11.25, 14.75],
			"faces": {
				"north": {"uv": [8.5, 4.75, 10, 8.25], "texture": "#side"},
				"east": {"uv": [1.25, 4.75, 1.75, 8.25], "texture": "#base"},
				"south": {"uv": [6, 4.75, 7.5, 8.25], "texture": "#side"},
				"west": {"uv": [14.25, 4.75, 14.75, 8.25], "texture": "#side"},
				"up": {"uv": [6, 14.25, 7.5, 14.75], "texture": "#side"},
				"down": {"uv": [6, 1.25, 7.5, 1.75], "texture": "#side"}
			}
		},
		{
			"from": [6, 8.25, 14],
			"to": [7.5, 10.75, 14.25],
			"faces": {
				"north": {"uv": [8.5, 5.25, 10, 7.75], "texture": "#side"},
				"east": {"uv": [1.75, 5.25, 2, 7.75], "texture": "#base"},
				"south": {"uv": [6, 5.25, 7.5, 7.75], "texture": "#side"},
				"west": {"uv": [14, 5.25, 14.25, 7.75], "texture": "#side"},
				"up": {"uv": [6, 14, 7.5, 14.25], "texture": "#side"},
				"down": {"uv": [6, 1.75, 7.5, 2], "texture": "#side"}
			}
		},
		{
			"from": [5.75, 7.5, 15],
			"to": [6, 11.5, 16],
			"faces": {
				"north": {"uv": [10, 4.5, 10.25, 8.5], "texture": "#side"},
				"east": {"uv": [0, 4.5, 1, 8.5], "texture": "#side"},
				"south": {"uv": [5.75, 4.5, 6, 8.5], "texture": "#side"},
				"west": {"uv": [15, 4.5, 16, 8.5], "texture": "#side"},
				"up": {"uv": [5.75, 15, 6, 16], "texture": "#side"},
				"down": {"uv": [5.75, 0, 6, 1], "texture": "#side"}
			}
		},
		{
			"from": [9.75, 7.5, 15],
			"to": [10, 11.5, 16],
			"faces": {
				"north": {"uv": [6, 4.5, 6.25, 8.5], "texture": "#side"},
				"east": {"uv": [0, 4.5, 1, 8.5], "texture": "#side"},
				"south": {"uv": [9.75, 4.5, 10, 8.5], "texture": "#side"},
				"west": {"uv": [15, 4.5, 16, 8.5], "texture": "#side"},
				"up": {"uv": [9.75, 15, 10, 16], "texture": "#side"},
				"down": {"uv": [9.75, 0, 10, 1], "texture": "#side"}
			}
		},
		{
			"from": [5.75, 12, 15.5],
			"to": [10, 12.5, 16],
			"faces": {
				"north": {"uv": [6, 3.5, 10.25, 4], "texture": "#side"},
				"east": {"uv": [0, 3.5, 0.5, 4], "texture": "#side"},
				"south": {"uv": [5.75, 3.5, 10, 4], "texture": "#side"},
				"west": {"uv": [15.5, 3.5, 16, 4], "texture": "#side"},
				"up": {"uv": [5.75, 15.5, 10, 16], "texture": "#side"},
				"down": {"uv": [5.75, 0, 10, 0.5], "texture": "#side"}
			}
		},
		{
			"from": [5.75, 6.5, 15.5],
			"to": [10, 7, 16],
			"faces": {
				"north": {"uv": [6, 9, 10.25, 9.5], "texture": "#side"},
				"east": {"uv": [0, 9, 0.5, 9.5], "texture": "#side"},
				"south": {"uv": [5.75, 9, 10, 9.5], "texture": "#side"},
				"west": {"uv": [15.5, 9, 16, 9.5], "texture": "#side"},
				"up": {"uv": [5.75, 15.5, 10, 16], "texture": "#side"},
				"down": {"uv": [5.75, 0, 10, 0.5], "texture": "#side"}
			}
		},
		{
			"from": [9.75, 11.5, 15.5],
			"to": [10, 12, 16],
			"faces": {
				"north": {"uv": [6, 4, 6.25, 4.5], "texture": "#side"},
				"east": {"uv": [0, 4, 0.5, 4.5], "texture": "#side"},
				"south": {"uv": [9.75, 4, 10, 4.5], "texture": "#side"},
				"west": {"uv": [15.5, 4, 16, 4.5], "texture": "#side"},
				"up": {"uv": [9.75, 15.5, 10, 16], "texture": "#side"},
				"down": {"uv": [9.75, 0, 10, 0.5], "texture": "#side"}
			}
		},
		{
			"from": [9.75, 11.5, 15.25],
			"to": [10, 11.75, 15.5],
			"faces": {
				"north": {"uv": [6, 4.25, 6.25, 4.5], "texture": "#side"},
				"east": {"uv": [0.5, 4.25, 0.75, 4.5], "texture": "#side"},
				"south": {"uv": [9.75, 4.25, 10, 4.5], "texture": "#side"},
				"west": {"uv": [15.25, 4.25, 15.5, 4.5], "texture": "#side"},
				"up": {"uv": [9.75, 15.25, 10, 15.5], "texture": "#side"},
				"down": {"uv": [9.75, 0.5, 10, 0.75], "texture": "#side"}
			}
		},
		{
			"from": [9.75, 7, 15.5],
			"to": [10, 7.5, 16],
			"faces": {
				"north": {"uv": [6, 8.5, 6.25, 9], "texture": "#side"},
				"east": {"uv": [0, 8.5, 0.5, 9], "texture": "#side"},
				"south": {"uv": [9.75, 8.5, 10, 9], "texture": "#side"},
				"west": {"uv": [15.5, 8.5, 16, 9], "texture": "#side"},
				"up": {"uv": [9.75, 15.5, 10, 16], "texture": "#side"},
				"down": {"uv": [9.75, 0, 10, 0.5], "texture": "#side"}
			}
		},
		{
			"from": [9.75, 7.25, 15.25],
			"to": [10, 7.5, 15.5],
			"faces": {
				"north": {"uv": [6, 8.5, 6.25, 8.75], "texture": "#side"},
				"east": {"uv": [0.5, 8.5, 0.75, 8.75], "texture": "#side"},
				"south": {"uv": [9.75, 8.5, 10, 8.75], "texture": "#side"},
				"west": {"uv": [15.25, 8.5, 15.5, 8.75], "texture": "#side"},
				"up": {"uv": [9.75, 15.25, 10, 15.5], "texture": "#side"},
				"down": {"uv": [9.75, 0.5, 10, 0.75], "texture": "#side"}
			}
		},
		{
			"from": [5.75, 7, 15.5],
			"to": [6, 7.5, 16],
			"faces": {
				"north": {"uv": [10, 8.5, 10.25, 9], "texture": "#side"},
				"east": {"uv": [0, 8.5, 0.5, 9], "texture": "#side"},
				"south": {"uv": [5.75, 8.5, 6, 9], "texture": "#side"},
				"west": {"uv": [15.5, 8.5, 16, 9], "texture": "#side"},
				"up": {"uv": [5.75, 15.5, 6, 16], "texture": "#side"},
				"down": {"uv": [5.75, 0, 6, 0.5], "texture": "#side"}
			}
		},
		{
			"from": [5.75, 7.25, 15.25],
			"to": [6, 7.5, 15.5],
			"faces": {
				"north": {"uv": [10, 8.5, 10.25, 8.75], "texture": "#side"},
				"east": {"uv": [0.5, 8.5, 0.75, 8.75], "texture": "#side"},
				"south": {"uv": [5.75, 8.5, 6, 8.75], "texture": "#side"},
				"west": {"uv": [15.25, 8.5, 15.5, 8.75], "texture": "#side"},
				"up": {"uv": [5.75, 15.25, 6, 15.5], "texture": "#side"},
				"down": {"uv": [5.75, 0.5, 6, 0.75], "texture": "#side"}
			}
		},
		{
			"from": [5.75, 11.5, 15.5],
			"to": [6, 12, 16],
			"faces": {
				"north": {"uv": [10, 4, 10.25, 4.5], "texture": "#side"},
				"east": {"uv": [0, 4, 0.5, 4.5], "texture": "#side"},
				"south": {"uv": [5.75, 4, 6, 4.5], "texture": "#side"},
				"west": {"uv": [15.5, 4, 16, 4.5], "texture": "#side"},
				"up": {"uv": [5.75, 15.5, 6, 16], "texture": "#side"},
				"down": {"uv": [5.75, 0, 6, 0.5], "texture": "#side"}
			}
		},
		{
			"from": [5.75, 11.5, 15.25],
			"to": [6, 11.75, 15.5],
			"faces": {
				"north": {"uv": [10, 4.25, 10.25, 4.5], "texture": "#side"},
				"east": {"uv": [0.5, 4.25, 0.75, 4.5], "texture": "#side"},
				"south": {"uv": [5.75, 4.25, 6, 4.5], "texture": "#side"},
				"west": {"uv": [15.25, 4.25, 15.5, 4.5], "texture": "#side"},
				"up": {"uv": [5.75, 15.25, 6, 15.5], "texture": "#side"},
				"down": {"uv": [5.75, 0.5, 6, 0.75], "texture": "#side"}
			}
		},
		{
			"from": [6, 6.75, 15.25],
			"to": [9.75, 7, 15.5],
			"faces": {
				"north": {"uv": [6.25, 9, 10, 9.25], "texture": "#side"},
				"east": {"uv": [0.5, 9, 0.75, 9.25], "texture": "#side"},
				"south": {"uv": [6, 9, 9.75, 9.25], "texture": "#side"},
				"west": {"uv": [15.25, 9, 15.5, 9.25], "texture": "#side"},
				"up": {"uv": [6, 15.25, 9.75, 15.5], "texture": "#side"},
				"down": {"uv": [6, 0.5, 9.75, 0.75], "texture": "#side"}
			}
		},
		{
			"from": [6, 12, 15.25],
			"to": [9.75, 12.25, 15.5],
			"faces": {
				"north": {"uv": [6.25, 3.75, 10, 4], "texture": "#side"},
				"east": {"uv": [0.5, 3.75, 0.75, 4], "texture": "#side"},
				"south": {"uv": [6, 3.75, 9.75, 4], "texture": "#side"},
				"west": {"uv": [15.25, 3.75, 15.5, 4], "texture": "#side"},
				"up": {"uv": [6, 15.25, 9.75, 15.5], "texture": "#side"},
				"down": {"uv": [6, 0.5, 9.75, 0.75], "texture": "#side"}
			}
		},
		{
			"from": [7.5, 7, 15.75],
			"to": [8.25, 12, 16],
			"faces": {
				"north": {"uv": [7.75, 4, 8.5, 9], "texture": "#parts"},
				"east": {"uv": [0, 4, 0.25, 9], "texture": "#side"},
				"south": {"uv": [7.5, 4, 8.25, 9], "texture": "#side"},
				"west": {"uv": [15.75, 4, 16, 9], "texture": "#side"},
				"up": {"uv": [7.5, 15.75, 8.25, 16], "texture": "#side"},
				"down": {"uv": [7.5, 0, 8.25, 0.25], "texture": "#side"}
			}
		},
		{
			"from": [7.5, 6.5, 10],
			"to": [8.25, 7.25, 17],
			"rotation": {"angle": -45, "axis": "x", "origin": [7.875, 6.875, 12.46591]},
			"faces": {
				"north": {"uv": [7.75, 8.75, 8.5, 9.5], "texture": "#side"},
				"east": {"uv": [0, 8.75, 6, 9.5], "texture": "#side"},
				"south": {"uv": [7.5, 8.75, 8.25, 9.5], "texture": "#side"},
				"west": {"uv": [10, 8.75, 16, 9.5], "texture": "#side"},
				"up": {"uv": [7.5, 10, 8.25, 16], "texture": "#side"},
				"down": {"uv": [7.5, 0, 8.25, 6], "texture": "#side"}
			}
		},
		{
			"from": [7.25, 6.5, 10],
			"to": [7.5, 7.25, 14],
			"rotation": {"angle": -45, "axis": "x", "origin": [7.875, 6.875, 12.46591]},
			"faces": {
				"north": {"uv": [8.5, 8.75, 8.75, 9.5], "texture": "#handle"},
				"east": {"uv": [2, 8.75, 6, 9.5], "texture": "#handle"},
				"south": {"uv": [7.25, 8.75, 7.5, 9.5], "texture": "#handle"},
				"west": {"uv": [10, 8.75, 14, 9.5], "texture": "#handle"},
				"up": {"uv": [7.25, 10, 7.5, 14], "texture": "#handle"},
				"down": {"uv": [7.25, 2, 7.5, 6], "texture": "#handle"}
			}
		},
		{
			"from": [8.25, 6.5, 10],
			"to": [8.5, 7.25, 14],
			"rotation": {"angle": -45, "axis": "x", "origin": [7.875, 6.875, 12.46591]},
			"faces": {
				"north": {"uv": [7.5, 8.75, 7.75, 9.5], "texture": "#handle"},
				"east": {"uv": [2, 8.75, 6, 9.5], "texture": "#handle"},
				"south": {"uv": [8.25, 8.75, 8.5, 9.5], "texture": "#handle"},
				"west": {"uv": [10, 8.75, 14, 9.5], "texture": "#handle"},
				"up": {"uv": [8.25, 10, 8.5, 14], "texture": "#handle"},
				"down": {"uv": [8.25, 2, 8.5, 6], "texture": "#handle"}
			}
		},
		{
			"from": [7.5, 7.25, 10],
			"to": [8.25, 7.5, 14],
			"rotation": {"angle": -45, "axis": "x", "origin": [7.875, 6.875, 12.46591]},
			"faces": {
				"north": {"uv": [7.75, 8.5, 8.5, 8.75], "texture": "#handle"},
				"east": {"uv": [2, 8.5, 6, 8.75], "texture": "#handle"},
				"south": {"uv": [7.5, 8.5, 8.25, 8.75], "texture": "#handle"},
				"west": {"uv": [10, 8.5, 14, 8.75], "texture": "#handle"},
				"up": {"uv": [7.5, 10, 8.25, 14], "texture": "#handle"},
				"down": {"uv": [7.5, 2, 8.25, 6], "texture": "#handle"}
			}
		},
		{
			"from": [7.5, 6.25, 10],
			"to": [8.25, 6.5, 14],
			"rotation": {"angle": -45, "axis": "x", "origin": [7.875, 6.875, 12.46591]},
			"faces": {
				"north": {"uv": [7.75, 9.5, 8.5, 9.75], "texture": "#handle"},
				"east": {"uv": [2, 9.5, 6, 9.75], "texture": "#handle"},
				"south": {"uv": [7.5, 9.5, 8.25, 9.75], "texture": "#handle"},
				"west": {"uv": [10, 9.5, 14, 9.75], "texture": "#handle"},
				"up": {"uv": [7.5, 10, 8.25, 14], "texture": "#handle"},
				"down": {"uv": [7.5, 2, 8.25, 6], "texture": "#handle"}
			}
		},
		{
			"from": [7.25, 6.25, 9.75],
			"to": [8.5, 7.5, 10],
			"rotation": {"angle": -45, "axis": "x", "origin": [7.875, 6.875, 12.46591]},
			"faces": {
				"north": {"uv": [7.5, 8.5, 8.75, 9.75], "texture": "#side"},
				"east": {"uv": [6, 8.5, 6.25, 9.75], "texture": "#side"},
				"south": {"uv": [7.25, 8.5, 8.5, 9.75], "texture": "#side"},
				"west": {"uv": [9.75, 8.5, 10, 9.75], "texture": "#side"},
				"up": {"uv": [7.25, 9.75, 8.5, 10], "texture": "#side"},
				"down": {"uv": [7.25, 6, 8.5, 6.25], "texture": "#side"}
			}
		},
		{
			"from": [7.5, 6.5, 9.5],
			"to": [8.25, 7.25, 9.75],
			"rotation": {"angle": -45, "axis": "x", "origin": [7.875, 6.875, 12.46591]},
			"faces": {
				"north": {"uv": [7.75, 8.75, 8.5, 9.5], "texture": "#side"},
				"east": {"uv": [6.25, 8.75, 6.5, 9.5], "texture": "#side"},
				"south": {"uv": [7.5, 8.75, 8.25, 9.5], "texture": "#side"},
				"west": {"uv": [9.5, 8.75, 9.75, 9.5], "texture": "#side"},
				"up": {"uv": [7.5, 9.5, 8.25, 9.75], "texture": "#side"},
				"down": {"uv": [7.5, 6.25, 8.25, 6.5], "texture": "#side"}
			}
		},
		{
			"from": [7.25, 7.25, 14],
			"to": [8.5, 7.5, 14.25],
			"rotation": {"angle": -45, "axis": "x", "origin": [7.875, 6.875, 12.46591]},
			"faces": {
				"north": {"uv": [7.5, 8.5, 8.75, 8.75], "texture": "#side"},
				"east": {"uv": [1.75, 8.5, 2, 8.75], "texture": "#side"},
				"south": {"uv": [7.25, 8.5, 8.5, 8.75], "texture": "#side"},
				"west": {"uv": [14, 8.5, 14.25, 8.75], "texture": "#side"},
				"up": {"uv": [7.25, 14, 8.5, 14.25], "texture": "#side"},
				"down": {"uv": [7.25, 1.75, 8.5, 2], "texture": "#side"}
			}
		},
		{
			"from": [7.25, 6.25, 14],
			"to": [8.5, 6.5, 14.25],
			"rotation": {"angle": -45, "axis": "x", "origin": [7.875, 6.875, 12.46591]},
			"faces": {
				"north": {"uv": [7.5, 9.5, 8.75, 9.75], "texture": "#side"},
				"east": {"uv": [1.75, 9.5, 2, 9.75], "texture": "#side"},
				"south": {"uv": [7.25, 9.5, 8.5, 9.75], "texture": "#side"},
				"west": {"uv": [14, 9.5, 14.25, 9.75], "texture": "#side"},
				"up": {"uv": [7.25, 14, 8.5, 14.25], "texture": "#side"},
				"down": {"uv": [7.25, 1.75, 8.5, 2], "texture": "#side"}
			}
		},
		{
			"from": [8.25, 6.5, 14],
			"to": [8.5, 7.25, 14.25],
			"rotation": {"angle": -45, "axis": "x", "origin": [7.875, 6.875, 12.46591]},
			"faces": {
				"north": {"uv": [7.5, 8.75, 7.75, 9.5], "texture": "#side"},
				"east": {"uv": [1.75, 8.75, 2, 9.5], "texture": "#side"},
				"south": {"uv": [8.25, 8.75, 8.5, 9.5], "texture": "#side"},
				"west": {"uv": [14, 8.75, 14.25, 9.5], "texture": "#side"},
				"up": {"uv": [8.25, 14, 8.5, 14.25], "texture": "#side"},
				"down": {"uv": [8.25, 1.75, 8.5, 2], "texture": "#side"}
			}
		},
		{
			"from": [7.25, 6.5, 14],
			"to": [7.5, 7.25, 14.25],
			"rotation": {"angle": -45, "axis": "x", "origin": [7.875, 6.875, 12.46591]},
			"faces": {
				"north": {"uv": [8.5, 8.75, 8.75, 9.5], "texture": "#side"},
				"east": {"uv": [1.75, 8.75, 2, 9.5], "texture": "#side"},
				"south": {"uv": [7.25, 8.75, 7.5, 9.5], "texture": "#side"},
				"west": {"uv": [14, 8.75, 14.25, 9.5], "texture": "#side"},
				"up": {"uv": [7.25, 14, 7.5, 14.25], "texture": "#side"},
				"down": {"uv": [7.25, 1.75, 7.5, 2], "texture": "#side"}
			}
		}
	]
}