{
  "parent": "block/cube",
  "ambientocclusion": false,
  "textures": {
    "front": "rsgauges:blocks/bistableswitch/bistableswitch3texture_front",
    "side":  "rsgauges:blocks/bistableswitch/bistableswitch3texture_side",
    "onbutton": "rsgauges:blocks/bistableswitch/bistableswitch3texture_green_s15",
    "offbutton": "rsgauges:blocks/bistableswitch/bistableswitch3texture_red_s15",
    "particle": "rsgauges:blocks/common/darkgraymetal"
  },
  "display": {
    "gui":    { "rotation": [ 0, 180, 0 ], "translation": [  0.00, 0.50,   0.00 ], "scale": [ 1.00, 1.00, 1.00 ] },
    "fixed":  { "rotation": [ 0,   0, 0 ], "translation": [  0.00, 0.00,  -7.00 ], "scale": [ 1.00, 1.00, 1.00 ] },
    "ground": { "rotation": [ 0,   0, 0 ], "translation": [  0.00, 0.00,  -7.00 ], "scale": [ 0.75, 0.75, 0.75 ] }
  },
  "elements": [
    {
        "from": [  4,  4, 15 ],
        "to"  : [ 12, 12, 16 ],
        "faces": { "down": { "texture": "#side" }, "up": { "texture": "#side" }, "north": { "texture": "#front" }, "south": { "texture": "#side" }, "west": { "texture": "#side" }, "east": { "texture": "#side" } }
    },
    {
        "from": [  6.2,  8.7, 14.2 ],
        "to"  : [  7.8, 10.3, 15   ],
        "faces": { "down":  { "texture": "#offbutton" }, "up": { "texture": "#offbutton" }, "north": { "texture": "#offbutton" }, "west": { "texture": "#offbutton" }, "east":  { "texture": "#offbutton" } }
    },
    {
        "from": [  6.0,  8.5, 14.8  ],
        "to"  : [  6.2, 10.5, 15.0  ],
        "faces": { "down":  { "texture": "#side" }, "up": { "texture": "#side" }, "north": { "texture": "#side" }, "west": { "texture": "#side" }, "east": { "texture": "#side" } }
    },
    {
        "from": [  7.8,  8.5, 14.8  ],
        "to"  : [  8.0, 10.5, 15.0  ],
        "faces": { "down":  { "texture": "#side" }, "up": { "texture": "#side" }, "north": { "texture": "#side" }, "west": { "texture": "#side" }, "east": { "texture": "#side" } }
    },
    {
        "from": [  6.2,  8.5, 14.8  ],
        "to"  : [  7.8,  8.7, 15.0  ],
        "faces": { "down":  { "texture": "#side" }, "up": { "texture": "#side" }, "north": { "texture": "#side" }, "west": { "texture": "#side" }, "east": { "texture": "#side" } }
    },
    {
        "from": [  6.2, 10.3, 14.8  ],
        "to"  : [  7.8, 10.5, 15.0  ],
        "faces": { "down":  { "texture": "#side" }, "up": { "texture": "#side" }, "north": { "texture": "#side" }, "west": { "texture": "#side" }, "east": { "texture": "#side" } }
    },
    {
        "from": [  6.2,  5.7, 14.9  ],
        "to"  : [  7.8,  7.3, 15  ],
        "faces": { "down": { "texture": "#onbutton" }, "up": { "texture": "#onbutton" }, "north": { "texture": "#onbutton" }, "west": { "texture": "#onbutton" }, "east": { "texture": "#onbutton" } }
    },
    {
        "from": [  6.0, 5.5, 14.8  ],
        "to"  : [  6.2, 7.5, 15.0  ],
        "faces": { "down":  { "texture": "#side" }, "up": { "texture": "#side" }, "north": { "texture": "#side" }, "west": { "texture": "#side" }, "east": { "texture": "#side" } }
    },
    {
        "from": [  7.8, 5.5, 14.8  ],
        "to"  : [  8.0, 7.5, 15.0  ],
        "faces": { "down":  { "texture": "#side" }, "up": { "texture": "#side" }, "north": { "texture": "#side" }, "west": { "texture": "#side" }, "east": { "texture": "#side" } }
    },
    {
        "from": [  6.2, 5.5, 14.8  ],
        "to"  : [  7.8, 5.7, 15.0  ],
        "faces": { "down":  { "texture": "#side" }, "up": { "texture": "#side" }, "north": { "texture": "#side" }, "west": { "texture": "#side" }, "east": { "texture": "#side" } }
    },
    {
        "from": [  6.2, 7.3, 14.8  ],
        "to"  : [  7.8, 7.5, 15.0  ],
        "faces": { "down":  { "texture": "#side" }, "up": { "texture": "#side" }, "north": { "texture": "#side" }, "west": { "texture": "#side" }, "east": { "texture": "#side" } }
    }
  ]
}
