{
  "parent": "block/cube",
  "ambientocclusion": false,
	"textures": {
    "particle": "rsgauges:blocks/common/cleargrayglass",
		"front": "rsgauges:blocks/common/cleargrayglass",
		"side": "rsgauges:blocks/sensitiveglass/sensitiveglass_bw_s15",
		"bulk": "rsgauges:blocks/sensitiveglass/sensitiveglass_stained_s15"
	},
	"elements": [
		{
			"name": "cube",
			"from": [6.625, 6.625, 15.5],
			"to": [9.375, 9.375, 16],
			"faces": {
				"north": {"texture": "#side"},
				"south": {"texture": "#side"}
			}
		},
		{
			"name": "cube",
			"from": [9.375, 7, 15.5],
			"to": [9.875, 9, 16],
			"faces": {
				"north": {"texture": "#front"},
				"south": {"texture": "#front"}
			}
		},
		{
			"name": "cube",
			"from": [7, 9.375, 15.5],
			"to": [9, 9.875, 16],
			"faces": {
				"north": {"texture": "#front"},
				"south": {"texture": "#front"}
			}
		},
		{
			"name": "cube",
			"from": [7, 6.125, 15.5],
			"to": [9, 6.625, 16],
			"faces": {
				"north": {"texture": "#front"},
				"east": {"texture": "#front"},
				"south": {"texture": "#front"}
			}
		},
		{
			"name": "cube",
			"from": [6.125, 7, 15.5],
			"to": [6.625, 9, 16],
			"faces": {
				"north": {"texture": "#front"},
				"south": {"texture": "#front"},
				"up": {"texture": "#front"}
			}
		},
		{
			"name": "cube",
			"from": [9.375, 9, 15.5],
			"to": [9.875, 9.375, 16],
			"faces": {
				"north": {"texture": "#side"},
				"east": {"texture": "#side"},
				"south": {"texture": "#side"},
				"up": {"texture": "#side"}
			}
		},
		{
			"name": "cube",
			"from": [8.875, 7.25, 15.5],
			"to": [9.25, 7.25, 16],
			"faces": {
				"north": {"texture": "#side"},
				"east": {"texture": "#side"},
				"south": {"texture": "#side"}
			}
		},
		{
			"name": "cube",
			"from": [6.125, 9, 15.5],
			"to": [6.625, 9.375, 16],
			"faces": {
				"north": {"texture": "#side"},
				"south": {"texture": "#side"},
				"west": {"texture": "#side"},
				"up": {"texture": "#side"}
			}
		},
		{
			"name": "cube",
			"from": [6.125, 6.625, 15.5],
			"to": [6.625, 7, 16],
			"faces": {
				"north": {"texture": "#side"},
				"south": {"texture": "#side"},
				"west": {"texture": "#side"},
				"down": {"texture": "#side"}
			}
		},
		{
			"name": "cube",
			"from": [9, 9.375, 15.5],
			"to": [9.375, 9.875, 16],
			"faces": {
				"north": {"texture": "#side"},
				"east": {"texture": "#side"},
				"south": {"texture": "#side"},
				"up": {"texture": "#side"}
			}
		},
		{
			"name": "cube",
			"from": [6.625, 9.375, 15.5],
			"to": [7, 9.875, 16],
			"faces": {
				"north": {"texture": "#side"},
				"south": {"texture": "#side"},
				"west": {"texture": "#side"},
				"up": {"texture": "#side"}
			}
		},
		{
			"name": "cube",
			"from": [9.875, 7, 15.5],
			"to": [10.5, 9, 16],
			"faces": {
				"north": {"texture": "#side"},
				"east": {"texture": "#side"},
				"south": {"texture": "#side"},
				"up": {"texture": "#side"},
				"down": {"texture": "#side"}
			}
		},
		{
			"name": "cube",
			"from": [7, 9.875, 15.5],
			"to": [9, 10.5, 16],
			"faces": {
				"north": {"texture": "#side"},
				"east": {"texture": "#side"},
				"south": {"texture": "#side"},
				"west": {"texture": "#side"},
				"up": {"texture": "#side"}
			}
		},
		{
			"name": "cube",
			"from": [5.5, 7, 15.5],
			"to": [6.125, 9, 16],
			"faces": {
				"north": {"texture": "#side"},
				"south": {"texture": "#side"},
				"west": {"texture": "#side"},
				"up": {"texture": "#side"},
				"down": {"texture": "#side"}
			}
		},
		{
			"name": "cube",
			"from": [7, 5.5, 15.5],
			"to": [9, 6.125, 16],
			"faces": {
				"north": {"texture": "#side"},
				"east": {"texture": "#side"},
				"south": {"texture": "#side"},
				"west": {"texture": "#side"},
				"down": {"texture": "#side"}
			}
		},
		{
			"name": "cube",
			"from": [9, 6.125, 15.5],
			"to": [9.375, 6.625, 16],
			"faces": {
				"north": {"texture": "#side"},
				"east": {"texture": "#side"},
				"south": {"texture": "#side"},
				"down": {"texture": "#side"}
			}
		},
		{
			"name": "cube",
			"from": [6.625, 6.125, 15.5],
			"to": [7, 6.625, 16],
			"faces": {
				"north": {"texture": "#side"},
				"south": {"texture": "#side"},
				"west": {"texture": "#side"},
				"down": {"texture": "#side"}
			}
		},
		{
			"name": "cube",
			"from": [9.375, 6.625, 15.5],
			"to": [9.875, 7, 16],
			"faces": {
				"north": {"texture": "#side"},
				"east": {"texture": "#side"},
				"south": {"texture": "#side"},
				"down": {"texture": "#side"}
			}
		},
		{
			"name": "cube",
			"from": [7.125, 7.125, 15.125],
			"to": [8.875, 8.875, 15.5],
			"faces": {
				"north": {"texture": "#bulk", "tintindex": 0},
				"east": {"texture": "#bulk", "tintindex": 0},
				"west": {"texture": "#bulk", "tintindex": 0},
				"up": {"texture": "#bulk", "tintindex": 0},
				"down": {"texture": "#bulk", "tintindex": 0}
			}
		},
		{
			"name": "cube",
			"from": [7.125, 8.875, 15.125],
			"to": [8.875, 9.125, 15.5],
			"faces": {
				"north": {"texture": "#front"},
				"east": {"texture": "#front"},
				"south": {"texture": "#front"},
				"west": {"texture": "#front"},
				"up": {"texture": "#front"}
			}
		},
		{
			"name": "cube",
			"from": [7.125, 6.875, 15.125],
			"to": [8.875, 7.125, 15.5],
			"faces": {
				"north": {"texture": "#front"},
				"east": {"texture": "#front"},
				"south": {"texture": "#front"},
				"west": {"texture": "#front"},
				"down": {"texture": "#front"}
			}
		},
		{
			"name": "cube",
			"from": [8.875, 7.125, 15.125],
			"to": [9.125, 8.875, 15.5],
			"faces": {
				"north": {"texture": "#front"},
				"east": {"texture": "#front"},
				"south": {"texture": "#front"},
				"up": {"texture": "#front"},
				"down": {"texture": "#front"}
			}
		},
		{
			"name": "cube",
			"from": [6.875, 7.125, 15.125],
			"to": [7.125, 8.875, 15.5],
			"faces": {
				"north": {"texture": "#front"},
				"south": {"texture": "#front"},
				"west": {"texture": "#front"},
				"up": {"texture": "#front"},
				"down": {"texture": "#front"}
			}
		}
	],
	"display": {
		"gui": {
			"rotation": [0, 180, 0],
			"translation": [0, 0.5, 0]
		},
		"fixed": {
			"rotation": [0, 0, 0],
			"translation": [0, 0, -11]
		},
		"ground": {
			"rotation": [0, 0, 0],
			"translation": [0, 0, -7],
			"scale": [0.5, 0.5, 0.5]
		}
	},
	"groups": [
		{
			"name": "group",
			"isOpen": false,
			"export": true,
			"visibility": true,
			"children": [0, 1, 2, 3, 4, 5, 6, 7, 8, 9, 10, 11, 12, 13, 14, 15, 16, 17]
		},
		{
			"name": "group",
			"isOpen": true,
			"export": true,
			"visibility": true,
			"children": [18, 19, 20, 21, 22]
		}
	]
}