{
	"parent": "block/cube",
	"ambientocclusion": false,
	"textures": {
		"front": "rsgauges:blocks/common/cleargrayglass",
		"particle": "rsgauges:blocks/common/cleargrayglass",
		"side": "rsgauges:blocks/sensitiveglass/sensitiveglass_bw_s15",
		"bulk": "rsgauges:blocks/sensitiveglass/sensitiveglass_stained_s15"
	},
	"elements": [
		{
			"from": [7.125, 7.125, 15.625],
			"to": [8.875, 8.875, 16],
			"faces": {
				"north": {"uv": [7.125, 7.125, 8.875, 8.875], "texture": "#side"},
				"south": {"uv": [7.125, 7.125, 8.875, 8.875], "texture": "#side"}
			}
		},
		{
			"from": [8.875, 7.25, 15.625],
			"to": [9.125, 8.75, 16],
			"faces": {
				"north": {"uv": [6.875, 7.25, 7.125, 8.75], "texture": "#front"},
				"south": {"uv": [8.875, 7.25, 9.125, 8.75], "texture": "#front"}
			}
		},
		{
			"from": [7.25, 8.875, 15.625],
			"to": [8.75, 9.125, 16],
			"faces": {
				"north": {"uv": [7.25, 6.875, 8.75, 7.125], "texture": "#front"},
				"south": {"uv": [7.25, 6.875, 8.75, 7.125], "texture": "#front"}
			}
		},
		{
			"from": [7.25, 6.875, 15.625],
			"to": [8.75, 7.125, 16],
			"faces": {
				"north": {"uv": [7.25, 8.875, 8.75, 9.125], "texture": "#front"},
				"east": {"uv": [0, 8.875, 0.375, 9.125], "texture": "#front"},
				"south": {"uv": [7.25, 8.875, 8.75, 9.125], "texture": "#front"}
			}
		},
		{
			"from": [6.875, 7.25, 15.625],
			"to": [7.125, 8.75, 16],
			"faces": {
				"north": {"uv": [8.875, 7.25, 9.125, 8.75], "texture": "#front"},
				"south": {"uv": [6.875, 7.25, 7.125, 8.75], "texture": "#front"},
				"up": {"uv": [6.875, 15.625, 7.125, 16], "texture": "#front"}
			}
		},
		{
			"from": [8.875, 8.75, 15.625],
			"to": [9.125, 8.875, 16],
			"faces": {
				"north": {"uv": [6.875, 7.125, 7.125, 7.25], "texture": "#side"},
				"east": {"uv": [0, 7.125, 0.375, 7.25], "texture": "#side"},
				"south": {"uv": [8.875, 7.125, 9.125, 7.25], "texture": "#side"},
				"up": {"uv": [8.875, 15.625, 9.125, 16], "texture": "#side"}
			}
		},
		{
			"from": [8.875, 7.25, 15.625],
			"to": [9.25, 7.25, 16],
			"faces": {
				"north": {"uv": [6.75, 8.75, 7.125, 8.75], "texture": "#side"},
				"east": {"uv": [0, 8.75, 0.375, 8.75], "texture": "#side"},
				"south": {"uv": [8.875, 8.75, 9.25, 8.75], "texture": "#side"}
			}
		},
		{
			"from": [6.875, 8.75, 15.625],
			"to": [7.125, 8.875, 16],
			"faces": {
				"north": {"uv": [8.875, 7.125, 9.125, 7.25], "texture": "#side"},
				"south": {"uv": [6.875, 7.125, 7.125, 7.25], "texture": "#side"},
				"west": {"uv": [15.625, 7.125, 16, 7.25], "texture": "#side"},
				"up": {"uv": [6.875, 15.625, 7.125, 16], "texture": "#side"}
			}
		},
		{
			"from": [6.875, 7.125, 15.625],
			"to": [7.125, 7.25, 16],
			"faces": {
				"north": {"uv": [8.875, 8.75, 9.125, 8.875], "texture": "#side"},
				"south": {"uv": [6.875, 8.75, 7.125, 8.875], "texture": "#side"},
				"west": {"uv": [15.625, 8.75, 16, 8.875], "texture": "#side"},
				"down": {"uv": [6.875, 0, 7.125, 0.375], "texture": "#side"}
			}
		},
		{
			"from": [8.75, 8.875, 15.625],
			"to": [8.875, 9.125, 16],
			"faces": {
				"north": {"uv": [7.125, 6.875, 7.25, 7.125], "texture": "#side"},
				"east": {"uv": [0, 6.875, 0.375, 7.125], "texture": "#side"},
				"south": {"uv": [8.75, 6.875, 8.875, 7.125], "texture": "#side"},
				"up": {"uv": [8.75, 15.625, 8.875, 16], "texture": "#side"}
			}
		},
		{
			"from": [7.125, 8.875, 15.625],
			"to": [7.25, 9.125, 16],
			"faces": {
				"north": {"uv": [8.75, 6.875, 8.875, 7.125], "texture": "#side"},
				"south": {"uv": [7.125, 6.875, 7.25, 7.125], "texture": "#side"},
				"west": {"uv": [15.625, 6.875, 16, 7.125], "texture": "#side"},
				"up": {"uv": [7.125, 15.625, 7.25, 16], "texture": "#side"}
			}
		},
		{
			"from": [9.125, 7.25, 15.625],
			"to": [9.5, 8.75, 16],
			"faces": {
				"north": {"uv": [6.5, 7.25, 6.875, 8.75], "texture": "#side"},
				"east": {"uv": [0, 7.25, 0.375, 8.75], "texture": "#side"},
				"south": {"uv": [9.125, 7.25, 9.5, 8.75], "texture": "#side"},
				"up": {"uv": [9.125, 15.625, 9.5, 16], "texture": "#side"},
				"down": {"uv": [9.125, 0, 9.5, 0.375], "texture": "#side"}
			}
		},
		{
			"from": [7.25, 9.125, 15.625],
			"to": [8.75, 9.5, 16],
			"faces": {
				"north": {"uv": [7.25, 6.5, 8.75, 6.875], "texture": "#side"},
				"east": {"uv": [0, 6.5, 0.375, 6.875], "texture": "#side"},
				"south": {"uv": [7.25, 6.5, 8.75, 6.875], "texture": "#side"},
				"west": {"uv": [15.625, 6.5, 16, 6.875], "texture": "#side"},
				"up": {"uv": [7.25, 15.625, 8.75, 16], "texture": "#side"}
			}
		},
		{
			"from": [6.5, 7.25, 15.625],
			"to": [6.875, 8.75, 16],
			"faces": {
				"north": {"uv": [9.125, 7.25, 9.5, 8.75], "texture": "#side"},
				"south": {"uv": [6.5, 7.25, 6.875, 8.75], "texture": "#side"},
				"west": {"uv": [15.625, 7.25, 16, 8.75], "texture": "#side"},
				"up": {"uv": [6.5, 15.625, 6.875, 16], "texture": "#side"},
				"down": {"uv": [6.5, 0, 6.875, 0.375], "texture": "#side"}
			}
		},
		{
			"from": [7.25, 6.5, 15.625],
			"to": [8.75, 6.875, 16],
			"faces": {
				"north": {"uv": [7.25, 9.125, 8.75, 9.5], "texture": "#side"},
				"east": {"uv": [0, 9.125, 0.375, 9.5], "texture": "#side"},
				"south": {"uv": [7.25, 9.125, 8.75, 9.5], "texture": "#side"},
				"west": {"uv": [15.625, 9.125, 16, 9.5], "texture": "#side"},
				"down": {"uv": [7.25, 0, 8.75, 0.375], "texture": "#side"}
			}
		},
		{
			"from": [8.75, 6.875, 15.625],
			"to": [8.875, 7.125, 16],
			"faces": {
				"north": {"uv": [7.125, 8.875, 7.25, 9.125], "texture": "#side"},
				"east": {"uv": [0, 8.875, 0.375, 9.125], "texture": "#side"},
				"south": {"uv": [8.75, 8.875, 8.875, 9.125], "texture": "#side"},
				"down": {"uv": [8.75, 0, 8.875, 0.375], "texture": "#side"}
			}
		},
		{
			"from": [7.125, 6.875, 15.625],
			"to": [7.25, 7.125, 16],
			"faces": {
				"north": {"uv": [8.75, 8.875, 8.875, 9.125], "texture": "#side"},
				"south": {"uv": [7.125, 8.875, 7.25, 9.125], "texture": "#side"},
				"west": {"uv": [15.625, 8.875, 16, 9.125], "texture": "#side"},
				"down": {"uv": [7.125, 0, 7.25, 0.375], "texture": "#side"}
			}
		},
		{
			"from": [8.875, 7.125, 15.625],
			"to": [9.125, 7.25, 16],
			"faces": {
				"north": {"uv": [6.875, 8.75, 7.125, 8.875], "texture": "#side"},
				"east": {"uv": [0, 8.75, 0.375, 8.875], "texture": "#side"},
				"south": {"uv": [8.875, 8.75, 9.125, 8.875], "texture": "#side"},
				"down": {"uv": [8.875, 0, 9.125, 0.375], "texture": "#side"}
			}
		},
		{
			"from": [7.625, 7.625, 15.25],
			"to": [8.375, 8.375, 15.5],
			"faces": {
				"north": {"uv": [7.625, 7.625, 8.375, 8.375], "texture": "#bulk", "tintindex": 0},
				"east": {"uv": [0.5, 7.625, 0.75, 8.375], "texture": "#bulk", "tintindex": 0},
				"west": {"uv": [15.25, 7.625, 15.5, 8.375], "texture": "#bulk", "tintindex": 0},
				"up": {"uv": [7.625, 15.25, 8.375, 15.5], "texture": "#bulk", "tintindex": 0},
				"down": {"uv": [7.625, 0.5, 8.375, 0.75], "texture": "#bulk", "tintindex": 0}
			}
		},
		{
			"from": [8.375, 7.625, 15.375],
			"to": [8.5, 8.375, 15.625],
			"faces": {
				"north": {"uv": [7.5, 7.625, 7.625, 8.375], "texture": "#front"},
				"east": {"uv": [0.375, 7.625, 0.625, 8.375], "texture": "#front"},
				"south": {"uv": [8.375, 7.625, 8.5, 8.375], "texture": "#front"},
				"west": {"uv": [15.375, 7.625, 15.625, 8.375], "texture": "#front"},
				"up": {"uv": [8.375, 15.375, 8.5, 15.625], "texture": "#front"},
				"down": {"uv": [8.375, 0.375, 8.5, 0.625], "texture": "#front"}
			}
		},
		{
			"from": [7.5, 7.625, 15.375],
			"to": [7.625, 8.375, 15.625],
			"faces": {
				"north": {"uv": [8.375, 7.625, 8.5, 8.375], "texture": "#front"},
				"east": {"uv": [0.375, 7.625, 0.625, 8.375], "texture": "#front"},
				"south": {"uv": [7.5, 7.625, 7.625, 8.375], "texture": "#front"},
				"west": {"uv": [15.375, 7.625, 15.625, 8.375], "texture": "#front"},
				"up": {"uv": [7.5, 15.375, 7.625, 15.625], "texture": "#front"},
				"down": {"uv": [7.5, 0.375, 7.625, 0.625], "texture": "#front"}
			}
		},
		{
			"from": [7.625, 8.375, 15.375],
			"to": [8.375, 8.5, 15.625],
			"faces": {
				"north": {"uv": [7.625, 7.5, 8.375, 7.625], "texture": "#front"},
				"east": {"uv": [0.375, 7.5, 0.625, 7.625], "texture": "#front"},
				"south": {"uv": [7.625, 7.5, 8.375, 7.625], "texture": "#front"},
				"west": {"uv": [15.375, 7.5, 15.625, 7.625], "texture": "#front"},
				"up": {"uv": [7.625, 15.375, 8.375, 15.625], "texture": "#front"},
				"down": {"uv": [7.625, 0.375, 8.375, 0.625], "texture": "#front"}
			}
		},
		{
			"from": [7.625, 7.5, 15.375],
			"to": [8.375, 7.625, 15.625],
			"faces": {
				"north": {"uv": [7.625, 8.375, 8.375, 8.5], "texture": "#front"},
				"east": {"uv": [0.375, 8.375, 0.625, 8.5], "texture": "#front"},
				"south": {"uv": [7.625, 8.375, 8.375, 8.5], "texture": "#front"},
				"west": {"uv": [15.375, 8.375, 15.625, 8.5], "texture": "#front"},
				"up": {"uv": [7.625, 15.375, 8.375, 15.625], "texture": "#front"},
				"down": {"uv": [7.625, 0.375, 8.375, 0.625], "texture": "#front"}
			}
		}
	],
	"display": {
		"thirdperson_righthand": {
			"rotation": [0, 85, 0],
			"translation": [-7, -0.25, -1.25]
		},
		"firstperson_righthand": {
			"rotation": [0, 87, 0],
			"translation": [-2.5, -0.75, -1.5]
		},
		"ground": {
			"translation": [0, 0, -7]
		},
		"gui": {
			"rotation": [30, -130, 0],
			"translation": [17.75, -7, 0],
			"scale": [3, 3, 3]
		},
		"fixed": {
			"translation": [0, 0, -8]
		}
	},
	"groups": [
		{
			"name": "group",
			"children": [0, 1, 2, 3, 4, 5, 6, 7, 8, 9, 10, 11, 12, 13, 14, 15, 16, 17]
		},
		{
			"name": "group",
			"children": [18, 19, 20, 21, 22]
		}
	]
}