{
  "parent": "block/cube",
  "ambientocclusion": false,
	"textures": {
    "particle": "rsgauges:blocks/common/cleargrayglass",
		"front": "rsgauges:blocks/common/cleargrayglass",
		"side": "rsgauges:blocks/sensitiveglass/sensitiveglass_bw_s15",
		"bulk": "rsgauges:blocks/sensitiveglass/sensitiveglass_stained_s15"
	},
	"elements": [
		{
			"name": "cube",
			"from": [7.125, 7.125, 15.625],
			"to": [8.875, 8.875, 16],
			"faces": {
				"north": {"texture": "#side"},
				"south": {"texture": "#side"}
			}
		},
		{
			"name": "cube",
			"from": [8.875, 7.25, 15.625],
			"to": [9.125, 8.75, 16],
			"faces": {
				"north": {"texture": "#front"},
				"south": {"texture": "#front"}
			}
		},
		{
			"name": "cube",
			"from": [7.25, 8.875, 15.625],
			"to": [8.75, 9.125, 16],
			"faces": {
				"north": {"texture": "#front"},
				"south": {"texture": "#front"}
			}
		},
		{
			"name": "cube",
			"from": [7.25, 6.875, 15.625],
			"to": [8.75, 7.125, 16],
			"faces": {
				"north": {"texture": "#front"},
				"east": {"texture": "#front"},
				"south": {"texture": "#front"}
			}
		},
		{
			"name": "cube",
			"from": [6.875, 7.25, 15.625],
			"to": [7.125, 8.75, 16],
			"faces": {
				"north": {"texture": "#front"},
				"south": {"texture": "#front"},
				"up": {"texture": "#front"}
			}
		},
		{
			"name": "cube",
			"from": [8.875, 8.75, 15.625],
			"to": [9.125, 8.875, 16],
			"faces": {
				"north": {"texture": "#side"},
				"east": {"texture": "#side"},
				"south": {"texture": "#side"},
				"up": {"texture": "#side"}
			}
		},
		{
			"name": "cube",
			"from": [8.875, 7.25, 15.625],
			"to": [9.25, 7.25, 16],
			"faces": {
				"north": {"texture": "#side"},
				"east": {"texture": "#side"},
				"south": {"texture": "#side"}
			}
		},
		{
			"name": "cube",
			"from": [6.875, 8.75, 15.625],
			"to": [7.125, 8.875, 16],
			"faces": {
				"north": {"texture": "#side"},
				"south": {"texture": "#side"},
				"west": {"texture": "#side"},
				"up": {"texture": "#side"}
			}
		},
		{
			"name": "cube",
			"from": [6.875, 7.125, 15.625],
			"to": [7.125, 7.25, 16],
			"faces": {
				"north": {"texture": "#side"},
				"south": {"texture": "#side"},
				"west": {"texture": "#side"},
				"down": {"texture": "#side"}
			}
		},
		{
			"name": "cube",
			"from": [8.75, 8.875, 15.625],
			"to": [8.875, 9.125, 16],
			"faces": {
				"north": {"texture": "#side"},
				"east": {"texture": "#side"},
				"south": {"texture": "#side"},
				"up": {"texture": "#side"}
			}
		},
		{
			"name": "cube",
			"from": [7.125, 8.875, 15.625],
			"to": [7.25, 9.125, 16],
			"faces": {
				"north": {"texture": "#side"},
				"south": {"texture": "#side"},
				"west": {"texture": "#side"},
				"up": {"texture": "#side"}
			}
		},
		{
			"name": "cube",
			"from": [9.125, 7.25, 15.625],
			"to": [9.5, 8.75, 16],
			"faces": {
				"north": {"texture": "#side"},
				"east": {"texture": "#side"},
				"south": {"texture": "#side"},
				"up": {"texture": "#side"},
				"down": {"texture": "#side"}
			}
		},
		{
			"name": "cube",
			"from": [7.25, 9.125, 15.625],
			"to": [8.75, 9.5, 16],
			"faces": {
				"north": {"texture": "#side"},
				"east": {"texture": "#side"},
				"south": {"texture": "#side"},
				"west": {"texture": "#side"},
				"up": {"texture": "#side"}
			}
		},
		{
			"name": "cube",
			"from": [6.5, 7.25, 15.625],
			"to": [6.875, 8.75, 16],
			"faces": {
				"north": {"texture": "#side"},
				"south": {"texture": "#side"},
				"west": {"texture": "#side"},
				"up": {"texture": "#side"},
				"down": {"texture": "#side"}
			}
		},
		{
			"name": "cube",
			"from": [7.25, 6.5, 15.625],
			"to": [8.75, 6.875, 16],
			"faces": {
				"north": {"texture": "#side"},
				"east": {"texture": "#side"},
				"south": {"texture": "#side"},
				"west": {"texture": "#side"},
				"down": {"texture": "#side"}
			}
		},
		{
			"name": "cube",
			"from": [8.75, 6.875, 15.625],
			"to": [8.875, 7.125, 16],
			"faces": {
				"north": {"texture": "#side"},
				"east": {"texture": "#side"},
				"south": {"texture": "#side"},
				"down": {"texture": "#side"}
			}
		},
		{
			"name": "cube",
			"from": [7.125, 6.875, 15.625],
			"to": [7.25, 7.125, 16],
			"faces": {
				"north": {"texture": "#side"},
				"south": {"texture": "#side"},
				"west": {"texture": "#side"},
				"down": {"texture": "#side"}
			}
		},
		{
			"name": "cube",
			"from": [8.875, 7.125, 15.625],
			"to": [9.125, 7.25, 16],
			"faces": {
				"north": {"texture": "#side"},
				"east": {"texture": "#side"},
				"south": {"texture": "#side"},
				"down": {"texture": "#side"}
			}
		},
		{
			"name": "cube",
			"from": [7.625, 7.625, 15.375],
			"to": [8.375, 8.375, 15.625],
			"faces": {
				"north": {"texture": "#bulk", "tintindex": 0},
				"east": {"texture": "#bulk", "tintindex": 0},
				"west": {"texture": "#bulk", "tintindex": 0},
				"up": {"texture": "#bulk", "tintindex": 0},
				"down": {"texture": "#bulk", "tintindex": 0}
			}
		},
		{
			"name": "cube",
			"from": [8.375, 7.625, 15.375],
			"to": [8.5, 8.375, 15.625],
			"faces": {
				"north": {"texture": "#bulk", "tintindex": 0},
				"east": {"texture": "#bulk", "tintindex": 0},
				"south": {"texture": "#bulk", "tintindex": 0},
				"west": {"texture": "#bulk", "tintindex": 0},
				"up": {"texture": "#bulk", "tintindex": 0},
				"down": {"texture": "#bulk", "tintindex": 0}
			}
		},
		{
			"name": "cube",
			"from": [7.5, 7.625, 15.375],
			"to": [7.625, 8.375, 15.625],
			"faces": {
				"north": {"texture": "#bulk", "tintindex": 0},
				"east": {"texture": "#bulk", "tintindex": 0},
				"south": {"texture": "#bulk", "tintindex": 0},
				"west": {"texture": "#bulk", "tintindex": 0},
				"up": {"texture": "#bulk", "tintindex": 0},
				"down": {"texture": "#bulk", "tintindex": 0}
			}
		},
		{
			"name": "cube",
			"from": [7.625, 8.375, 15.375],
			"to": [8.375, 8.5, 15.625],
			"faces": {
				"north": {"texture": "#bulk", "tintindex": 0},
				"east": {"texture": "#bulk", "tintindex": 0},
				"south": {"texture": "#bulk", "tintindex": 0},
				"west": {"texture": "#bulk", "tintindex": 0},
				"up": {"texture": "#bulk", "tintindex": 0},
				"down": {"texture": "#bulk", "tintindex": 0}
			}
		},
		{
			"name": "cube",
			"from": [7.625, 7.5, 15.375],
			"to": [8.375, 7.625, 15.625],
			"faces": {
				"north": {"texture": "#bulk", "tintindex": 0},
				"east": {"texture": "#bulk", "tintindex": 0},
				"south": {"texture": "#bulk", "tintindex": 0},
				"west": {"texture": "#bulk", "tintindex": 0},
				"up": {"texture": "#bulk", "tintindex": 0},
				"down": {"texture": "#bulk", "tintindex": 0}
			}
		}
	],
	"display": {
		"gui": {
			"rotation": [0, 180, 0],
			"translation": [0, 0.5, 0]
		},
		"fixed": {
			"rotation": [0, 0, 0],
			"translation": [0, 0, -11]
		},
		"ground": {
			"rotation": [0, 0, 0],
			"translation": [0, 0, -7],
			"scale": [0.5, 0.5, 0.5]
		}
	},
	"groups": [
		{
			"name": "group",
			"isOpen": false,
			"export": true,
			"visibility": true,
			"children": [0, 1, 2, 3, 4, 5, 6, 7, 8, 9, 10, 11, 12, 13, 14, 15, 16, 17]
		},
		{
			"name": "group",
			"isOpen": true,
			"export": true,
			"visibility": true,
			"children": [18, 19, 20, 21, 22]
		}
	]
}