{
  "parent": "block/cube",
  "ambientocclusion": false,
	"textures": {
    "particle": "rsgauges:blocks/common/cleargrayglass",
		"handle": "rsgauges:blocks/sensitiveglass/sensitiveglass_stained_s15",
		"offstate": "rsgauges:blocks/sensitiveglass/sensitiveglass_bw_s00"
	},
	"elements": [
		{
			"name": "cube",
			"from": [5.5, 5.5, 15.5],
			"to": [10.5, 10.5, 16],
			"faces": {
				"north": {"texture": "#handle", "tintindex": 0},
				"east": {"texture": "#handle", "rotation": 180, "tintindex": 0},
				"south": {"texture": "#handle", "tintindex": 0},
				"west": {"texture": "#handle", "rotation": 180, "tintindex": 0},
				"up": {"texture": "#handle", "rotation": 180, "tintindex": 0},
				"down": {"texture": "#handle", "rotation": 180, "tintindex": 0}
			}
		},
		{
			"name": "cube",
			"from": [7.5, 7.5, 15.625],
			"to": [8.5, 8.5, 15.875],
			"faces": {
				"north": {"texture": "#offstate", "tintindex": 0},
				"east": {"texture": "#offstate", "rotation": 180, "tintindex": 0},
				"south": {"texture": "#offstate", "tintindex": 0},
				"west": {"texture": "#offstate", "rotation": 180, "tintindex": 0},
				"up": {"texture": "#offstate", "rotation": 180, "tintindex": 0},
				"down": {"texture": "#offstate", "rotation": 180, "tintindex": 0}
			}
		}
	],
	"display": {
		"gui": {
			"rotation": [0, 180, 0],
			"translation": [0, 0.5, 0]
		},
		"fixed": {
			"rotation": [0, 0, 0],
			"translation": [0, 0, -11]
		},
		"ground": {
			"rotation": [0, 0, 0],
			"translation": [0, 0, -7],
			"scale": [0.5, 0.5, 0.5]
		}
	}
}