{
	"parent": "block/cube",
	"ambientocclusion": false,
	"textures": {
		"metal": "rsgauges:blocks/common/darkgraymetal",
		"particle": "rsgauges:blocks/common/darkgraymetal",
		"redstone": "rsgauges:blocks/indicator/indicator_fg_red_off_texture"
	},
	"elements": [
		{
			"from": [0, 12.5, 0.25],
			"to": [0.375, 13, 15.625],
			"faces": {
				"north": {"uv": [0, 0, 1, 16], "texture": "#metal"},
				"east": {"uv": [0, 0, 15.375, 0.5], "texture": "#metal"},
				"south": {"uv": [0, 0, 1, 16], "texture": "#metal"},
				"west": {"uv": [0, 0, 15.375, 0.5], "texture": "#metal"},
				"up": {"uv": [0, 0, 1, 16], "texture": "#metal"},
				"down": {"uv": [0, 0, 1, 16], "texture": "#metal"}
			}
		},
		{
			"from": [0, 12.5, 15.5],
			"to": [16, 13, 15.875],
			"faces": {
				"north": {"uv": [0, 0, 16, 0.5], "texture": "#metal"},
				"east": {"uv": [0, 0, 2, 2.25], "texture": "#metal"},
				"south": {"uv": [0, 0, 16, 0.5], "texture": "#metal"},
				"west": {"uv": [0, 0, 3, 2.75], "texture": "#metal"},
				"up": {"uv": [0, 14.5, 16, 16], "texture": "#metal"},
				"down": {"uv": [1, 1, 15, 13], "texture": "#metal"}
			}
		},
		{
			"from": [15.625, 12.5, 0.25],
			"to": [16, 13, 15.625],
			"faces": {
				"north": {"uv": [0, 0, 1, 16], "texture": "#metal"},
				"east": {"uv": [0, 0, 15.375, 0.5], "texture": "#metal"},
				"south": {"uv": [0, 0, 1, 16], "texture": "#metal"},
				"west": {"uv": [0, 0, 15.375, 0.5], "texture": "#metal"},
				"up": {"uv": [0, 0, 1, 16], "texture": "#metal"},
				"down": {"uv": [0, 0, 1, 16], "texture": "#metal"}
			}
		},
		{
			"from": [9, 12.5, 0],
			"to": [16, 13, 0.375],
			"faces": {
				"north": {"uv": [0, 0, 7, 0.5], "texture": "#metal"},
				"east": {"uv": [0, 0, 2, 2.25], "texture": "#metal"},
				"south": {"uv": [0, 0, 7, 0.5], "texture": "#metal"},
				"west": {"uv": [0, 0, 3, 2.75], "texture": "#metal"},
				"up": {"uv": [0, 14.5, 16, 16], "texture": "#metal"},
				"down": {"uv": [1, 1, 15, 13], "texture": "#metal"}
			}
		},
		{
			"from": [0, 12.5, 0],
			"to": [7, 13, 0.375],
			"faces": {
				"north": {"uv": [0, 0, 7, 0.5], "texture": "#metal"},
				"east": {"uv": [0, 0, 2, 2.25], "texture": "#metal"},
				"south": {"uv": [0, 0, 7, 0.5], "texture": "#metal"},
				"west": {"uv": [0, 0, 3, 2.75], "texture": "#metal"},
				"up": {"uv": [0, 14.5, 16, 16], "texture": "#metal"},
				"down": {"uv": [1, 1, 15, 13], "texture": "#metal"}
			}
		},
		{
			"from": [15.375, 12.5, 7],
			"to": [15.625, 13, 9],
			"faces": {
				"north": {"uv": [0, 0, 1, 16], "texture": "#redstone"},
				"east": {"uv": [0, 0, 16, 1.5], "texture": "#redstone"},
				"south": {"uv": [0, 0, 1, 16], "texture": "#redstone"},
				"west": {"uv": [0, 0, 16, 0.5], "texture": "#redstone"},
				"up": {"uv": [7, 6, 12, 16], "texture": "#redstone"},
				"down": {"uv": [0, 0, 1, 16], "texture": "#redstone"}
			}
		},
		{
			"from": [0.375, 12.5, 7],
			"to": [0.625, 13, 9],
			"faces": {
				"north": {"uv": [0, 0, 1, 16], "texture": "#redstone"},
				"east": {"uv": [0, 2, 16, 3.5], "texture": "#redstone"},
				"south": {"uv": [0, 0, 1, 16], "texture": "#redstone"},
				"west": {"uv": [0, 0, 16, 0.5], "texture": "#redstone"},
				"up": {"uv": [0, 0, 3, 16], "texture": "#redstone"},
				"down": {"uv": [0, 0, 1, 16], "texture": "#redstone"}
			}
		},
		{
			"from": [7, 12.375, 0],
			"to": [9, 13.125, 0.625],
			"faces": {
				"north": {"uv": [2, 9, 16, 12.25], "texture": "#redstone"},
				"east": {"uv": [0, 0, 2, 2.25], "texture": "#redstone"},
				"south": {"uv": [0, 0, 14, 4.25], "texture": "#redstone"},
				"west": {"uv": [0, 0, 3, 2.75], "texture": "#redstone"},
				"up": {"uv": [2, 5, 16, 10.5], "texture": "#redstone"},
				"down": {"uv": [1, 1, 15, 13], "texture": "#redstone"}
			}
		},
		{
			"from": [7, 12.5, 15.25],
			"to": [9, 13, 15.5],
			"faces": {
				"north": {"uv": [2, 9, 16, 12.25], "texture": "#redstone"},
				"east": {"uv": [0, 0, 2, 2.25], "texture": "#redstone"},
				"south": {"uv": [0, 0, 14, 4.25], "texture": "#redstone"},
				"west": {"uv": [0, 0, 3, 2.75], "texture": "#redstone"},
				"up": {"uv": [1, 2, 15, 3.5], "texture": "#redstone"},
				"down": {"uv": [1, 1, 15, 13], "texture": "#redstone"}
			}
		},
		{
			"from": [7.25, 12.5, 15],
			"to": [8.75, 13, 15.25],
			"faces": {
				"north": {"uv": [1, 6, 15, 9.25], "texture": "#redstone"},
				"east": {"uv": [0, 0, 2, 2.25], "texture": "#redstone"},
				"south": {"uv": [0, 0, 14, 4.25], "texture": "#redstone"},
				"west": {"uv": [0, 0, 3, 2.75], "texture": "#redstone"},
				"up": {"uv": [0, 1, 14, 2.5], "texture": "#redstone"},
				"down": {"uv": [1, 1, 15, 13], "texture": "#redstone"}
			}
		},
		{
			"from": [7.25, 12.5, 0.625],
			"to": [8.75, 13, 0.875],
			"faces": {
				"north": {"uv": [2, 9, 16, 12.25], "texture": "#redstone"},
				"east": {"uv": [0, 0, 2, 2.25], "texture": "#redstone"},
				"south": {"uv": [0, 0, 14, 4.25], "texture": "#redstone"},
				"west": {"uv": [0, 0, 3, 2.75], "texture": "#redstone"},
				"up": {"uv": [2, 7, 16, 8.5], "texture": "#redstone"},
				"down": {"uv": [1, 1, 15, 13], "texture": "#redstone"}
			}
		},
		{
			"from": [0.625, 12.5, 7.25],
			"to": [0.875, 13, 8.75],
			"faces": {
				"north": {"uv": [0, 0, 1, 16], "texture": "#redstone"},
				"east": {"uv": [1, 10, 13, 11.5], "texture": "#redstone"},
				"south": {"uv": [0, 0, 1, 16], "texture": "#redstone"},
				"west": {"uv": [0, 0, 16, 0.5], "texture": "#redstone"},
				"up": {"uv": [11, 0, 14, 16], "texture": "#redstone"},
				"down": {"uv": [0, 0, 1, 16], "texture": "#redstone"}
			}
		},
		{
			"from": [15.125, 12.5, 7.25],
			"to": [15.375, 13, 8.75],
			"faces": {
				"north": {"uv": [0, 0, 1, 16], "texture": "#redstone"},
				"east": {"uv": [0, 0, 16, 1.5], "texture": "#redstone"},
				"south": {"uv": [0, 0, 1, 16], "texture": "#redstone"},
				"west": {"uv": [0, 0, 16, 0.5], "texture": "#redstone"},
				"up": {"uv": [4, 4, 9, 13], "texture": "#redstone"},
				"down": {"uv": [0, 0, 1, 16], "texture": "#redstone"}
			}
		}
	],
	"display": {
		"thirdperson_righthand": {
			"rotation": [0, 0, 90],
			"translation": [1.25, 0, -1.75],
			"scale": [0.3, 0.3, 0.3]
		},
		"firstperson_righthand": {
			"rotation": [0, 35, 0],
			"translation": [2.75, -1.5, 0],
			"scale": [0.3, 0.3, 0.3]
		},
		"ground": {
			"translation": [0, -2.75, 0],
			"scale": [0.3, 0.3, 0.3]
		},
		"gui": {
			"rotation": [30, 45, 0],
			"translation": [0, 0.5, 0],
			"scale": [0.7, 0.7, 0.7]
		},
		"fixed": {
			"rotation": [-90, 0, 0],
			"translation": [0, 0, 2.25],
			"scale": [0.5, 0.5, 0.5]
		}
	}
}