{
	"parent": "block/cube",
	"ambientocclusion": false,
	"textures": {
		"metal": "rsgauges:blocks/common/darkgraymetal",
		"particle": "rsgauges:blocks/common/darkgraymetal",
		"pattern": "rsgauges:blocks/common/darkmachinemetal",
		"redstone": "rsgauges:blocks/indicator/indicator_fg_red_off_texture",
		"glass": "rsgauges:blocks/sensitiveglass/sensitiveglass_bw_s00"
	},
	"elements": [
		{
			"from": [0, 15.25, 0],
			"to": [3, 16, 0.75],
			"faces": {
				"north": {"uv": [2.5, 3.5, 8, 5.75], "texture": "#metal"},
				"east": {"uv": [0, 0, 2, 2.25], "texture": "#metal"},
				"south": {"uv": [0, 0, 14, 4.25], "texture": "#metal"},
				"west": {"uv": [0, 0, 2.5, 1.75], "texture": "#metal"},
				"up": {"uv": [0, 14.5, 7.5, 16], "texture": "#metal"},
				"down": {"uv": [1, 1, 10, 5.5], "texture": "#metal"}
			}
		},
		{
			"from": [13.5, 15.75, 2.25],
			"to": [14, 16, 14],
			"faces": {
				"north": {"uv": [0, 0, 14, 0.25], "texture": "#metal"},
				"east": {"uv": [0, 0, 12, 0.25], "texture": "#metal"},
				"south": {"uv": [0, 5, 14, 5.25], "texture": "#metal"},
				"west": {"uv": [3, 4, 15, 4.25], "texture": "#metal"},
				"up": {"uv": [6.5, 2, 7.5, 13.75], "texture": "#metal"},
				"down": {"uv": [0, 0, 4, 11.75], "texture": "#metal"}
			}
		},
		{
			"from": [0, 15.5, 1.25],
			"to": [1, 16, 15],
			"faces": {
				"north": {"uv": [0, 0, 1, 16], "texture": "#metal"},
				"east": {"uv": [0, 0, 16, 1.5], "texture": "#metal"},
				"south": {"uv": [0, 0, 1, 16], "texture": "#metal"},
				"west": {"uv": [0, 0, 16, 0.5], "texture": "#metal"},
				"up": {"uv": [0, 0, 1, 16], "texture": "#metal"},
				"down": {"uv": [0, 0, 1, 16], "texture": "#metal"}
			}
		},
		{
			"from": [0, 15.5, 15],
			"to": [16, 16, 15.875],
			"faces": {
				"north": {"uv": [2, 9, 16, 12.25], "texture": "#metal"},
				"east": {"uv": [0, 0, 2, 2.25], "texture": "#metal"},
				"south": {"uv": [0, 0, 14, 1.75], "texture": "#metal"},
				"west": {"uv": [0, 0, 3, 2.75], "texture": "#metal"},
				"up": {"uv": [0, 14.5, 16, 16], "texture": "#metal"},
				"down": {"uv": [1, 1, 15, 13], "texture": "#metal"}
			}
		},
		{
			"from": [15, 15.5, 1.25],
			"to": [16, 16, 15],
			"faces": {
				"north": {"uv": [0, 0, 1, 16], "texture": "#metal"},
				"east": {"uv": [0, 0, 16, 1.5], "texture": "#metal"},
				"south": {"uv": [0, 0, 1, 16], "texture": "#metal"},
				"west": {"uv": [0, 0, 16, 0.5], "texture": "#metal"},
				"up": {"uv": [0, 0, 1, 16], "texture": "#metal"},
				"down": {"uv": [0, 0, 1, 16], "texture": "#metal"}
			}
		},
		{
			"from": [13, 15.25, 0],
			"to": [16, 16, 0.75],
			"faces": {
				"north": {"uv": [2.5, 3.5, 8, 5.75], "texture": "#metal"},
				"east": {"uv": [0, 0, 2, 2.25], "texture": "#metal"},
				"south": {"uv": [0, 0, 14, 4.25], "texture": "#metal"},
				"west": {"uv": [0, 0, 3, 2.75], "texture": "#metal"},
				"up": {"uv": [0, 14.5, 3.5, 16], "texture": "#metal"},
				"down": {"uv": [1, 1, 10, 5.5], "texture": "#metal"}
			}
		},
		{
			"from": [1, 15.75, 1.25],
			"to": [2, 16, 15],
			"faces": {
				"north": {"uv": [0, 0, 1, 16], "texture": "#pattern"},
				"east": {"uv": [0, 0, 16, 1.5], "texture": "#pattern"},
				"south": {"uv": [0, 0, 1, 16], "texture": "#pattern"},
				"west": {"uv": [0, 0, 16, 0.5], "texture": "#pattern"},
				"up": {"uv": [0, 0, 1, 16], "texture": "#pattern"},
				"down": {"uv": [0, 0, 1, 16], "texture": "#pattern"}
			}
		},
		{
			"from": [14, 15.75, 1.25],
			"to": [15, 16, 15],
			"faces": {
				"north": {"uv": [0, 0, 1, 16], "texture": "#pattern"},
				"east": {"uv": [0, 0, 16, 1.5], "texture": "#pattern"},
				"south": {"uv": [0, 0, 1, 16], "texture": "#pattern"},
				"west": {"uv": [0, 0, 16, 0.5], "texture": "#pattern"},
				"up": {"uv": [0, 0, 1, 16], "texture": "#pattern"},
				"down": {"uv": [0, 0, 1, 16], "texture": "#pattern"}
			}
		},
		{
			"from": [2, 15.75, 1.25],
			"to": [14, 16, 2.25],
			"faces": {
				"north": {"uv": [0, 0, 1, 16], "texture": "#pattern"},
				"east": {"uv": [0, 0, 16, 1.5], "texture": "#pattern"},
				"south": {"uv": [0, 0, 1, 16], "texture": "#pattern"},
				"west": {"uv": [0, 0, 16, 0.5], "texture": "#pattern"},
				"up": {"uv": [0, 0, 16, 2], "texture": "#pattern"},
				"down": {"uv": [0, 0, 16, 1], "texture": "#pattern"}
			}
		},
		{
			"from": [2, 15.75, 14],
			"to": [14, 16, 15],
			"faces": {
				"north": {"uv": [0, 0, 1, 16], "texture": "#pattern"},
				"east": {"uv": [0, 0, 16, 1.5], "texture": "#pattern"},
				"south": {"uv": [0, 0, 1, 16], "texture": "#pattern"},
				"west": {"uv": [0, 0, 16, 0.5], "texture": "#pattern"},
				"up": {"uv": [0, 0, 16, 2], "texture": "#pattern"},
				"down": {"uv": [0, 0, 16, 1], "texture": "#pattern"}
			}
		},
		{
			"from": [2, 15.75, 2.25],
			"to": [2.5, 16, 14],
			"faces": {
				"north": {"uv": [0, 0, 14, 0.25], "texture": "#metal"},
				"east": {"uv": [0, 0, 12, 0.25], "texture": "#metal"},
				"south": {"uv": [0, 5, 14, 5.25], "texture": "#metal"},
				"west": {"uv": [3, 4, 15, 4.25], "texture": "#metal"},
				"up": {"uv": [0, 0, 1, 11.75], "texture": "#metal"},
				"down": {"uv": [0, 0, 4, 11.75], "texture": "#metal"}
			}
		},
		{
			"from": [9, 15.25, 0],
			"to": [13, 16, 0.75],
			"faces": {
				"north": {"uv": [7.5, 0, 15, 3], "texture": "#pattern"},
				"east": {"uv": [0, 0, 16, 1.5], "texture": "#pattern"},
				"south": {"uv": [0, 0, 10, 1.5], "texture": "#pattern"},
				"west": {"uv": [0, 0, 16, 0.5], "texture": "#pattern"},
				"up": {"uv": [0, 0, 8.5, 2.5], "texture": "#pattern"},
				"down": {"uv": [0, 0, 16, 1], "texture": "#pattern"}
			}
		},
		{
			"from": [3, 15.25, 0],
			"to": [7, 16, 0.75],
			"faces": {
				"north": {"uv": [0, 0, 6.5, 1.75], "texture": "#pattern"},
				"east": {"uv": [0, 0, 16, 1.5], "texture": "#pattern"},
				"south": {"uv": [2, 1.5, 14.5, 3], "texture": "#pattern"},
				"west": {"uv": [0, 0, 16, 0.5], "texture": "#pattern"},
				"up": {"uv": [0, 0, 8.5, 2.5], "texture": "#pattern"},
				"down": {"uv": [0, 0, 16, 1], "texture": "#pattern"}
			}
		},
		{
			"from": [7, 15.5, 1],
			"to": [9, 16, 1.25],
			"faces": {
				"north": {"uv": [2.5, 0.5, 5, 2.25], "texture": "#metal"},
				"east": {"uv": [0, 0, 2, 2.25], "texture": "#metal"},
				"south": {"uv": [0, 0, 14, 4.25], "texture": "#metal"},
				"west": {"uv": [0, 0, 3, 2.75], "texture": "#metal"},
				"up": {"uv": [6, 10, 11, 11.5], "texture": "#metal"},
				"down": {"uv": [1, 1, 15, 13], "texture": "#metal"}
			}
		},
		{
			"from": [9, 15.25, 0.75],
			"to": [13, 16, 1.25],
			"faces": {
				"north": {"uv": [0, 0, 7.5, 4], "texture": "#pattern"},
				"east": {"uv": [0, 0, 16, 1.5], "texture": "#pattern"},
				"south": {"uv": [0, 0, 9.5, 0.75], "texture": "#pattern"},
				"west": {"uv": [0, 0, 16, 0.5], "texture": "#pattern"},
				"up": {"uv": [0, 0, 8.5, 1], "texture": "#pattern"},
				"down": {"uv": [0, 0, 16, 1], "texture": "#pattern"}
			}
		},
		{
			"from": [3, 15.25, 0.75],
			"to": [7, 16, 1.25],
			"faces": {
				"north": {"uv": [0, 0, 7.5, 4], "texture": "#pattern"},
				"east": {"uv": [0, 0, 16, 1.5], "texture": "#pattern"},
				"south": {"uv": [0, 0, 16, 1.5], "texture": "#pattern"},
				"west": {"uv": [0, 0, 16, 0.5], "texture": "#pattern"},
				"up": {"uv": [0, 0, 8.5, 1.5], "texture": "#pattern"},
				"down": {"uv": [0, 0, 16, 1], "texture": "#pattern"}
			}
		},
		{
			"from": [2.5, 15.75, 2.25],
			"to": [13.5, 16, 2.75],
			"faces": {
				"north": {"uv": [0, 0, 14, 0.25], "texture": "#metal"},
				"east": {"uv": [0, 0, 12, 0.25], "texture": "#metal"},
				"south": {"uv": [0, 5, 14, 5.25], "texture": "#metal"},
				"west": {"uv": [3, 4, 15, 4.25], "texture": "#metal"},
				"up": {"uv": [0, 0, 15, 1], "texture": "#metal"},
				"down": {"uv": [4, 13.5, 8, 14.5], "texture": "#metal"}
			}
		},
		{
			"from": [2.5, 15.75, 13.5],
			"to": [13.5, 16, 14],
			"faces": {
				"north": {"uv": [0, 0, 14, 0.25], "texture": "#metal"},
				"east": {"uv": [0, 0, 12, 0.25], "texture": "#metal"},
				"south": {"uv": [0, 5, 14, 5.25], "texture": "#metal"},
				"west": {"uv": [3, 4, 15, 4.25], "texture": "#metal"},
				"up": {"uv": [0, 0, 11.5, 1], "texture": "#metal"},
				"down": {"uv": [2.5, 3, 6.5, 4], "texture": "#metal"}
			}
		},
		{
			"from": [2.5, 15.75, 7.75],
			"to": [13.5, 16, 8.5],
			"faces": {
				"north": {"uv": [0, 0, 14, 0.25], "texture": "#metal"},
				"east": {"uv": [0, 0, 12, 0.25], "texture": "#metal"},
				"south": {"uv": [0, 5, 14, 5.25], "texture": "#metal"},
				"west": {"uv": [3, 4, 15, 4.25], "texture": "#metal"},
				"up": {"uv": [0, 0, 15.5, 1], "texture": "#metal"},
				"down": {"uv": [11.5, 3, 15.5, 4], "texture": "#metal"}
			}
		},
		{
			"from": [7.5, 14.75, 0],
			"to": [8.5, 15.5, 0.5],
			"faces": {
				"north": {"uv": [0, 1, 14, 4.25], "texture": "#redstone"},
				"east": {"uv": [0, 0, 2, 2.25], "texture": "#redstone"},
				"south": {"uv": [0, 0, 14, 4.25], "texture": "#redstone"},
				"west": {"uv": [0, 0, 3, 2.75], "texture": "#redstone"},
				"up": {"uv": [6, 10, 11, 11.5], "texture": "#redstone"},
				"down": {"uv": [1, 1, 15, 13], "texture": "#redstone"}
			}
		},
		{
			"from": [13, 15.5, 1],
			"to": [16, 16, 1.25],
			"faces": {
				"north": {"uv": [2.5, 3.5, 8, 5.75], "texture": "#metal"},
				"east": {"uv": [0, 0, 2, 2.25], "texture": "#metal"},
				"south": {"uv": [0, 0, 14, 4.25], "texture": "#metal"},
				"west": {"uv": [0, 0, 3, 2.75], "texture": "#metal"},
				"up": {"uv": [0, 14.5, 3.5, 16], "texture": "#metal"},
				"down": {"uv": [1, 1, 10, 5.5], "texture": "#metal"}
			}
		},
		{
			"from": [0, 15.5, 1],
			"to": [3, 16, 1.25],
			"faces": {
				"north": {"uv": [2.5, 3.5, 8, 5.75], "texture": "#metal"},
				"east": {"uv": [0, 0, 2, 2.25], "texture": "#metal"},
				"south": {"uv": [0, 0, 14, 4.25], "texture": "#metal"},
				"west": {"uv": [0, 0, 3, 2.75], "texture": "#metal"},
				"up": {"uv": [0, 14.5, 3.5, 16], "texture": "#metal"},
				"down": {"uv": [1, 1, 10, 5.5], "texture": "#metal"}
			}
		},
		{
			"from": [7, 15.5, 0],
			"to": [9, 15.75, 0.5],
			"faces": {
				"north": {"uv": [2, 9, 16, 12.25], "texture": "#redstone"},
				"east": {"uv": [0, 0, 2, 2.25], "texture": "#redstone"},
				"south": {"uv": [0, 0, 14, 4.25], "texture": "#redstone"},
				"west": {"uv": [0, 0, 3, 2.75], "texture": "#redstone"},
				"up": {"uv": [0, 1, 14, 2.5], "texture": "#redstone"},
				"down": {"uv": [1, 1, 15, 13], "texture": "#redstone"}
			}
		},
		{
			"from": [7, 15.25, 1],
			"to": [9, 15.5, 1.25],
			"faces": {
				"north": {"uv": [2, 9, 16, 12.25], "texture": "#redstone"},
				"east": {"uv": [0, 0, 2, 2.25], "texture": "#redstone"},
				"south": {"uv": [0, 0, 14, 4.25], "texture": "#redstone"},
				"west": {"uv": [0, 0, 3, 2.75], "texture": "#redstone"},
				"up": {"uv": [0, 1, 14, 2.5], "texture": "#redstone"},
				"down": {"uv": [1, 1, 15, 13], "texture": "#redstone"}
			}
		},
		{
			"from": [7, 15.75, 0],
			"to": [9, 16, 0.75],
			"faces": {
				"north": {"uv": [2.5, 0.5, 5, 2.25], "texture": "#metal"},
				"east": {"uv": [0, 0, 2, 2.25], "texture": "#metal"},
				"south": {"uv": [0, 0, 14, 4.25], "texture": "#metal"},
				"west": {"uv": [0, 0, 3, 2.75], "texture": "#metal"},
				"up": {"uv": [6, 10, 11, 11.5], "texture": "#metal"},
				"down": {"uv": [1, 1, 15, 13], "texture": "#metal"}
			}
		},
		{
			"from": [2.5, 15.75, 2.75],
			"to": [13.5, 16, 7.75],
			"faces": {
				"north": {"uv": [0, 0, 11, 5], "texture": "#glass"},
				"east": {"uv": [0, 0, 11, 5], "texture": "#glass"},
				"south": {"uv": [0, 0, 11, 5], "texture": "#glass"},
				"west": {"uv": [0, 0, 11, 5], "texture": "#glass"},
				"up": {"uv": [2, 2, 13, 7], "texture": "#glass"},
				"down": {"uv": [3, 8, 14, 13], "texture": "#glass"}
			}
		},
		{
			"from": [2.5, 15.75, 8.5],
			"to": [13.5, 16, 13.5],
			"faces": {
				"north": {"uv": [2.5, 2.5, 13.5, 7.5], "texture": "#glass"},
				"east": {"uv": [2.5, 2.5, 13.5, 7.5], "texture": "#glass"},
				"south": {"uv": [2.5, 2.5, 13.5, 7.5], "texture": "#glass"},
				"west": {"uv": [2.5, 2.5, 13.5, 7.5], "texture": "#glass"},
				"up": {"uv": [1, 8, 12, 13], "texture": "#glass"},
				"down": {"uv": [2, 2, 13, 7], "texture": "#glass"}
			}
		}
	],
	"display": {
		"thirdperson_righthand": {
			"rotation": [91, 3, -84],
			"translation": [-1.5, -1.5, -1.75],
			"scale": [0.3, 0.3, 0.3]
		},
		"firstperson_righthand": {
			"rotation": [95, -2, -64],
			"translation": [0.75, -0.5, 0],
			"scale": [0.3, 0.3, 0.3]
		},
		"ground": {
			"translation": [0, -4.25, 0],
			"scale": [0.3, 0.3, 0.3]
		},
		"gui": {
			"rotation": [30, 45, 0],
			"translation": [0, -1.25, 0],
			"scale": [0.7, 0.7, 0.7]
		},
		"fixed": {
			"rotation": [-90, 0, 0],
			"translation": [0, 0, 3.5],
			"scale": [0.5, 0.5, 0.5]
		}
	}
}