{
	"parent": "block/cube",
	"ambientocclusion": false,
	"textures": {
		"1": "rsgauges:blocks/common/old_gold",
		"3": "rsgauges:blocks/common/old_wood",
		"5": "rsgauges:blocks/common/old_iron",
		"particle": "rsgauges:blocks/common/old_iron"
	},
	"elements": [
		{
			"from": [7.25, 11.75, 15.5],
			"to": [8.75, 12, 16],
			"faces": {
				"north": {"uv": [7, 7, 16, 8.25], "texture": "#5"},
				"east": {"uv": [8.75, 7, 9.25, 7.25], "texture": "#5"},
				"south": {"uv": [7, 7, 9, 7.25], "texture": "#5"},
				"west": {"uv": [6.75, 7, 7.25, 7.25], "texture": "#5"},
				"up": {"uv": [7, 6.75, 9, 7.25], "texture": "#5"},
				"down": {"uv": [7, 8.75, 9, 9.25], "texture": "#5"}
			}
		},
		{
			"from": [7.75, 11.25, 15],
			"to": [8.25, 11.75, 15.5],
			"faces": {
				"north": {"uv": [5, 7.25, 6.75, 10.75], "texture": "#5"},
				"east": {"uv": [5, 7.25, 6.75, 10.75], "texture": "#5"},
				"south": {"uv": [5, 7.25, 6.75, 10.75], "texture": "#5"},
				"west": {"uv": [5, 7.25, 6.75, 10.75], "texture": "#5"},
				"up": {"uv": [5, 7.25, 6.75, 10.75], "texture": "#5"},
				"down": {"uv": [5, 7.25, 6.75, 10.75], "texture": "#5"}
			}
		},
		{
			"from": [7.75, 11.75, 14.5],
			"to": [8.25, 12.25, 15],
			"faces": {
				"north": {"uv": [5, 7.25, 6.75, 10.75], "texture": "#5"},
				"east": {"uv": [5, 7.25, 6.75, 10.75], "texture": "#5"},
				"south": {"uv": [5, 7.25, 6.75, 10.75], "texture": "#5"},
				"west": {"uv": [5, 7.25, 6.75, 10.75], "texture": "#5"},
				"up": {"uv": [5, 7.25, 6.75, 10.75], "texture": "#5"},
				"down": {"uv": [5, 7.25, 6.75, 10.75], "texture": "#5"}
			}
		},
		{
			"from": [7.75, 11.5, 14.75],
			"to": [8.25, 11.75, 15],
			"faces": {
				"north": {"uv": [7.75, 4.25, 8.25, 4.5], "texture": "#5"},
				"east": {"uv": [1, 4.25, 1.25, 4.5], "texture": "#5"},
				"south": {"uv": [7.75, 4.25, 8.25, 4.5], "texture": "#5"},
				"west": {"uv": [14.75, 4.25, 15, 4.5], "texture": "#5"},
				"up": {"uv": [7.75, 14.75, 8.25, 15], "texture": "#5"},
				"down": {"uv": [7.75, 1, 8.25, 1.25], "texture": "#5"}
			}
		},
		{
			"from": [7.75, 11.75, 15],
			"to": [8.25, 12, 15.25],
			"faces": {
				"north": {"uv": [7.75, 4, 8.25, 4.25], "texture": "#5"},
				"east": {"uv": [0.75, 4, 1, 4.25], "texture": "#5"},
				"south": {"uv": [7.75, 4, 8.25, 4.25], "texture": "#5"},
				"west": {"uv": [15, 4, 15.25, 4.25], "texture": "#5"},
				"up": {"uv": [7.75, 15, 8.25, 15.25], "texture": "#5"},
				"down": {"uv": [7.75, 0.75, 8.25, 1], "texture": "#5"}
			}
		},
		{
			"from": [7.5, 10.75, 15.25],
			"to": [8.5, 11.25, 15.5],
			"faces": {
				"north": {"uv": [7.5, 8.75, 10.5, 11.25], "texture": "#5"},
				"east": {"uv": [7.5, 8.75, 10.5, 11.25], "texture": "#5"},
				"south": {"uv": [7.5, 8.75, 10.5, 11.25], "texture": "#5"},
				"west": {"uv": [7.5, 8.75, 10.5, 11.25], "texture": "#5"},
				"up": {"uv": [7.5, 8.75, 10.5, 11.25], "texture": "#5"},
				"down": {"uv": [7.5, 8.75, 10.5, 11.25], "texture": "#5"}
			}
		},
		{
			"from": [7.75, 11, 15],
			"to": [8.25, 11.25, 15.25],
			"faces": {
				"north": {"uv": [3, 3, 5.5, 5.25], "texture": "#5"},
				"east": {"uv": [3, 3, 5.5, 5.25], "texture": "#5"},
				"south": {"uv": [3, 3, 5.5, 5.25], "texture": "#5"},
				"west": {"uv": [3, 3, 5.5, 5.25], "texture": "#5"},
				"up": {"uv": [3, 3, 5.5, 5.25], "texture": "#5"},
				"down": {"uv": [3, 3, 5.5, 5.25], "texture": "#5"}
			}
		},
		{
			"from": [7.75, 12.25, 13.75],
			"to": [8.25, 12.75, 14.5],
			"faces": {
				"north": {"uv": [5, 7.25, 6.75, 10.75], "texture": "#5"},
				"east": {"uv": [5, 7.25, 6.75, 10.75], "texture": "#5"},
				"south": {"uv": [5, 7.25, 6.75, 10.75], "texture": "#5"},
				"west": {"uv": [5, 7.25, 6.75, 10.75], "texture": "#5"},
				"up": {"uv": [5, 7.25, 6.75, 10.75], "texture": "#5"},
				"down": {"uv": [5, 7.25, 6.75, 10.75], "texture": "#5"}
			}
		},
		{
			"from": [7.75, 12.25, 14.5],
			"to": [8.25, 12.5, 14.75],
			"faces": {
				"north": {"uv": [7.75, 3.5, 8.25, 3.75], "texture": "#5"},
				"east": {"uv": [1.25, 3.5, 1.5, 3.75], "texture": "#5"},
				"south": {"uv": [7.75, 3.5, 8.25, 3.75], "texture": "#5"},
				"west": {"uv": [14.5, 3.5, 14.75, 3.75], "texture": "#5"},
				"up": {"uv": [7.75, 14.5, 8.25, 14.75], "texture": "#5"},
				"down": {"uv": [7.75, 1.25, 8.25, 1.5], "texture": "#5"}
			}
		},
		{
			"from": [7.75, 12, 14.25],
			"to": [8.25, 12.25, 14.5],
			"faces": {
				"north": {"uv": [7.75, 3.75, 8.25, 4], "texture": "#5"},
				"east": {"uv": [1.5, 3.75, 1.75, 4], "texture": "#5"},
				"south": {"uv": [7.75, 3.75, 8.25, 4], "texture": "#5"},
				"west": {"uv": [14.25, 3.75, 14.5, 4], "texture": "#5"},
				"up": {"uv": [7.75, 14.25, 8.25, 14.5], "texture": "#5"},
				"down": {"uv": [7.75, 1.5, 8.25, 1.75], "texture": "#5"}
			}
		},
		{
			"from": [7.75, 12, 13.25],
			"to": [8.25, 12.5, 13.75],
			"faces": {
				"north": {"uv": [4.5, 7.5, 7, 10], "texture": "#5"},
				"east": {"uv": [4.5, 7.5, 7, 10], "texture": "#5"},
				"south": {"uv": [4.5, 7.5, 7, 10], "texture": "#5"},
				"west": {"uv": [4.5, 7.5, 7, 10], "texture": "#5"},
				"up": {"uv": [4.5, 7.5, 7, 10], "texture": "#5"},
				"down": {"uv": [4.5, 7.5, 7, 10], "texture": "#5"}
			}
		},
		{
			"from": [7.75, 12, 13.75],
			"to": [8.25, 12.25, 14],
			"faces": {
				"north": {"uv": [7.75, 3.75, 8.25, 4], "texture": "#5"},
				"east": {"uv": [2, 3.75, 2.25, 4], "texture": "#5"},
				"south": {"uv": [7.75, 3.75, 8.25, 4], "texture": "#5"},
				"west": {"uv": [13.75, 3.75, 14, 4], "texture": "#5"},
				"up": {"uv": [7.75, 13.75, 8.25, 14], "texture": "#5"},
				"down": {"uv": [7.75, 2, 8.25, 2.25], "texture": "#5"}
			}
		},
		{
			"from": [7.75, 11.5, 13.25],
			"to": [8, 12, 13.5],
			"faces": {
				"north": {"uv": [4.5, 7.5, 7, 10], "texture": "#5"},
				"east": {"uv": [4.5, 7.5, 7, 10], "texture": "#5"},
				"south": {"uv": [4.5, 7.5, 7, 10], "texture": "#5"},
				"west": {"uv": [4.5, 7.5, 7, 10], "texture": "#5"},
				"up": {"uv": [4.5, 7.5, 7, 10], "texture": "#5"},
				"down": {"uv": [4.5, 7.5, 7, 10], "texture": "#5"}
			}
		},
		{
			"from": [7.75, 11, 13.5],
			"to": [8, 11.5, 13.75],
			"faces": {
				"north": {"uv": [4.5, 7.5, 7, 10], "texture": "#5"},
				"east": {"uv": [4.5, 7.5, 7, 10], "texture": "#5"},
				"south": {"uv": [4.5, 7.5, 7, 10], "texture": "#5"},
				"west": {"uv": [4.5, 7.5, 7, 10], "texture": "#5"},
				"up": {"uv": [4.5, 7.5, 7, 10], "texture": "#5"},
				"down": {"uv": [4.5, 7.5, 7, 10], "texture": "#5"}
			}
		},
		{
			"from": [7.75, 11, 13],
			"to": [8, 11.5, 13.25],
			"faces": {
				"north": {"uv": [4.5, 7.5, 7, 10], "texture": "#5"},
				"east": {"uv": [4.5, 7.5, 7, 10], "texture": "#5"},
				"south": {"uv": [4.5, 7.5, 7, 10], "texture": "#5"},
				"west": {"uv": [4.5, 7.5, 7, 10], "texture": "#5"},
				"up": {"uv": [4.5, 7.5, 7, 10], "texture": "#5"},
				"down": {"uv": [4.5, 7.5, 7, 10], "texture": "#5"}
			}
		},
		{
			"from": [8, 10.5, 13.25],
			"to": [8.25, 11, 13.5],
			"faces": {
				"north": {"uv": [4.5, 7.5, 7, 10], "texture": "#5"},
				"east": {"uv": [4.5, 7.5, 7, 10], "texture": "#5"},
				"south": {"uv": [4.5, 7.5, 7, 10], "texture": "#5"},
				"west": {"uv": [4.5, 7.5, 7, 10], "texture": "#5"},
				"up": {"uv": [4.5, 7.5, 7, 10], "texture": "#5"},
				"down": {"uv": [4.5, 7.5, 7, 10], "texture": "#5"}
			}
		},
		{
			"from": [7.5, 10.5, 13.25],
			"to": [7.75, 11, 13.5],
			"faces": {
				"north": {"uv": [4.5, 7.5, 7, 10], "texture": "#5"},
				"east": {"uv": [4.5, 7.5, 7, 10], "texture": "#5"},
				"south": {"uv": [4.5, 7.5, 7, 10], "texture": "#5"},
				"west": {"uv": [4.5, 7.5, 7, 10], "texture": "#5"},
				"up": {"uv": [4.5, 7.5, 7, 10], "texture": "#5"},
				"down": {"uv": [4.5, 7.5, 7, 10], "texture": "#5"}
			}
		},
		{
			"from": [7.75, 10, 13.5],
			"to": [8, 10.5, 13.75],
			"faces": {
				"north": {"uv": [4.5, 7.5, 7, 10], "texture": "#5"},
				"east": {"uv": [4.5, 7.5, 7, 10], "texture": "#5"},
				"south": {"uv": [4.5, 7.5, 7, 10], "texture": "#5"},
				"west": {"uv": [4.5, 7.5, 7, 10], "texture": "#5"},
				"up": {"uv": [4.5, 7.5, 7, 10], "texture": "#5"},
				"down": {"uv": [4.5, 7.5, 7, 10], "texture": "#5"}
			}
		},
		{
			"from": [7.75, 10, 13],
			"to": [8, 10.5, 13.25],
			"faces": {
				"north": {"uv": [4.5, 7.5, 7, 10], "texture": "#5"},
				"east": {"uv": [4.5, 7.5, 7, 10], "texture": "#5"},
				"south": {"uv": [4.5, 7.5, 7, 10], "texture": "#5"},
				"west": {"uv": [4.5, 7.5, 7, 10], "texture": "#5"},
				"up": {"uv": [4.5, 7.5, 7, 10], "texture": "#5"},
				"down": {"uv": [4.5, 7.5, 7, 10], "texture": "#5"}
			}
		},
		{
			"from": [8, 9.5, 13.25],
			"to": [8.25, 10, 13.5],
			"faces": {
				"north": {"uv": [4.5, 7.5, 7, 10], "texture": "#5"},
				"east": {"uv": [4.5, 7.5, 7, 10], "texture": "#5"},
				"south": {"uv": [4.5, 7.5, 7, 10], "texture": "#5"},
				"west": {"uv": [4.5, 7.5, 7, 10], "texture": "#5"},
				"up": {"uv": [4.5, 7.5, 7, 10], "texture": "#5"},
				"down": {"uv": [4.5, 7.5, 7, 10], "texture": "#5"}
			}
		},
		{
			"from": [7.5, 9.5, 13.25],
			"to": [7.75, 10, 13.5],
			"faces": {
				"north": {"uv": [4.5, 7.5, 7, 10], "texture": "#5"},
				"east": {"uv": [4.5, 7.5, 7, 10], "texture": "#5"},
				"south": {"uv": [4.5, 7.5, 7, 10], "texture": "#5"},
				"west": {"uv": [4.5, 7.5, 7, 10], "texture": "#5"},
				"up": {"uv": [4.5, 7.5, 7, 10], "texture": "#5"},
				"down": {"uv": [4.5, 7.5, 7, 10], "texture": "#5"}
			}
		},
		{
			"from": [7.75, 9, 13.25],
			"to": [8, 9.5, 13.5],
			"faces": {
				"north": {"uv": [4.5, 7.5, 7, 10], "texture": "#5"},
				"east": {"uv": [4.5, 7.5, 7, 10], "texture": "#5"},
				"south": {"uv": [4.5, 7.5, 7, 10], "texture": "#5"},
				"west": {"uv": [4.5, 7.5, 7, 10], "texture": "#5"},
				"up": {"uv": [4.5, 7.5, 7, 10], "texture": "#5"},
				"down": {"uv": [4.5, 7.5, 7, 10], "texture": "#5"}
			}
		},
		{
			"from": [7.5, 8.75, 13],
			"to": [8.25, 9, 13.75],
			"faces": {
				"north": {"uv": [7, 11, 10.75, 15.25], "texture": "#5"},
				"east": {"uv": [11, 11, 11.75, 11.25], "texture": "#5"},
				"south": {"uv": [7.5, 11, 8.25, 11.25], "texture": "#5"},
				"west": {"uv": [4.25, 11, 5, 11.25], "texture": "#5"},
				"up": {"uv": [7.5, 4.25, 8.25, 5], "texture": "#5"},
				"down": {"uv": [7.5, 11, 8.25, 11.75], "texture": "#5"}
			}
		},
		{
			"from": [7.5, 5.5, 13],
			"to": [8.25, 5.75, 13.75],
			"faces": {
				"north": {"uv": [7, 11, 10.75, 15.25], "texture": "#5"},
				"east": {"uv": [11, 14.25, 11.75, 14.5], "texture": "#5"},
				"south": {"uv": [7.5, 14.25, 8.25, 14.5], "texture": "#5"},
				"west": {"uv": [4.25, 14.25, 5, 14.5], "texture": "#5"},
				"up": {"uv": [7.5, 4.25, 8.25, 5], "texture": "#5"},
				"down": {"uv": [7.5, 11, 8.25, 11.75], "texture": "#5"}
			}
		},
		{
			"from": [6.75, 10, 15.5],
			"to": [7, 11.5, 16],
			"faces": {
				"north": {"uv": [7, 10, 8, 15.25], "texture": "#5"},
				"east": {"uv": [8.75, 8, 9.25, 10.25], "texture": "#5"},
				"south": {"uv": [6, 8, 6.25, 10.25], "texture": "#5"},
				"west": {"uv": [6.75, 8, 7.25, 10.25], "texture": "#5"},
				"up": {"uv": [6, 6.75, 6.25, 7.25], "texture": "#5"},
				"down": {"uv": [6, 8.75, 6.25, 9.25], "texture": "#5"}
			}
		},
		{
			"from": [9, 10, 15.5],
			"to": [9.25, 11.5, 16],
			"faces": {
				"north": {"uv": [8, 8, 9.25, 15.25], "texture": "#5"},
				"east": {"uv": [8, 8, 9.25, 15.25], "texture": "#5"},
				"south": {"uv": [8, 8, 9.25, 15.25], "texture": "#5"},
				"west": {"uv": [8, 8, 9.25, 15.25], "texture": "#5"},
				"up": {"uv": [8, 8, 9.25, 15.25], "texture": "#5"},
				"down": {"uv": [8, 8, 9.25, 15.25], "texture": "#5"}
			}
		},
		{
			"from": [7.5, 6, 13],
			"to": [8.25, 8.5, 13.75],
			"faces": {
				"north": {"uv": [6.75, 6.5, 9.5, 11], "texture": "#3"},
				"east": {"uv": [6.75, 6.5, 9.5, 11], "texture": "#3"},
				"south": {"uv": [6.75, 6.5, 9.5, 11], "texture": "#3"},
				"west": {"uv": [6.75, 6.5, 9.5, 11], "texture": "#3"},
				"up": {"uv": [6.75, 6.5, 9.5, 11], "texture": "#3"},
				"down": {"uv": [6.75, 6.5, 9.5, 11], "texture": "#3"}
			}
		},
		{
			"from": [7.25, 8.5, 12.75],
			"to": [8.5, 8.75, 14],
			"faces": {
				"north": {"uv": [7.5, 7.25, 8.75, 7.5], "texture": "#1"},
				"east": {"uv": [1.75, 7.25, 3, 7.5], "texture": "#1"},
				"south": {"uv": [7.25, 7.25, 8.5, 7.5], "texture": "#1"},
				"west": {"uv": [13, 7.25, 14.25, 7.5], "texture": "#1"},
				"up": {"uv": [10, 10, 16.25, 16.25], "texture": "#1"},
				"down": {"uv": [7.25, 1.75, 8.5, 3], "texture": "#1"}
			}
		},
		{
			"from": [7.25, 5.75, 12.75],
			"to": [8.5, 6, 14],
			"faces": {
				"north": {"uv": [7.5, 10, 8.75, 10.25], "texture": "#1"},
				"east": {"uv": [1.75, 10, 3, 10.25], "texture": "#1"},
				"south": {"uv": [7.25, 10, 8.5, 10.25], "texture": "#1"},
				"west": {"uv": [13, 10, 14.25, 10.25], "texture": "#1"},
				"up": {"uv": [10, 10, 16.25, 16.25], "texture": "#1"},
				"down": {"uv": [7.25, 1.75, 8.5, 3], "texture": "#1"}
			}
		},
		{
			"from": [7.25, 10.25, 15.25],
			"to": [7.5, 11.25, 15.5],
			"faces": {
				"north": {"uv": [9, 7, 10.25, 11], "texture": "#5"},
				"east": {"uv": [9, 7, 10.25, 11], "texture": "#5"},
				"south": {"uv": [9, 7, 10.25, 11], "texture": "#5"},
				"west": {"uv": [9, 7, 10.25, 11], "texture": "#5"},
				"up": {"uv": [9, 7, 10.25, 11], "texture": "#5"},
				"down": {"uv": [9, 7, 10.25, 11], "texture": "#5"}
			}
		},
		{
			"from": [8.5, 10.25, 15.25],
			"to": [8.75, 11.25, 15.5],
			"faces": {
				"north": {"uv": [10, 5, 11.25, 10], "texture": "#5"},
				"east": {"uv": [10, 5, 11.25, 10], "texture": "#5"},
				"south": {"uv": [10, 5, 11.25, 10], "texture": "#5"},
				"west": {"uv": [10, 5, 11.25, 10], "texture": "#5"},
				"up": {"uv": [10, 5, 11.25, 10], "texture": "#5"},
				"down": {"uv": [10, 5, 11.25, 10], "texture": "#5"}
			}
		},
		{
			"from": [7.5, 10, 15.25],
			"to": [8.5, 10.75, 15.5],
			"faces": {
				"north": {"uv": [8, 5, 11.25, 8], "texture": "#5"},
				"east": {"uv": [10, 5, 11.25, 10], "texture": "#5"},
				"south": {"uv": [10, 5, 11.25, 10], "texture": "#5"},
				"west": {"uv": [10, 5, 11.25, 10], "texture": "#5"},
				"up": {"uv": [10, 5, 11.25, 10], "texture": "#5"},
				"down": {"uv": [10, 5, 11.25, 10], "texture": "#5"}
			}
		},
		{
			"from": [7, 9.75, 15.5],
			"to": [9, 11.75, 16],
			"faces": {
				"north": {"uv": [6.25, 7.25, 13.75, 15.5], "texture": "#5"},
				"east": {"uv": [8.75, 7.25, 9.25, 10.5], "texture": "#5"},
				"south": {"uv": [6.25, 7.25, 9.75, 10.5], "texture": "#5"},
				"west": {"uv": [6.75, 7.25, 7.25, 10.5], "texture": "#5"},
				"up": {"uv": [6.25, 6.75, 9.75, 7.25], "texture": "#5"},
				"down": {"uv": [6.25, 8.75, 9.75, 9.25], "texture": "#5"}
			}
		},
		{
			"from": [7.25, 9.5, 15.5],
			"to": [8.75, 9.75, 16],
			"faces": {
				"north": {"uv": [7, 7, 16, 8.25], "texture": "#5"},
				"east": {"uv": [8.75, 7, 9.25, 7.25], "texture": "#5"},
				"south": {"uv": [7, 7, 9, 7.25], "texture": "#5"},
				"west": {"uv": [6.75, 7, 7.25, 7.25], "texture": "#5"},
				"up": {"uv": [7, 6.75, 9, 7.25], "texture": "#5"},
				"down": {"uv": [7, 8.75, 9, 9.25], "texture": "#5"}
			}
		}
	],
	"display": {
		"thirdperson_righthand": {
			"rotation": [0, 172, 10],
			"translation": [-0.5, 0, 4.25],
			"scale": [0.8, 0.8, 0.8]
		},
		"firstperson_righthand": {
			"rotation": [9, 83, -19],
			"translation": [-1, -0.25, 0],
			"scale": [0.8, 0.8, 0.8]
		},
		"ground": {
			"translation": [0, -0.5, -5.5],
			"scale": [0.75, 0.75, 0.75]
		},
		"gui": {
			"rotation": [30, -135, 0],
			"translation": [7.75, -5, 0],
			"scale": [1.7, 1.7, 1.7]
		},
		"fixed": {
			"translation": [0, 0, -9.5],
			"scale": [1.2, 1.2, 1.2]
		}
	}
}