{
  "credit": "Thanks Jannis for the Blockbench.",
  "parent": "block/cube",
  "ambientocclusion": false,
	"textures": {
		"0": "rsgauges:blocks/common/darkroughmetal",
		"3": "rsgauges:blocks/common/old_wood",
		"5": "rsgauges:blocks/common/old_iron",
		"particle": "rsgauges:blocks/common/old_iron"
	},
  "display": {
    "gui":    { "rotation": [ 0, 180, 0 ], "translation": [  0.00, 0.50,   0.00 ], "scale": [ 1.20, 1.20, 1.20 ] },
    "fixed":  { "rotation": [ 0,   0, 0 ], "translation": [  0.00, 0.00, -11.00 ], "scale": [ 1.20, 1.20, 1.20 ] },
    "ground": { "rotation": [ 0,   0, 0 ], "translation": [  0.00, 0.00,  -7.00 ], "scale": [ 0.75, 0.75, 0.75 ] }
  },
	"elements": [
		{
			"from": [6.75, 9.5, 15.5],
			"to": [9.25, 9.75, 16],
			"faces": {
				"north": {"uv": [6.5, 6, 9, 6.25], "texture": "#5"},
				"east": {"uv": [6.5, 6, 7, 6.25], "texture": "#5"},
				"south": {"uv": [6.5, 6, 9, 6.25], "texture": "#5"},
				"west": {"uv": [6.5, 6, 7, 6.25], "texture": "#5"},
				"up": {"uv": [3, 9, 5.5, 9.5], "texture": "#5"},
				"down": {"uv": [6.5, 6, 9, 6.5], "texture": "#5"}
			}
		},
		{
			"from": [7, 6.5, 15.5],
			"to": [9, 9.5, 16],
			"faces": {
				"north": {"uv": [2, 0, 8, 7.5], "texture": "#5"},
				"east": {"uv": [4, 1, 5.5, 13.5], "texture": "#5"},
				"south": {"uv": [6.25, 6.25, 8.25, 9.75], "texture": "#5"},
				"west": {"uv": [7, 4, 8.5, 15.5], "texture": "#5"},
				"up": {"uv": [3, 8, 5, 8.5], "texture": "#5"},
				"down": {"uv": [4, 7, 6, 7.5], "texture": "#5"}
			}
		},
		{
			"from": [6.75, 6.25, 15.5],
			"to": [9.25, 6.5, 16],
			"faces": {
				"north": {"uv": [6.5, 9.75, 9, 10], "texture": "#5"},
				"east": {"uv": [0, 9.75, 0.5, 10], "texture": "#5"},
				"south": {"uv": [6.5, 9.75, 9, 10], "texture": "#5"},
				"west": {"uv": [15.5, 9.75, 16, 10], "texture": "#5"},
				"up": {"uv": [6.5, 15.5, 9, 16], "texture": "#5"},
				"down": {"uv": [4, 5, 6.5, 5.5], "texture": "#5"}
			}
		},
		{
			"from": [6, 8.25, 15.5],
			"to": [6.25, 9, 16],
			"faces": {
				"north": {"uv": [9, 5, 9.25, 5.75], "texture": "#5"},
				"east": {"uv": [0, 6.25, 0.5, 7], "texture": "#5"},
				"south": {"uv": [6, 9, 6.25, 9.75], "texture": "#5"},
				"west": {"uv": [5, 4, 5.5, 4.75], "texture": "#5"},
				"up": {"uv": [6.25, 15.5, 6.5, 16], "texture": "#5"},
				"down": {"uv": [6.25, 0, 6.5, 0.5], "texture": "#5"}
			}
		},
		{
			"from": [6.25, 6.75, 15.5],
			"to": [6.5, 9.25, 16],
			"faces": {
				"north": {"uv": [2, 2, 2.25, 4.5], "texture": "#5"},
				"east": {"uv": [4, 1, 4.5, 3.5], "texture": "#5"},
				"south": {"uv": [6.25, 6.25, 6.5, 8.75], "texture": "#5"},
				"west": {"uv": [7, 4, 7.5, 6.5], "texture": "#5"},
				"up": {"uv": [1, 12, 1.25, 12.5], "texture": "#5"},
				"down": {"uv": [6.25, 0, 6.5, 0.5], "texture": "#5"}
			}
		},
		{
			"from": [9.5, 6.75, 15.5],
			"to": [9.75, 9.25, 16],
			"faces": {
				"north": {"uv": [2, 2, 2.25, 4.5], "texture": "#5"},
				"east": {"uv": [4, 1, 4.5, 3.5], "texture": "#5"},
				"south": {"uv": [6.25, 6.25, 6.5, 8.75], "texture": "#5"},
				"west": {"uv": [8, 4, 8.5, 6.5], "texture": "#5"},
				"up": {"uv": [1, 12, 1.25, 12.5], "texture": "#5"},
				"down": {"uv": [6.25, 0, 6.5, 0.5], "texture": "#5"}
			}
		},
		{
			"from": [9.75, 8.25, 15.5],
			"to": [10, 9, 16],
			"faces": {
				"north": {"uv": [4.25, 2.25, 4.5, 3], "texture": "#5"},
				"east": {"uv": [8, 4, 8.5, 4.75], "texture": "#5"},
				"south": {"uv": [6.25, 6.25, 6.5, 7], "texture": "#5"},
				"west": {"uv": [15.5, 6.25, 16, 7], "texture": "#5"},
				"up": {"uv": [6.25, 15.5, 6.5, 16], "texture": "#5"},
				"down": {"uv": [6.25, 0, 6.5, 0.5], "texture": "#5"}
			}
		},
		{
			"from": [7, 6, 15.5],
			"to": [7.75, 6.25, 16],
			"faces": {
				"north": {"uv": [6.5, 9.75, 7.25, 10], "texture": "#5"},
				"east": {"uv": [0, 9.75, 0.5, 10], "texture": "#5"},
				"south": {"uv": [6.5, 9.75, 7.25, 10], "texture": "#5"},
				"west": {"uv": [15.5, 9.75, 16, 10], "texture": "#5"},
				"up": {"uv": [6.5, 15.5, 7.25, 16], "texture": "#5"},
				"down": {"uv": [6, 3, 6.75, 3.5], "texture": "#5"}
			}
		},
		{
			"from": [7, 9.75, 15.5],
			"to": [7.75, 10, 16],
			"faces": {
				"north": {"uv": [6.5, 9.75, 7.25, 10], "texture": "#5"},
				"east": {"uv": [0, 9.75, 0.5, 10], "texture": "#5"},
				"south": {"uv": [6.5, 9.75, 7.25, 10], "texture": "#5"},
				"west": {"uv": [15.5, 9.75, 16, 10], "texture": "#5"},
				"up": {"uv": [4, 6, 4.75, 6.5], "texture": "#5"},
				"down": {"uv": [6, 3, 6.75, 3.5], "texture": "#5"}
			}
		},
		{
			"from": [9.25, 7.5, 15.25],
			"to": [9.5, 8.5, 15.5],
			"faces": {
				"north": {"uv": [6.25, 6.25, 9.5, 11.25], "texture": "#5"},
				"east": {"uv": [0, 6.25, 0.25, 7.25], "texture": "#5"},
				"south": {"uv": [6.25, 6.25, 6.5, 7.25], "texture": "#5"},
				"west": {"uv": [15.5, 6.25, 15.75, 7.25], "texture": "#5"},
				"up": {"uv": [6.25, 15.5, 6.5, 15.75], "texture": "#5"},
				"down": {"uv": [6.25, 0, 6.5, 0.25], "texture": "#5"}
			}
		},
		{
			"from": [6.5, 7.5, 15.25],
			"to": [6.75, 8.5, 15.5],
			"faces": {
				"north": {"uv": [2, 3, 5.25, 8], "texture": "#5"},
				"east": {"uv": [0, 6.25, 0.25, 7.25], "texture": "#5"},
				"south": {"uv": [6.25, 6.25, 6.5, 7.25], "texture": "#5"},
				"west": {"uv": [15.5, 6.25, 15.75, 7.25], "texture": "#5"},
				"up": {"uv": [6.25, 15.5, 6.5, 15.75], "texture": "#5"},
				"down": {"uv": [6.25, 0, 6.5, 0.25], "texture": "#5"}
			}
		},
		{
			"from": [7.5, 9.25, 15.25],
			"to": [8.5, 9.5, 15.5],
			"faces": {
				"north": {"uv": [6.5, 6, 8.5, 9.25], "texture": "#5"},
				"east": {"uv": [0, 6, 0.25, 6.25], "texture": "#5"},
				"south": {"uv": [6.5, 6, 7.5, 6.25], "texture": "#5"},
				"west": {"uv": [15, 6, 15.25, 6.25], "texture": "#5"},
				"up": {"uv": [6.5, 15, 7.5, 15.25], "texture": "#5"},
				"down": {"uv": [6.5, 0, 7.5, 0.25], "texture": "#5"}
			}
		},
		{
			"from": [7.5, 6.5, 15.25],
			"to": [8.5, 6.75, 15.5],
			"faces": {
				"north": {"uv": [6.5, 5, 12.5, 11.25], "texture": "#5"},
				"east": {"uv": [0, 6, 0.25, 6.25], "texture": "#5"},
				"south": {"uv": [6.5, 6, 7.5, 6.25], "texture": "#5"},
				"west": {"uv": [15, 6, 15.25, 6.25], "texture": "#5"},
				"up": {"uv": [6.5, 15, 7.5, 15.25], "texture": "#5"},
				"down": {"uv": [6.5, 0, 7.5, 0.25], "texture": "#5"}
			}
		},
		{
			"from": [9.5, 7.75, 15.25],
			"to": [9.75, 8.25, 15.5],
			"faces": {
				"north": {"uv": [6.25, 6.25, 9.5, 11.25], "texture": "#5"},
				"east": {"uv": [0, 6.25, 0.25, 6.75], "texture": "#5"},
				"south": {"uv": [6.25, 6.25, 6.5, 6.75], "texture": "#5"},
				"west": {"uv": [15.5, 6.25, 15.75, 6.75], "texture": "#5"},
				"up": {"uv": [6.25, 15.5, 6.5, 15.75], "texture": "#5"},
				"down": {"uv": [6.25, 0, 6.5, 0.25], "texture": "#5"}
			}
		},
		{
			"from": [6.25, 7.75, 15.25],
			"to": [6.5, 8.25, 15.5],
			"faces": {
				"north": {"uv": [6.25, 5.75, 8.5, 9.75], "texture": "#5"},
				"east": {"uv": [0, 6.25, 0.25, 6.75], "texture": "#5"},
				"south": {"uv": [6.25, 6.25, 6.5, 6.75], "texture": "#5"},
				"west": {"uv": [15.5, 6.25, 15.75, 6.75], "texture": "#5"},
				"up": {"uv": [6.25, 15.5, 6.5, 15.75], "texture": "#5"},
				"down": {"uv": [6.25, 0, 6.5, 0.25], "texture": "#5"}
			}
		},
		{
			"from": [7.75, 9.5, 15.25],
			"to": [8.25, 9.75, 15.5],
			"faces": {
				"north": {"uv": [2, 5, 4.5, 10.25], "texture": "#5"},
				"east": {"uv": [0, 6, 0.25, 6.25], "texture": "#5"},
				"south": {"uv": [6.5, 6, 7, 6.25], "texture": "#5"},
				"west": {"uv": [15, 6, 15.25, 6.25], "texture": "#5"},
				"up": {"uv": [6.5, 15, 7, 15.25], "texture": "#5"},
				"down": {"uv": [6.5, 0, 7, 0.25], "texture": "#5"}
			}
		},
		{
			"from": [7.75, 6.25, 15.25],
			"to": [8.25, 6.5, 15.5],
			"faces": {
				"north": {"uv": [6.5, 5, 12.5, 11.25], "texture": "#5"},
				"east": {"uv": [0, 6, 0.25, 6.25], "texture": "#5"},
				"south": {"uv": [6.5, 6, 7, 6.25], "texture": "#5"},
				"west": {"uv": [15, 6, 15.25, 6.25], "texture": "#5"},
				"up": {"uv": [6.5, 15, 7, 15.25], "texture": "#5"},
				"down": {"uv": [6.5, 0, 7, 0.25], "texture": "#5"}
			}
		},
		{
			"from": [6.5, 7, 15.5],
			"to": [7, 9, 16],
			"faces": {
				"north": {"uv": [2, 0, 4, 7.5], "texture": "#5"},
				"east": {"uv": [4, 1, 7.5, 13.5], "texture": "#5"},
				"south": {"uv": [6.25, 6.25, 8.25, 9.75], "texture": "#5"},
				"west": {"uv": [7, 4, 10.5, 15.5], "texture": "#5"},
				"up": {"uv": [3, 8, 5, 8.5], "texture": "#5"},
				"down": {"uv": [4, 7, 6, 7.5], "texture": "#5"}
			}
		},
		{
			"from": [9, 7, 15.5],
			"to": [9.5, 9, 16],
			"faces": {
				"north": {"uv": [2, 0, 4, 4.5], "texture": "#5"},
				"east": {"uv": [4, 1, 7.5, 13.5], "texture": "#5"},
				"south": {"uv": [6.25, 6.25, 8.25, 9.75], "texture": "#5"},
				"west": {"uv": [7, 4, 10.5, 15.5], "texture": "#5"},
				"up": {"uv": [3, 8, 5, 8.5], "texture": "#5"},
				"down": {"uv": [4, 7, 6, 7.5], "texture": "#5"}
			}
		},
		{
			"from": [8.25, 9.75, 15.5],
			"to": [9, 10, 16],
			"faces": {
				"north": {"uv": [6.5, 9.75, 7.25, 10], "texture": "#5"},
				"east": {"uv": [0, 9.75, 0.5, 10], "texture": "#5"},
				"south": {"uv": [6.5, 9.75, 7.25, 10], "texture": "#5"},
				"west": {"uv": [15.5, 9.75, 16, 10], "texture": "#5"},
				"up": {"uv": [4, 6, 4.75, 6.5], "texture": "#5"},
				"down": {"uv": [6, 3, 6.75, 3.5], "texture": "#5"}
			}
		},
		{
			"from": [8.25, 6, 15.5],
			"to": [9, 6.25, 16],
			"faces": {
				"north": {"uv": [6.5, 9.75, 7.25, 10], "texture": "#5"},
				"east": {"uv": [0, 9.75, 0.5, 10], "texture": "#5"},
				"south": {"uv": [6.5, 9.75, 7.25, 10], "texture": "#5"},
				"west": {"uv": [15.5, 9.75, 16, 10], "texture": "#5"},
				"up": {"uv": [6.5, 15.5, 7.25, 16], "texture": "#5"},
				"down": {"uv": [6, 3, 6.75, 3.5], "texture": "#5"}
			}
		},
		{
			"from": [9.75, 7, 15.5],
			"to": [10, 7.75, 16],
			"faces": {
				"north": {"uv": [4.25, 2.25, 4.5, 3], "texture": "#5"},
				"east": {"uv": [8, 4, 8.5, 4.75], "texture": "#5"},
				"south": {"uv": [6.25, 6.25, 6.5, 7], "texture": "#5"},
				"west": {"uv": [15.5, 6.25, 16, 7], "texture": "#5"},
				"up": {"uv": [6.25, 15.5, 6.5, 16], "texture": "#5"},
				"down": {"uv": [6.25, 0, 6.5, 0.5], "texture": "#5"}
			}
		},
		{
			"from": [6, 7, 15.5],
			"to": [6.25, 7.75, 16],
			"faces": {
				"north": {"uv": [9, 5, 9.25, 5.75], "texture": "#5"},
				"east": {"uv": [0, 6.25, 0.5, 7], "texture": "#5"},
				"south": {"uv": [6, 9, 6.25, 9.75], "texture": "#5"},
				"west": {"uv": [5, 4, 5.5, 4.75], "texture": "#5"},
				"up": {"uv": [6.25, 15.5, 6.5, 16], "texture": "#5"},
				"down": {"uv": [6.25, 0, 6.5, 0.5], "texture": "#5"}
			}
		},
		{
			"from": [7.25, 9.25, 14.5],
			"to": [8.75, 9.5, 15.25],
			"faces": {
				"north": {"uv": [6.5, 6, 8, 6.25], "texture": "#5"},
				"east": {"uv": [0, 6, 0.75, 6.25], "texture": "#5"},
				"south": {"uv": [6.5, 6, 8, 6.25], "texture": "#5"},
				"west": {"uv": [15, 6, 15.75, 6.25], "texture": "#5"},
				"up": {"uv": [6.5, 15, 8, 15.75], "texture": "#5"},
				"down": {"uv": [6.5, 0, 8, 0.75], "texture": "#5"}
			}
		},
		{
			"from": [9.25, 7.25, 14.5],
			"to": [9.5, 8.75, 15.25],
			"faces": {
				"north": {"uv": [6, 6.5, 6.25, 8], "texture": "#5"},
				"east": {"uv": [0, 6.5, 0.75, 8], "texture": "#5"},
				"south": {"uv": [9.75, 6.5, 10, 8], "texture": "#5"},
				"west": {"uv": [15, 6.5, 15.75, 8], "texture": "#5"},
				"up": {"uv": [9.75, 15, 10, 15.75], "texture": "#5"},
				"down": {"uv": [9.75, 0, 10, 0.75], "texture": "#5"}
			}
		},
		{
			"from": [7.25, 6.5, 14.5],
			"to": [8.75, 6.75, 15.25],
			"faces": {
				"north": {"uv": [6.5, 6, 8, 6.25], "texture": "#5"},
				"east": {"uv": [0, 6, 0.75, 6.25], "texture": "#5"},
				"south": {"uv": [6.5, 6, 8, 6.25], "texture": "#5"},
				"west": {"uv": [15, 6, 15.75, 6.25], "texture": "#5"},
				"up": {"uv": [6.5, 15, 8, 15.75], "texture": "#5"},
				"down": {"uv": [6.5, 0, 8, 0.75], "texture": "#5"}
			}
		},
		{
			"from": [6.5, 7.25, 14.5],
			"to": [6.75, 8.75, 15.25],
			"faces": {
				"north": {"uv": [6, 6.5, 6.25, 8], "texture": "#5"},
				"east": {"uv": [0, 6.5, 0.75, 8], "texture": "#5"},
				"south": {"uv": [9.75, 6.5, 10, 8], "texture": "#5"},
				"west": {"uv": [15, 6.5, 15.75, 8], "texture": "#5"},
				"up": {"uv": [9.75, 15, 10, 15.75], "texture": "#5"},
				"down": {"uv": [9.75, 0, 10, 0.75], "texture": "#5"}
			}
		},
		{
			"from": [6.75, 8.75, 14.5],
			"to": [7, 9, 15.25],
			"faces": {
				"north": {"uv": [6, 6.5, 6.25, 6.75], "texture": "#5"},
				"east": {"uv": [0, 6.5, 0.75, 6.75], "texture": "#5"},
				"south": {"uv": [9.75, 6.5, 10, 6.75], "texture": "#5"},
				"west": {"uv": [15, 6.5, 15.75, 6.75], "texture": "#5"},
				"up": {"uv": [9.75, 15, 10, 15.75], "texture": "#5"},
				"down": {"uv": [9.75, 0, 10, 0.75], "texture": "#5"}
			}
		},
		{
			"from": [7, 9, 14.5],
			"to": [7.25, 9.25, 15.25],
			"faces": {
				"north": {"uv": [6, 6.5, 6.25, 6.75], "texture": "#5"},
				"east": {"uv": [0, 6.5, 0.75, 6.75], "texture": "#5"},
				"south": {"uv": [9.75, 6.5, 10, 6.75], "texture": "#5"},
				"west": {"uv": [15, 6.5, 15.75, 6.75], "texture": "#5"},
				"up": {"uv": [9.75, 15, 10, 15.75], "texture": "#5"},
				"down": {"uv": [9.75, 0, 10, 0.75], "texture": "#5"}
			}
		},
		{
			"from": [8.75, 9, 14.5],
			"to": [9, 9.25, 15.25],
			"faces": {
				"north": {"uv": [6, 6.5, 6.25, 6.75], "texture": "#5"},
				"east": {"uv": [0, 6.5, 0.75, 6.75], "texture": "#5"},
				"south": {"uv": [9.75, 6.5, 10, 6.75], "texture": "#5"},
				"west": {"uv": [15, 6.5, 15.75, 6.75], "texture": "#5"},
				"up": {"uv": [9.75, 15, 10, 15.75], "texture": "#5"},
				"down": {"uv": [9.75, 0, 10, 0.75], "texture": "#5"}
			}
		},
		{
			"from": [9, 8.75, 14.5],
			"to": [9.25, 9, 15.25],
			"faces": {
				"north": {"uv": [6, 6.5, 6.25, 6.75], "texture": "#5"},
				"east": {"uv": [0, 6.5, 0.75, 6.75], "texture": "#5"},
				"south": {"uv": [9.75, 6.5, 10, 6.75], "texture": "#5"},
				"west": {"uv": [15, 6.5, 15.75, 6.75], "texture": "#5"},
				"up": {"uv": [9.75, 15, 10, 15.75], "texture": "#5"},
				"down": {"uv": [9.75, 0, 10, 0.75], "texture": "#5"}
			}
		},
		{
			"from": [9, 7, 14.5],
			"to": [9.25, 7.25, 15.25],
			"faces": {
				"north": {"uv": [6, 6.5, 6.25, 6.75], "texture": "#5"},
				"east": {"uv": [0, 6.5, 0.75, 6.75], "texture": "#5"},
				"south": {"uv": [9.75, 6.5, 10, 6.75], "texture": "#5"},
				"west": {"uv": [15, 6.5, 15.75, 6.75], "texture": "#5"},
				"up": {"uv": [9.75, 15, 10, 15.75], "texture": "#5"},
				"down": {"uv": [9.75, 0, 10, 0.75], "texture": "#5"}
			}
		},
		{
			"from": [8.75, 6.75, 14.5],
			"to": [9, 7, 15.25],
			"faces": {
				"north": {"uv": [6, 6.5, 6.25, 6.75], "texture": "#5"},
				"east": {"uv": [0, 6.5, 0.75, 6.75], "texture": "#5"},
				"south": {"uv": [9.75, 6.5, 10, 6.75], "texture": "#5"},
				"west": {"uv": [15, 6.5, 15.75, 6.75], "texture": "#5"},
				"up": {"uv": [9.75, 15, 10, 15.75], "texture": "#5"},
				"down": {"uv": [9.75, 0, 10, 0.75], "texture": "#5"}
			}
		},
		{
			"from": [7, 6.75, 14.5],
			"to": [7.25, 7, 15.25],
			"faces": {
				"north": {"uv": [6, 6.5, 6.25, 6.75], "texture": "#5"},
				"east": {"uv": [0, 6.5, 0.75, 6.75], "texture": "#5"},
				"south": {"uv": [9.75, 6.5, 10, 6.75], "texture": "#5"},
				"west": {"uv": [15, 6.5, 15.75, 6.75], "texture": "#5"},
				"up": {"uv": [9.75, 15, 10, 15.75], "texture": "#5"},
				"down": {"uv": [9.75, 0, 10, 0.75], "texture": "#5"}
			}
		},
		{
			"from": [6.75, 7, 14.5],
			"to": [7, 7.25, 15.25],
			"faces": {
				"north": {"uv": [6, 6.5, 6.25, 6.75], "texture": "#5"},
				"east": {"uv": [0, 6.5, 0.75, 6.75], "texture": "#5"},
				"south": {"uv": [9.75, 6.5, 10, 6.75], "texture": "#5"},
				"west": {"uv": [15, 6.5, 15.75, 6.75], "texture": "#5"},
				"up": {"uv": [9.75, 15, 10, 15.75], "texture": "#5"},
				"down": {"uv": [9.75, 0, 10, 0.75], "texture": "#5"}
			}
		},
		{
			"from": [7.75, 7.75, 14.25],
			"to": [8.25, 8.25, 15.5],
			"faces": {
				"north": {"uv": [7.75, 7.75, 8.25, 8.25], "texture": "#5", "rotation": 180},
				"east": {"uv": [0.5, 7.75, 1, 9], "texture": "#5", "rotation": 270},
				"south": {"uv": [7.75, 7.75, 8.25, 8.25], "texture": "#5"},
				"west": {"uv": [14.75, 7.75, 15.25, 9], "texture": "#5", "rotation": 90},
				"up": {"uv": [7.75, 14.75, 8.25, 16], "texture": "#5", "rotation": 180},
				"down": {"uv": [7.75, 0.5, 8.25, 1.75], "texture": "#5"}
			}
		},
		{
			"from": [7.25, 8.75, 14.5],
			"to": [8.75, 9.25, 15.5],
			"faces": {
				"north": {"uv": [7.25, 6.75, 8.75, 7.25], "texture": "#3"},
				"east": {"uv": [0.5, 6.75, 1.5, 7.25], "texture": "#3"},
				"south": {"uv": [7.25, 6.75, 8.75, 7.25], "texture": "#3"},
				"west": {"uv": [14.75, 6.75, 15.75, 7.25], "texture": "#3"},
				"up": {"uv": [7.25, 14.75, 8.75, 15.75], "texture": "#3"},
				"down": {"uv": [7.25, 0.5, 8.75, 1.5], "texture": "#3"}
			}
		},
		{
			"from": [6.75, 7.25, 14.5],
			"to": [7.75, 8.75, 15.5],
			"faces": {
				"north": {"uv": [9, 11, 10, 12.5], "texture": "#3"},
				"east": {"uv": [0.5, 7.25, 1.5, 8.75], "texture": "#3"},
				"south": {"uv": [6.75, 7.25, 7.75, 8.75], "texture": "#3"},
				"west": {"uv": [14.75, 7.25, 15.75, 8.75], "texture": "#3"},
				"up": {"uv": [6.75, 14.75, 7.75, 15.75], "texture": "#3"},
				"down": {"uv": [6.75, 0.5, 7.75, 1.5], "texture": "#3"}
			}
		},
		{
			"from": [7, 8.75, 14.5],
			"to": [7.25, 9, 15.5],
			"faces": {
				"north": {"uv": [8.75, 6, 9, 6.25], "texture": "#3"},
				"east": {"uv": [0.5, 7, 1.5, 7.25], "texture": "#3"},
				"south": {"uv": [7, 7, 7.25, 7.25], "texture": "#3"},
				"west": {"uv": [14.75, 7, 15.75, 7.25], "texture": "#3"},
				"up": {"uv": [7, 14.75, 7.25, 15.75], "texture": "#3"},
				"down": {"uv": [7, 0.5, 7.25, 1.5], "texture": "#3"}
			}
		},
		{
			"from": [8.75, 8.75, 14.5],
			"to": [9, 9, 15.5],
			"faces": {
				"north": {"uv": [7, 7, 7.25, 7.25], "texture": "#3"},
				"east": {"uv": [0.5, 7, 1.5, 7.25], "texture": "#3"},
				"south": {"uv": [8.75, 7, 9, 7.25], "texture": "#3"},
				"west": {"uv": [14.75, 7, 15.75, 7.25], "texture": "#3"},
				"up": {"uv": [8.75, 14.75, 9, 15.75], "texture": "#3"},
				"down": {"uv": [8.75, 0.5, 9, 1.5], "texture": "#3"}
			}
		},
		{
			"from": [8.25, 7.25, 14.5],
			"to": [9.25, 8.75, 15.5],
			"faces": {
				"north": {"uv": [8, 10, 9, 11.5], "texture": "#3"},
				"east": {"uv": [0.5, 7.25, 1.5, 8.75], "texture": "#3"},
				"south": {"uv": [8.25, 7.25, 9.25, 8.75], "texture": "#3"},
				"west": {"uv": [14.75, 7.25, 15.75, 8.75], "texture": "#3"},
				"up": {"uv": [8.25, 14.75, 9.25, 15.75], "texture": "#3"},
				"down": {"uv": [8.25, 0.5, 9.25, 1.5], "texture": "#3"}
			}
		},
		{
			"from": [7.75, 8.25, 14.5],
			"to": [8.25, 8.75, 15.5],
			"faces": {
				"north": {"uv": [7.75, 9.25, 8.25, 9.75], "texture": "#3"},
				"east": {"uv": [0.5, 7.25, 1.5, 7.75], "texture": "#3"},
				"south": {"uv": [7.75, 7.25, 8.25, 7.75], "texture": "#3"},
				"west": {"uv": [14.75, 7.25, 15.75, 7.75], "texture": "#3"},
				"up": {"uv": [7.75, 14.75, 8.25, 15.75], "texture": "#3"},
				"down": {"uv": [7.75, 0.5, 8.25, 1.5], "texture": "#3"}
			}
		},
		{
			"from": [7.75, 7.25, 14.5],
			"to": [8.25, 7.75, 15.5],
			"faces": {
				"north": {"uv": [7.75, 8.25, 8.25, 8.75], "texture": "#3"},
				"east": {"uv": [0.5, 8.25, 1.5, 8.75], "texture": "#3"},
				"south": {"uv": [7.75, 8.25, 8.25, 8.75], "texture": "#3"},
				"west": {"uv": [14.75, 8.25, 15.75, 8.75], "texture": "#3"},
				"up": {"uv": [7.75, 14.75, 8.25, 15.75], "texture": "#3"},
				"down": {"uv": [7.75, 0.5, 8.25, 1.5], "texture": "#3"}
			}
		},
		{
			"from": [7.25, 6.75, 14.5],
			"to": [8.75, 7.25, 15.5],
			"faces": {
				"north": {"uv": [7.25, 9.75, 8.75, 10.25], "texture": "#3"},
				"east": {"uv": [0.5, 8.75, 1.5, 9.25], "texture": "#3"},
				"south": {"uv": [7.25, 8.75, 8.75, 9.25], "texture": "#3"},
				"west": {"uv": [14.75, 8.75, 15.75, 9.25], "texture": "#3"},
				"up": {"uv": [7.25, 14.75, 8.75, 15.75], "texture": "#3"},
				"down": {"uv": [7.25, 0.5, 8.75, 1.5], "texture": "#3"}
			}
		},
		{
			"from": [8.75, 7, 14.5],
			"to": [9, 7.25, 15.5],
			"faces": {
				"north": {"uv": [7, 8.75, 7.25, 9], "texture": "#3"},
				"east": {"uv": [0.5, 8.75, 1.5, 9], "texture": "#3"},
				"south": {"uv": [8.75, 8.75, 9, 9], "texture": "#3"},
				"west": {"uv": [14.75, 8.75, 15.75, 9], "texture": "#3"},
				"up": {"uv": [8.75, 14.75, 9, 15.75], "texture": "#3"},
				"down": {"uv": [8.75, 0.5, 9, 1.5], "texture": "#3"}
			}
		},
		{
			"from": [7, 7, 14.5],
			"to": [7.25, 7.25, 15.25],
			"faces": {
				"north": {"uv": [8.75, 8.75, 9, 9], "texture": "#3"},
				"east": {"uv": [0.5, 8.75, 1.25, 9], "texture": "#3"},
				"south": {"uv": [7, 8.75, 7.25, 9], "texture": "#3"},
				"west": {"uv": [14.75, 8.75, 15.5, 9], "texture": "#3"},
				"up": {"uv": [7, 14.75, 7.25, 15.5], "texture": "#3"},
				"down": {"uv": [7, 0.5, 7.25, 1.25], "texture": "#3"}
			}
		},
		{
			"from": [7.25, 9.5, 14.5],
			"to": [8.75, 9.75, 15.25],
			"faces": {
				"north": {"uv": [7.25, 6.75, 8.75, 7], "texture": "#3"},
				"east": {"uv": [0.5, 6.75, 1.25, 7], "texture": "#3"},
				"south": {"uv": [7.25, 6.75, 8.75, 7], "texture": "#3"},
				"west": {"uv": [14.75, 6.75, 15.5, 7], "texture": "#3"},
				"up": {"uv": [7.25, 14.75, 8.75, 15.5], "texture": "#3"},
				"down": {"uv": [7.25, 0.5, 8.75, 1.25], "texture": "#3"}
			}
		},
		{
			"from": [7.25, 6.25, 14.5],
			"to": [8.75, 6.5, 15.25],
			"faces": {
				"north": {"uv": [7.25, 6.75, 8.75, 7], "texture": "#3"},
				"east": {"uv": [0.5, 6.75, 1.25, 7], "texture": "#3"},
				"south": {"uv": [7.25, 6.75, 8.75, 7], "texture": "#3"},
				"west": {"uv": [14.75, 6.75, 15.5, 7], "texture": "#3"},
				"up": {"uv": [7.25, 14.75, 8.75, 15.5], "texture": "#3"},
				"down": {"uv": [7.25, 0.5, 8.75, 1.25], "texture": "#3"}
			}
		},
		{
			"from": [8.75, 9.25, 14.5],
			"to": [9, 9.5, 15.25],
			"faces": {
				"north": {"uv": [7.25, 6.75, 7.5, 7], "texture": "#3"},
				"east": {"uv": [0.5, 6.75, 1.25, 7], "texture": "#3"},
				"south": {"uv": [7.25, 6.75, 7.5, 7], "texture": "#3"},
				"west": {"uv": [14.75, 6.75, 15.5, 7], "texture": "#3"},
				"up": {"uv": [7.25, 14.75, 7.5, 15.5], "texture": "#3"},
				"down": {"uv": [7.25, 0.5, 7.5, 1.25], "texture": "#3"}
			}
		},
		{
			"from": [9, 9, 14.5],
			"to": [9.25, 9.25, 15.25],
			"faces": {
				"north": {"uv": [7.25, 6.75, 7.5, 7], "texture": "#3"},
				"east": {"uv": [0.5, 6.75, 1.25, 7], "texture": "#3"},
				"south": {"uv": [7.25, 6.75, 7.5, 7], "texture": "#3"},
				"west": {"uv": [14.75, 6.75, 15.5, 7], "texture": "#3"},
				"up": {"uv": [7.25, 14.75, 7.5, 15.5], "texture": "#3"},
				"down": {"uv": [7.25, 0.5, 7.5, 1.25], "texture": "#3"}
			}
		},
		{
			"from": [6.75, 9, 14.5],
			"to": [7, 9.25, 15.25],
			"faces": {
				"north": {"uv": [7.25, 6.75, 7.5, 7], "texture": "#3"},
				"east": {"uv": [0.5, 6.75, 1.25, 7], "texture": "#3"},
				"south": {"uv": [7.25, 6.75, 7.5, 7], "texture": "#3"},
				"west": {"uv": [14.75, 6.75, 15.5, 7], "texture": "#3"},
				"up": {"uv": [7.25, 14.75, 7.5, 15.5], "texture": "#3"},
				"down": {"uv": [7.25, 0.5, 7.5, 1.25], "texture": "#3"}
			}
		},
		{
			"from": [7, 9.25, 14.5],
			"to": [7.25, 9.5, 15.25],
			"faces": {
				"north": {"uv": [7.25, 6.75, 7.5, 7], "texture": "#3"},
				"east": {"uv": [0.5, 6.75, 1.25, 7], "texture": "#3"},
				"south": {"uv": [7.25, 6.75, 7.5, 7], "texture": "#3"},
				"west": {"uv": [14.75, 6.75, 15.5, 7], "texture": "#3"},
				"up": {"uv": [7.25, 14.75, 7.5, 15.5], "texture": "#3"},
				"down": {"uv": [7.25, 0.5, 7.5, 1.25], "texture": "#3"}
			}
		},
		{
			"from": [9.5, 7.25, 14.5],
			"to": [9.75, 8.75, 15.25],
			"faces": {
				"north": {"uv": [7.25, 6.75, 7.5, 8.25], "texture": "#3"},
				"east": {"uv": [0.5, 6.75, 1.25, 8.25], "texture": "#3"},
				"south": {"uv": [7.25, 6.75, 7.5, 8.25], "texture": "#3"},
				"west": {"uv": [14.75, 6.75, 15.5, 8.25], "texture": "#3"},
				"up": {"uv": [7.25, 14.75, 7.5, 15.5], "texture": "#3"},
				"down": {"uv": [7.25, 0.5, 7.5, 1.25], "texture": "#3"}
			}
		},
		{
			"from": [6.25, 7.25, 14.5],
			"to": [6.5, 8.75, 15.25],
			"faces": {
				"north": {"uv": [7.25, 6.75, 7.5, 8.25], "texture": "#3"},
				"east": {"uv": [0.5, 6.75, 1.25, 8.25], "texture": "#3"},
				"south": {"uv": [7.25, 6.75, 7.5, 8.25], "texture": "#3"},
				"west": {"uv": [14.75, 6.75, 15.5, 8.25], "texture": "#3"},
				"up": {"uv": [7.25, 14.75, 7.5, 15.5], "texture": "#3"},
				"down": {"uv": [7.25, 0.5, 7.5, 1.25], "texture": "#3"}
			}
		},
		{
			"from": [6.5, 8.75, 14.5],
			"to": [6.75, 9, 15.25],
			"faces": {
				"north": {"uv": [7.25, 6.75, 7.5, 7], "texture": "#3"},
				"east": {"uv": [0.5, 6.75, 1.25, 7], "texture": "#3"},
				"south": {"uv": [7.25, 6.75, 7.5, 7], "texture": "#3"},
				"west": {"uv": [14.75, 6.75, 15.5, 7], "texture": "#3"},
				"up": {"uv": [7.25, 14.75, 7.5, 15.5], "texture": "#3"},
				"down": {"uv": [7.25, 0.5, 7.5, 1.25], "texture": "#3"}
			}
		},
		{
			"from": [9.25, 8.75, 14.5],
			"to": [9.5, 9, 15.25],
			"faces": {
				"north": {"uv": [7.25, 6.75, 7.5, 7], "texture": "#3"},
				"east": {"uv": [0.5, 6.75, 1.25, 7], "texture": "#3"},
				"south": {"uv": [7.25, 6.75, 7.5, 7], "texture": "#3"},
				"west": {"uv": [14.75, 6.75, 15.5, 7], "texture": "#3"},
				"up": {"uv": [7.25, 14.75, 7.5, 15.5], "texture": "#3"},
				"down": {"uv": [7.25, 0.5, 7.5, 1.25], "texture": "#3"}
			}
		},
		{
			"from": [9.25, 7, 14.5],
			"to": [9.5, 7.25, 15.25],
			"faces": {
				"north": {"uv": [7.25, 6.75, 7.5, 7], "texture": "#3"},
				"east": {"uv": [0.5, 6.75, 1.25, 7], "texture": "#3"},
				"south": {"uv": [7.25, 6.75, 7.5, 7], "texture": "#3"},
				"west": {"uv": [14.75, 6.75, 15.5, 7], "texture": "#3"},
				"up": {"uv": [7.25, 14.75, 7.5, 15.5], "texture": "#3"},
				"down": {"uv": [7.25, 0.5, 7.5, 1.25], "texture": "#3"}
			}
		},
		{
			"from": [6.5, 7, 14.5],
			"to": [6.75, 7.25, 15.25],
			"faces": {
				"north": {"uv": [7.25, 6.75, 7.5, 7], "texture": "#3"},
				"east": {"uv": [0.5, 6.75, 1.25, 7], "texture": "#3"},
				"south": {"uv": [7.25, 6.75, 7.5, 7], "texture": "#3"},
				"west": {"uv": [14.75, 6.75, 15.5, 7], "texture": "#3"},
				"up": {"uv": [7.25, 14.75, 7.5, 15.5], "texture": "#3"},
				"down": {"uv": [7.25, 0.5, 7.5, 1.25], "texture": "#3"}
			}
		},
		{
			"from": [6.75, 6.75, 14.5],
			"to": [7, 7, 15.25],
			"faces": {
				"north": {"uv": [7.25, 6.75, 7.5, 7], "texture": "#3"},
				"east": {"uv": [0.5, 6.75, 1.25, 7], "texture": "#3"},
				"south": {"uv": [7.25, 6.75, 7.5, 7], "texture": "#3"},
				"west": {"uv": [14.75, 6.75, 15.5, 7], "texture": "#3"},
				"up": {"uv": [7.25, 14.75, 7.5, 15.5], "texture": "#3"},
				"down": {"uv": [7.25, 0.5, 7.5, 1.25], "texture": "#3"}
			}
		},
		{
			"from": [9, 6.75, 14.5],
			"to": [9.25, 7, 15.25],
			"faces": {
				"north": {"uv": [7.25, 6.75, 7.5, 7], "texture": "#3"},
				"east": {"uv": [0.5, 6.75, 1.25, 7], "texture": "#3"},
				"south": {"uv": [7.25, 6.75, 7.5, 7], "texture": "#3"},
				"west": {"uv": [14.75, 6.75, 15.5, 7], "texture": "#3"},
				"up": {"uv": [7.25, 14.75, 7.5, 15.5], "texture": "#3"},
				"down": {"uv": [7.25, 0.5, 7.5, 1.25], "texture": "#3"}
			}
		},
		{
			"from": [8.75, 6.5, 14.5],
			"to": [9, 6.75, 15.25],
			"faces": {
				"north": {"uv": [7.25, 6.75, 7.5, 7], "texture": "#3"},
				"east": {"uv": [0.5, 6.75, 1.25, 7], "texture": "#3"},
				"south": {"uv": [7.25, 6.75, 7.5, 7], "texture": "#3"},
				"west": {"uv": [14.75, 6.75, 15.5, 7], "texture": "#3"},
				"up": {"uv": [7.25, 14.75, 7.5, 15.5], "texture": "#3"},
				"down": {"uv": [7.25, 0.5, 7.5, 1.25], "texture": "#3"}
			}
		},
		{
			"from": [7, 6.5, 14.5],
			"to": [7.25, 6.75, 15.25],
			"faces": {
				"north": {"uv": [7.25, 6.75, 7.5, 7], "texture": "#3"},
				"east": {"uv": [0.5, 6.75, 1.25, 7], "texture": "#3"},
				"south": {"uv": [7.25, 6.75, 7.5, 7], "texture": "#3"},
				"west": {"uv": [14.75, 6.75, 15.5, 7], "texture": "#3"},
				"up": {"uv": [7.25, 14.75, 7.5, 15.5], "texture": "#3"},
				"down": {"uv": [7.25, 0.5, 7.5, 1.25], "texture": "#3"}
			}
		},
		{
			"from": [8.25, 7.5, 14.25],
			"to": [8.5, 8.5, 14.5],
			"faces": {
				"north": {"uv": [6, 8, 6.25, 9], "texture": "#3"},
				"east": {"uv": [0.5, 7.25, 0.75, 8.25], "texture": "#3"},
				"south": {"uv": [8.25, 7.25, 8.5, 8.25], "texture": "#3"},
				"west": {"uv": [14.75, 7.25, 15, 8.25], "texture": "#3"},
				"up": {"uv": [8.25, 14.75, 8.5, 15], "texture": "#3"},
				"down": {"uv": [8.25, 0.5, 8.5, 0.75], "texture": "#3"}
			}
		},
		{
			"from": [7.5, 7.5, 14.25],
			"to": [7.75, 8.5, 14.5],
			"faces": {
				"north": {"uv": [3, 5, 3.25, 6], "texture": "#3"},
				"east": {"uv": [0.5, 7.25, 0.75, 8.25], "texture": "#3"},
				"south": {"uv": [8.25, 7.25, 8.5, 8.25], "texture": "#3"},
				"west": {"uv": [14.75, 7.25, 15, 8.25], "texture": "#3"},
				"up": {"uv": [8.25, 14.75, 8.5, 15], "texture": "#3"},
				"down": {"uv": [8.25, 0.5, 8.5, 0.75], "texture": "#3"}
			}
		},
		{
			"from": [7.75, 8.25, 14.25],
			"to": [8.25, 8.75, 14.5],
			"faces": {
				"north": {"uv": [9, 7, 9.5, 7.5], "texture": "#3"},
				"east": {"uv": [0.5, 7.25, 0.75, 7.75], "texture": "#3"},
				"south": {"uv": [8.25, 7.25, 8.75, 7.75], "texture": "#3"},
				"west": {"uv": [14.75, 7.25, 15, 7.75], "texture": "#3"},
				"up": {"uv": [8.25, 14.75, 8.75, 15], "texture": "#3"},
				"down": {"uv": [8.25, 0.5, 8.75, 0.75], "texture": "#3"}
			}
		},
		{
			"from": [7.75, 7.25, 14.25],
			"to": [8.25, 7.75, 14.5],
			"faces": {
				"north": {"uv": [6, 9, 6.5, 9.5], "texture": "#3"},
				"east": {"uv": [0.5, 7.25, 0.75, 7.75], "texture": "#3"},
				"south": {"uv": [8.25, 7.25, 8.75, 7.75], "texture": "#3"},
				"west": {"uv": [14.75, 7.25, 15, 7.75], "texture": "#3"},
				"up": {"uv": [8.25, 14.75, 8.75, 15], "texture": "#3"},
				"down": {"uv": [8.25, 0.5, 8.75, 0.75], "texture": "#3"}
			}
		},
		{
			"from": [7.25, 7.75, 14.25],
			"to": [7.5, 8.25, 14.5],
			"faces": {
				"north": {"uv": [5, 11, 5.25, 11.5], "texture": "#3"},
				"east": {"uv": [0.5, 7.25, 0.75, 7.75], "texture": "#3"},
				"south": {"uv": [8.25, 7.25, 8.5, 7.75], "texture": "#3"},
				"west": {"uv": [14.75, 7.25, 15, 7.75], "texture": "#3"},
				"up": {"uv": [8.25, 14.75, 8.5, 15], "texture": "#3"},
				"down": {"uv": [8.25, 0.5, 8.5, 0.75], "texture": "#3"}
			}
		},
		{
			"from": [8.5, 7.75, 14.25],
			"to": [8.75, 8.25, 14.5],
			"faces": {
				"north": {"uv": [5, 8, 5.25, 8.5], "texture": "#3"},
				"east": {"uv": [0.5, 7.25, 0.75, 7.75], "texture": "#3"},
				"south": {"uv": [8.25, 7.25, 8.5, 7.75], "texture": "#3"},
				"west": {"uv": [14.75, 7.25, 15, 7.75], "texture": "#3"},
				"up": {"uv": [8.25, 14.75, 8.5, 15], "texture": "#3"},
				"down": {"uv": [8.25, 0.5, 8.5, 0.75], "texture": "#3"}
			}
		}
	]
}