{
	"parent": "block/cube",
	"ambientocclusion": false,
	"textures": {
		"handle": "rsgauges:blocks/sensitiveglass/sensitiveglass_stained_s15",
		"offstate": "rsgauges:blocks/sensitiveglass/sensitiveglass_bw_s00"
	},
	"elements": [
		{
			"from": [5.5, 5.5, 15.5],
			"to": [10.5, 10.5, 16],
			"faces": {
				"north": {"uv": [5.5, 5.5, 10.5, 10.5], "texture": "#handle", "tintindex": 0},
				"east": {"uv": [0, 5.5, 0.5, 10.5], "rotation": 180, "texture": "#handle", "tintindex": 0},
				"south": {"uv": [5.5, 5.5, 10.5, 10.5], "texture": "#handle", "tintindex": 0},
				"west": {"uv": [15.5, 5.5, 16, 10.5], "rotation": 180, "texture": "#handle", "tintindex": 0},
				"up": {"uv": [5.5, 15.5, 10.5, 16], "rotation": 180, "texture": "#handle", "tintindex": 0},
				"down": {"uv": [5.5, 0, 10.5, 0.5], "rotation": 180, "texture": "#handle", "tintindex": 0}
			}
		},
		{
			"from": [7, 7, 15.625],
			"to": [9, 9, 15.875],
			"faces": {
				"north": {"uv": [7, 7, 9, 9], "texture": "#offstate", "tintindex": 0},
				"east": {"uv": [0.125, 7, 0.375, 9], "rotation": 180, "texture": "#offstate", "tintindex": 0},
				"south": {"uv": [7, 7, 9, 9], "texture": "#offstate", "tintindex": 0},
				"west": {"uv": [15.625, 7, 15.875, 9], "rotation": 180, "texture": "#offstate", "tintindex": 0},
				"up": {"uv": [7, 15.625, 9, 15.875], "rotation": 180, "texture": "#offstate", "tintindex": 0},
				"down": {"uv": [7, 0.125, 9, 0.375], "rotation": 180, "texture": "#offstate", "tintindex": 0}
			}
		}
	],
	"display": {
		"thirdperson_righthand": {
			"rotation": [0, 89, 0],
			"translation": [-5.75, 0, 0],
			"scale": [0.8, 0.8, 0.8]
		},
		"firstperson_righthand": {
			"rotation": [0, 77, 0],
			"translation": [-3.25, 0, 0],
			"scale": [0.8, 0.8, 0.8]
		},
		"ground": {
			"translation": [0, -1.25, -4],
			"scale": [0.5, 0.5, 0.5]
		},
		"gui": {
			"rotation": [30, -135, 0],
			"translation": [11, -5.25, 0],
			"scale": [2, 2, 2]
		},
		"fixed": {
			"translation": [0, 0, -8]
		}
	}
}