{
	"parent": "block/cube",
	"ambientocclusion": false,
	"textures": {
		"1": "rsgauges:blocks/common/old_gold",
		"3": "rsgauges:blocks/common/old_wood",
		"5": "rsgauges:blocks/common/old_iron",
		"particle": "rsgauges:blocks/common/old_iron"
	},
	"elements": [
		{
			"from": [6.5, 9.75, 15.5],
			"to": [9.5, 10, 16],
			"faces": {
				"north": {"uv": [6.5, 6, 9.5, 6.25], "texture": "#5"},
				"east": {"uv": [0, 6, 0.5, 6.25], "texture": "#5"},
				"south": {"uv": [6.5, 6, 9.5, 6.25], "texture": "#5"},
				"west": {"uv": [15.5, 6, 16, 6.25], "texture": "#5"},
				"up": {"uv": [6.5, 15.5, 9.5, 16], "texture": "#5"},
				"down": {"uv": [6.5, 0, 9.5, 0.5], "texture": "#5"}
			}
		},
		{
			"from": [6, 6.5, 15.5],
			"to": [6.25, 9.5, 16],
			"faces": {
				"north": {"uv": [9.75, 6.5, 10, 9.5], "texture": "#5"},
				"east": {"uv": [0, 6.5, 0.5, 9.5], "texture": "#5"},
				"south": {"uv": [6, 6.5, 6.25, 9.5], "texture": "#5"},
				"west": {"uv": [15.5, 6.5, 16, 9.5], "texture": "#5"},
				"up": {"uv": [6, 15.5, 6.25, 16], "texture": "#5"},
				"down": {"uv": [6, 0, 6.25, 0.5], "texture": "#5"}
			}
		},
		{
			"from": [9.75, 6.5, 15.5],
			"to": [10, 9.5, 16],
			"faces": {
				"north": {"uv": [6, 6.5, 6.25, 9.5], "texture": "#5"},
				"east": {"uv": [0, 6.5, 0.5, 9.5], "texture": "#5"},
				"south": {"uv": [9.75, 6.5, 10, 9.5], "texture": "#5"},
				"west": {"uv": [15.5, 6.5, 16, 9.5], "texture": "#5"},
				"up": {"uv": [9.75, 15.5, 10, 16], "texture": "#5"},
				"down": {"uv": [9.75, 0, 10, 0.5], "texture": "#5"}
			}
		},
		{
			"from": [6.25, 6.25, 15.5],
			"to": [9.75, 9.75, 16],
			"faces": {
				"north": {"uv": [6.25, 6.25, 9.75, 9.75], "texture": "#5"},
				"east": {"uv": [0, 6.25, 0.5, 9.75], "texture": "#5"},
				"south": {"uv": [6.25, 6.25, 9.75, 9.75], "texture": "#5"},
				"west": {"uv": [15.5, 6.25, 16, 9.75], "texture": "#5"},
				"up": {"uv": [6.25, 15.5, 9.75, 16], "texture": "#5"},
				"down": {"uv": [6.25, 0, 9.75, 0.5], "texture": "#5"}
			}
		},
		{
			"from": [6.5, 6, 15.5],
			"to": [9.5, 6.25, 16],
			"faces": {
				"north": {"uv": [6.5, 9.75, 9.5, 10], "texture": "#5"},
				"east": {"uv": [0, 9.75, 0.5, 10], "texture": "#5"},
				"south": {"uv": [6.5, 9.75, 9.5, 10], "texture": "#5"},
				"west": {"uv": [15.5, 9.75, 16, 10], "texture": "#5"},
				"up": {"uv": [6.5, 15.5, 9.5, 16], "texture": "#5"},
				"down": {"uv": [6.5, 0, 9.5, 0.5], "texture": "#5"}
			}
		},
		{
			"from": [7.75, 7.75, 14.75],
			"to": [8.25, 8.25, 15.5],
			"faces": {
				"north": {"uv": [7.75, 7.75, 8.25, 8.25], "rotation": 180, "texture": "#5"},
				"east": {"uv": [0.5, 7.75, 1.25, 8.25], "rotation": 270, "texture": "#5"},
				"south": {"uv": [7.75, 7.75, 8.25, 8.25], "texture": "#5"},
				"west": {"uv": [14.75, 7.75, 15.5, 8.25], "rotation": 90, "texture": "#5"},
				"up": {"uv": [7.75, 14.75, 8.25, 15.5], "rotation": 180, "texture": "#5"},
				"down": {"uv": [7.75, 0.5, 8.25, 1.25], "texture": "#5"}
			}
		},
		{
			"from": [6.75, 6.25, 15.25],
			"to": [9.25, 6.5, 15.5],
			"faces": {
				"north": {"uv": [6.75, 9.5, 9.25, 9.75], "texture": "#5"},
				"east": {"uv": [0.5, 9.5, 0.75, 9.75], "texture": "#5"},
				"south": {"uv": [6.75, 9.5, 9.25, 9.75], "texture": "#5"},
				"west": {"uv": [15.25, 9.5, 15.5, 9.75], "texture": "#5"},
				"up": {"uv": [6.75, 15.25, 9.25, 15.5], "texture": "#5"},
				"down": {"uv": [6.75, 0.5, 9.25, 0.75], "texture": "#5"}
			}
		},
		{
			"from": [6.75, 9.5, 15.25],
			"to": [9.25, 9.75, 15.5],
			"faces": {
				"north": {"uv": [6.75, 6.25, 9.25, 6.5], "texture": "#5"},
				"east": {"uv": [0.5, 6.25, 0.75, 6.5], "texture": "#5"},
				"south": {"uv": [6.75, 6.25, 9.25, 6.5], "texture": "#5"},
				"west": {"uv": [15.25, 6.25, 15.5, 6.5], "texture": "#5"},
				"up": {"uv": [6.75, 15.25, 9.25, 15.5], "texture": "#5"},
				"down": {"uv": [6.75, 0.5, 9.25, 0.75], "texture": "#5"}
			}
		},
		{
			"from": [9.5, 6.75, 15.25],
			"to": [9.75, 9.25, 15.5],
			"faces": {
				"north": {"uv": [6.25, 6.75, 6.5, 9.25], "texture": "#5"},
				"east": {"uv": [0.5, 6.75, 0.75, 9.25], "texture": "#5"},
				"south": {"uv": [9.5, 6.75, 9.75, 9.25], "texture": "#5"},
				"west": {"uv": [15.25, 6.75, 15.5, 9.25], "texture": "#5"},
				"up": {"uv": [9.5, 15.25, 9.75, 15.5], "texture": "#5"},
				"down": {"uv": [9.5, 0.5, 9.75, 0.75], "texture": "#5"}
			}
		},
		{
			"from": [6.25, 6.75, 15.25],
			"to": [6.5, 9.25, 15.5],
			"faces": {
				"north": {"uv": [9.5, 6.75, 9.75, 9.25], "texture": "#5"},
				"east": {"uv": [0.5, 6.75, 0.75, 9.25], "texture": "#5"},
				"south": {"uv": [6.25, 6.75, 6.5, 9.25], "texture": "#5"},
				"west": {"uv": [15.25, 6.75, 15.5, 9.25], "texture": "#5"},
				"up": {"uv": [6.25, 15.25, 6.5, 15.5], "texture": "#5"},
				"down": {"uv": [6.25, 0.5, 6.5, 0.75], "texture": "#5"}
			}
		},
		{
			"from": [6.5, 9.25, 15.25],
			"to": [7.25, 9.5, 15.5],
			"faces": {
				"north": {"uv": [8.75, 6.5, 9.5, 6.75], "texture": "#5"},
				"east": {"uv": [0.5, 6.5, 0.75, 6.75], "texture": "#5"},
				"south": {"uv": [6.5, 6.5, 7.25, 6.75], "texture": "#5"},
				"west": {"uv": [15.25, 6.5, 15.5, 6.75], "texture": "#5"},
				"up": {"uv": [6.5, 15.25, 7.25, 15.5], "texture": "#5"},
				"down": {"uv": [6.5, 0.5, 7.25, 0.75], "texture": "#5"}
			}
		},
		{
			"from": [6.5, 9, 15.25],
			"to": [7, 9.25, 15.5],
			"faces": {
				"north": {"uv": [9, 6.75, 9.5, 7], "texture": "#5"},
				"east": {"uv": [0.5, 6.75, 0.75, 7], "texture": "#5"},
				"south": {"uv": [6.5, 6.75, 7, 7], "texture": "#5"},
				"west": {"uv": [15.25, 6.75, 15.5, 7], "texture": "#5"},
				"up": {"uv": [6.5, 15.25, 7, 15.5], "texture": "#5"},
				"down": {"uv": [6.5, 0.5, 7, 0.75], "texture": "#5"}
			}
		},
		{
			"from": [6.5, 8.75, 15.25],
			"to": [6.75, 9, 15.5],
			"faces": {
				"north": {"uv": [9.25, 7, 9.5, 7.25], "texture": "#5"},
				"east": {"uv": [0.5, 7, 0.75, 7.25], "texture": "#5"},
				"south": {"uv": [6.5, 7, 6.75, 7.25], "texture": "#5"},
				"west": {"uv": [15.25, 7, 15.5, 7.25], "texture": "#5"},
				"up": {"uv": [6.5, 15.25, 6.75, 15.5], "texture": "#5"},
				"down": {"uv": [6.5, 0.5, 6.75, 0.75], "texture": "#5"}
			}
		},
		{
			"from": [6.5, 7, 15.25],
			"to": [6.75, 7.25, 15.5],
			"faces": {
				"north": {"uv": [9.25, 8.75, 9.5, 9], "texture": "#5"},
				"east": {"uv": [0.5, 8.75, 0.75, 9], "texture": "#5"},
				"south": {"uv": [6.5, 8.75, 6.75, 9], "texture": "#5"},
				"west": {"uv": [15.25, 8.75, 15.5, 9], "texture": "#5"},
				"up": {"uv": [6.5, 15.25, 6.75, 15.5], "texture": "#5"},
				"down": {"uv": [6.5, 0.5, 6.75, 0.75], "texture": "#5"}
			}
		},
		{
			"from": [6.5, 6.75, 15.25],
			"to": [7, 7, 15.5],
			"faces": {
				"north": {"uv": [9, 9, 9.5, 9.25], "texture": "#5"},
				"east": {"uv": [0.5, 9, 0.75, 9.25], "texture": "#5"},
				"south": {"uv": [6.5, 9, 7, 9.25], "texture": "#5"},
				"west": {"uv": [15.25, 9, 15.5, 9.25], "texture": "#5"},
				"up": {"uv": [6.5, 15.25, 7, 15.5], "texture": "#5"},
				"down": {"uv": [6.5, 0.5, 7, 0.75], "texture": "#5"}
			}
		},
		{
			"from": [6.5, 6.5, 15.25],
			"to": [7.25, 6.75, 15.5],
			"faces": {
				"north": {"uv": [8.75, 9.25, 9.5, 9.5], "texture": "#5"},
				"east": {"uv": [0.5, 9.25, 0.75, 9.5], "texture": "#5"},
				"south": {"uv": [6.5, 9.25, 7.25, 9.5], "texture": "#5"},
				"west": {"uv": [15.25, 9.25, 15.5, 9.5], "texture": "#5"},
				"up": {"uv": [6.5, 15.25, 7.25, 15.5], "texture": "#5"},
				"down": {"uv": [6.5, 0.5, 7.25, 0.75], "texture": "#5"}
			}
		},
		{
			"from": [8.75, 6.5, 15.25],
			"to": [9.5, 6.75, 15.5],
			"faces": {
				"north": {"uv": [6.5, 9.25, 7.25, 9.5], "texture": "#5"},
				"east": {"uv": [0.5, 9.25, 0.75, 9.5], "texture": "#5"},
				"south": {"uv": [8.75, 9.25, 9.5, 9.5], "texture": "#5"},
				"west": {"uv": [15.25, 9.25, 15.5, 9.5], "texture": "#5"},
				"up": {"uv": [8.75, 15.25, 9.5, 15.5], "texture": "#5"},
				"down": {"uv": [8.75, 0.5, 9.5, 0.75], "texture": "#5"}
			}
		},
		{
			"from": [9, 6.75, 15.25],
			"to": [9.5, 7, 15.5],
			"faces": {
				"north": {"uv": [6.5, 9, 7, 9.25], "texture": "#5"},
				"east": {"uv": [0.5, 9, 0.75, 9.25], "texture": "#5"},
				"south": {"uv": [9, 9, 9.5, 9.25], "texture": "#5"},
				"west": {"uv": [15.25, 9, 15.5, 9.25], "texture": "#5"},
				"up": {"uv": [9, 15.25, 9.5, 15.5], "texture": "#5"},
				"down": {"uv": [9, 0.5, 9.5, 0.75], "texture": "#5"}
			}
		},
		{
			"from": [9.25, 7, 15.25],
			"to": [9.5, 7.25, 15.5],
			"faces": {
				"north": {"uv": [6.5, 8.75, 6.75, 9], "texture": "#5"},
				"east": {"uv": [0.5, 8.75, 0.75, 9], "texture": "#5"},
				"south": {"uv": [9.25, 8.75, 9.5, 9], "texture": "#5"},
				"west": {"uv": [15.25, 8.75, 15.5, 9], "texture": "#5"},
				"up": {"uv": [9.25, 15.25, 9.5, 15.5], "texture": "#5"},
				"down": {"uv": [9.25, 0.5, 9.5, 0.75], "texture": "#5"}
			}
		},
		{
			"from": [9.25, 8.75, 15.25],
			"to": [9.5, 9, 15.5],
			"faces": {
				"north": {"uv": [6.5, 7, 6.75, 7.25], "texture": "#5"},
				"east": {"uv": [0.5, 7, 0.75, 7.25], "texture": "#5"},
				"south": {"uv": [9.25, 7, 9.5, 7.25], "texture": "#5"},
				"west": {"uv": [15.25, 7, 15.5, 7.25], "texture": "#5"},
				"up": {"uv": [9.25, 15.25, 9.5, 15.5], "texture": "#5"},
				"down": {"uv": [9.25, 0.5, 9.5, 0.75], "texture": "#5"}
			}
		},
		{
			"from": [9, 9, 15.25],
			"to": [9.5, 9.25, 15.5],
			"faces": {
				"north": {"uv": [6.5, 6.75, 7, 7], "texture": "#5"},
				"east": {"uv": [0.5, 6.75, 0.75, 7], "texture": "#5"},
				"south": {"uv": [9, 6.75, 9.5, 7], "texture": "#5"},
				"west": {"uv": [15.25, 6.75, 15.5, 7], "texture": "#5"},
				"up": {"uv": [9, 15.25, 9.5, 15.5], "texture": "#5"},
				"down": {"uv": [9, 0.5, 9.5, 0.75], "texture": "#5"}
			}
		},
		{
			"from": [8.75, 9.25, 15.25],
			"to": [9.5, 9.5, 15.5],
			"faces": {
				"north": {"uv": [6.5, 6.5, 7.25, 6.75], "texture": "#5"},
				"east": {"uv": [0.5, 6.5, 0.75, 6.75], "texture": "#5"},
				"south": {"uv": [8.75, 6.5, 9.5, 6.75], "texture": "#5"},
				"west": {"uv": [15.25, 6.5, 15.5, 6.75], "texture": "#5"},
				"up": {"uv": [8.75, 15.25, 9.5, 15.5], "texture": "#5"},
				"down": {"uv": [8.75, 0.5, 9.5, 0.75], "texture": "#5"}
			}
		},
		{
			"from": [6.75, 7, 15.25],
			"to": [7, 7.25, 15.5],
			"faces": {
				"north": {"uv": [9, 8.75, 9.25, 9], "rotation": 180, "texture": "#1"},
				"east": {"uv": [0.5, 8.75, 0.75, 9], "rotation": 270, "texture": "#1"},
				"south": {"uv": [6.75, 8.75, 7, 9], "texture": "#1"},
				"west": {"uv": [15.25, 8.75, 15.5, 9], "rotation": 90, "texture": "#1"},
				"up": {"uv": [6.75, 15.25, 7, 15.5], "rotation": 180, "texture": "#1"},
				"down": {"uv": [6.75, 0.5, 7, 0.75], "texture": "#1"}
			}
		},
		{
			"from": [9.25, 7.25, 15.25],
			"to": [9.5, 8.75, 15.5],
			"faces": {
				"north": {"uv": [6.5, 7.25, 6.75, 8.75], "rotation": 270, "texture": "#1"},
				"east": {"uv": [0.5, 7.25, 0.75, 8.75], "rotation": 270, "texture": "#1"},
				"south": {"uv": [9.25, 7.25, 9.5, 8.75], "rotation": 270, "texture": "#1"},
				"west": {"uv": [15.25, 7.25, 15.5, 8.75], "rotation": 270, "texture": "#1"},
				"up": {"uv": [9.25, 15.25, 9.5, 15.5], "rotation": 270, "texture": "#1"},
				"down": {"uv": [9.25, 0.5, 9.5, 0.75], "rotation": 270, "texture": "#1"}
			}
		},
		{
			"from": [6.5, 7.25, 15.25],
			"to": [6.75, 8.75, 15.5],
			"faces": {
				"north": {"uv": [9.25, 7.25, 9.5, 8.75], "rotation": 180, "texture": "#1"},
				"east": {"uv": [0.5, 7.25, 0.75, 8.75], "rotation": 270, "texture": "#1"},
				"south": {"uv": [6.5, 7.25, 6.75, 8.75], "texture": "#1"},
				"west": {"uv": [15.25, 7.25, 15.5, 8.75], "rotation": 90, "texture": "#1"},
				"up": {"uv": [6.5, 15.25, 6.75, 15.5], "rotation": 180, "texture": "#1"},
				"down": {"uv": [6.5, 0.5, 6.75, 0.75], "texture": "#1"}
			}
		},
		{
			"from": [7.25, 6.5, 15.25],
			"to": [8.75, 6.75, 15.5],
			"faces": {
				"north": {"uv": [7.25, 9.25, 8.75, 9.5], "rotation": 180, "texture": "#1"},
				"east": {"uv": [0.5, 9.25, 0.75, 9.5], "rotation": 270, "texture": "#1"},
				"south": {"uv": [7.25, 9.25, 8.75, 9.5], "texture": "#1"},
				"west": {"uv": [15.25, 9.25, 15.5, 9.5], "rotation": 90, "texture": "#1"},
				"up": {"uv": [7.25, 15.25, 8.75, 15.5], "rotation": 180, "texture": "#1"},
				"down": {"uv": [7.25, 0.5, 8.75, 0.75], "texture": "#1"}
			}
		},
		{
			"from": [7.25, 9.25, 15.25],
			"to": [8.75, 9.5, 15.5],
			"faces": {
				"north": {"uv": [7.25, 6.5, 8.75, 6.75], "rotation": 180, "texture": "#1"},
				"east": {"uv": [0.5, 6.5, 0.75, 6.75], "rotation": 180, "texture": "#1"},
				"south": {"uv": [7.25, 6.5, 8.75, 6.75], "rotation": 180, "texture": "#1"},
				"west": {"uv": [15.25, 6.5, 15.5, 6.75], "rotation": 180, "texture": "#1"},
				"up": {"uv": [7.25, 15.25, 8.75, 15.5], "rotation": 180, "texture": "#1"},
				"down": {"uv": [7.25, 0.5, 8.75, 0.75], "rotation": 180, "texture": "#1"}
			}
		},
		{
			"from": [7, 6.75, 15.25],
			"to": [7.25, 7, 15.5],
			"faces": {
				"north": {"uv": [8.75, 9, 9, 9.25], "rotation": 180, "texture": "#1"},
				"east": {"uv": [0.5, 9, 0.75, 9.25], "rotation": 270, "texture": "#1"},
				"south": {"uv": [7, 9, 7.25, 9.25], "texture": "#1"},
				"west": {"uv": [15.25, 9, 15.5, 9.25], "rotation": 90, "texture": "#1"},
				"up": {"uv": [7, 15.25, 7.25, 15.5], "rotation": 180, "texture": "#1"},
				"down": {"uv": [7, 0.5, 7.25, 0.75], "texture": "#1"}
			}
		},
		{
			"from": [8.75, 6.75, 15.25],
			"to": [9, 7, 15.5],
			"faces": {
				"north": {"uv": [7, 9, 7.25, 9.25], "rotation": 180, "texture": "#1"},
				"east": {"uv": [0.5, 9, 0.75, 9.25], "rotation": 270, "texture": "#1"},
				"south": {"uv": [8.75, 9, 9, 9.25], "texture": "#1"},
				"west": {"uv": [15.25, 9, 15.5, 9.25], "rotation": 90, "texture": "#1"},
				"up": {"uv": [8.75, 15.25, 9, 15.5], "rotation": 180, "texture": "#1"},
				"down": {"uv": [8.75, 0.5, 9, 0.75], "texture": "#1"}
			}
		},
		{
			"from": [9, 8.75, 15.25],
			"to": [9.25, 9, 15.5],
			"faces": {
				"north": {"uv": [6.75, 7, 7, 7.25], "rotation": 180, "texture": "#1"},
				"east": {"uv": [0.5, 7, 0.75, 7.25], "rotation": 270, "texture": "#1"},
				"south": {"uv": [9, 7, 9.25, 7.25], "texture": "#1"},
				"west": {"uv": [15.25, 7, 15.5, 7.25], "rotation": 90, "texture": "#1"},
				"up": {"uv": [9, 15.25, 9.25, 15.5], "rotation": 180, "texture": "#1"},
				"down": {"uv": [9, 0.5, 9.25, 0.75], "texture": "#1"}
			}
		},
		{
			"from": [7, 9, 15.25],
			"to": [7.25, 9.25, 15.5],
			"faces": {
				"north": {"uv": [8.75, 6.75, 9, 7], "rotation": 180, "texture": "#1"},
				"east": {"uv": [0.5, 6.75, 0.75, 7], "rotation": 270, "texture": "#1"},
				"south": {"uv": [7, 6.75, 7.25, 7], "texture": "#1"},
				"west": {"uv": [15.25, 6.75, 15.5, 7], "rotation": 90, "texture": "#1"},
				"up": {"uv": [7, 15.25, 7.25, 15.5], "rotation": 180, "texture": "#1"},
				"down": {"uv": [7, 0.5, 7.25, 0.75], "texture": "#1"}
			}
		},
		{
			"from": [8.75, 9, 15.25],
			"to": [9, 9.25, 15.5],
			"faces": {
				"north": {"uv": [7, 6.75, 7.25, 7], "rotation": 180, "texture": "#1"},
				"east": {"uv": [0.5, 6.75, 0.75, 7], "rotation": 270, "texture": "#1"},
				"south": {"uv": [8.75, 6.75, 9, 7], "texture": "#1"},
				"west": {"uv": [15.25, 6.75, 15.5, 7], "rotation": 90, "texture": "#1"},
				"up": {"uv": [8.75, 15.25, 9, 15.5], "rotation": 180, "texture": "#1"},
				"down": {"uv": [8.75, 0.5, 9, 0.75], "texture": "#1"}
			}
		},
		{
			"from": [6.75, 8.75, 15.25],
			"to": [7, 9, 15.5],
			"faces": {
				"north": {"uv": [9, 7, 9.25, 7.25], "rotation": 180, "texture": "#1"},
				"east": {"uv": [0.5, 7, 0.75, 7.25], "rotation": 270, "texture": "#1"},
				"south": {"uv": [6.75, 7, 7, 7.25], "texture": "#1"},
				"west": {"uv": [15.25, 7, 15.5, 7.25], "rotation": 90, "texture": "#1"},
				"up": {"uv": [6.75, 15.25, 7, 15.5], "rotation": 180, "texture": "#1"},
				"down": {"uv": [6.75, 0.5, 7, 0.75], "texture": "#1"}
			}
		},
		{
			"from": [9, 7, 15.25],
			"to": [9.25, 7.25, 15.5],
			"faces": {
				"north": {"uv": [6.75, 8.75, 7, 9], "rotation": 180, "texture": "#1"},
				"east": {"uv": [0.5, 8.75, 0.75, 9], "rotation": 270, "texture": "#1"},
				"south": {"uv": [9, 8.75, 9.25, 9], "texture": "#1"},
				"west": {"uv": [15.25, 8.75, 15.5, 9], "rotation": 90, "texture": "#1"},
				"up": {"uv": [9, 15.25, 9.25, 15.5], "rotation": 180, "texture": "#1"},
				"down": {"uv": [9, 0.5, 9.25, 0.75], "texture": "#1"}
			}
		},
		{
			"from": [7.25, 8.75, 14.75],
			"to": [8.75, 9.25, 15.5],
			"faces": {
				"north": {"uv": [7.25, 6.75, 9.75, 7.25], "texture": "#3"},
				"east": {"uv": [0.5, 6.75, 1.25, 7.25], "texture": "#3"},
				"south": {"uv": [7.25, 6.75, 8.75, 7.25], "texture": "#3"},
				"west": {"uv": [14.75, 6.75, 15.5, 7.25], "texture": "#3"},
				"up": {"uv": [7.25, 14.75, 8.75, 15.5], "texture": "#3"},
				"down": {"uv": [7.25, 0.5, 8.75, 1.25], "texture": "#3"}
			}
		},
		{
			"from": [6.75, 7.25, 14.75],
			"to": [7.75, 8.75, 15.5],
			"faces": {
				"north": {"uv": [9, 11, 12, 12.5], "texture": "#3"},
				"east": {"uv": [0.5, 7.25, 1.25, 8.75], "texture": "#3"},
				"south": {"uv": [6.75, 7.25, 7.75, 8.75], "texture": "#3"},
				"west": {"uv": [14.75, 7.25, 15.5, 8.75], "texture": "#3"},
				"up": {"uv": [6.75, 14.75, 7.75, 15.5], "texture": "#3"},
				"down": {"uv": [6.75, 0.5, 7.75, 1.25], "texture": "#3"}
			}
		},
		{
			"from": [7, 8.75, 14.75],
			"to": [7.25, 9, 15.5],
			"faces": {
				"north": {"uv": [8.75, 6, 9, 6.25], "texture": "#3"},
				"east": {"uv": [0.5, 7, 1.25, 7.25], "texture": "#3"},
				"south": {"uv": [7, 7, 7.25, 7.25], "texture": "#3"},
				"west": {"uv": [14.75, 7, 15.5, 7.25], "texture": "#3"},
				"up": {"uv": [7, 14.75, 7.25, 15.5], "texture": "#3"},
				"down": {"uv": [7, 0.5, 7.25, 1.25], "texture": "#3"}
			}
		},
		{
			"from": [8.75, 8.75, 14.75],
			"to": [9, 9, 15.5],
			"faces": {
				"north": {"uv": [7, 7, 7.25, 7.25], "texture": "#3"},
				"east": {"uv": [0.5, 7, 1.25, 7.25], "texture": "#3"},
				"south": {"uv": [8.75, 7, 9, 7.25], "texture": "#3"},
				"west": {"uv": [14.75, 7, 15.5, 7.25], "texture": "#3"},
				"up": {"uv": [8.75, 14.75, 9, 15.5], "texture": "#3"},
				"down": {"uv": [8.75, 0.5, 9, 1.25], "texture": "#3"}
			}
		},
		{
			"from": [8.25, 7.25, 14.75],
			"to": [9.25, 8.75, 15.5],
			"faces": {
				"north": {"uv": [8, 10, 11, 12.5], "texture": "#3"},
				"east": {"uv": [0.5, 7.25, 1.25, 8.75], "texture": "#3"},
				"south": {"uv": [8.25, 7.25, 9.25, 8.75], "texture": "#3"},
				"west": {"uv": [14.75, 7.25, 15.5, 8.75], "texture": "#3"},
				"up": {"uv": [8.25, 14.75, 9.25, 15.5], "texture": "#3"},
				"down": {"uv": [8.25, 0.5, 9.25, 1.25], "texture": "#3"}
			}
		},
		{
			"from": [7.75, 8.25, 14.75],
			"to": [8.25, 8.75, 15.5],
			"faces": {
				"north": {"uv": [7.75, 9.25, 8.25, 9.75], "texture": "#3"},
				"east": {"uv": [0.5, 7.25, 1.25, 7.75], "texture": "#3"},
				"south": {"uv": [7.75, 7.25, 8.25, 7.75], "texture": "#3"},
				"west": {"uv": [14.75, 7.25, 15.5, 7.75], "texture": "#3"},
				"up": {"uv": [7.75, 14.75, 8.25, 15.5], "texture": "#3"},
				"down": {"uv": [7.75, 0.5, 8.25, 1.25], "texture": "#3"}
			}
		},
		{
			"from": [7.75, 7.25, 14.75],
			"to": [8.25, 7.75, 15.5],
			"faces": {
				"north": {"uv": [7.75, 8.25, 9.25, 9.75], "texture": "#3"},
				"east": {"uv": [0.5, 8.25, 1.25, 8.75], "texture": "#3"},
				"south": {"uv": [7.75, 8.25, 8.25, 8.75], "texture": "#3"},
				"west": {"uv": [14.75, 8.25, 15.5, 8.75], "texture": "#3"},
				"up": {"uv": [7.75, 14.75, 8.25, 15.5], "texture": "#3"},
				"down": {"uv": [7.75, 0.5, 8.25, 1.25], "texture": "#3"}
			}
		},
		{
			"from": [7.25, 6.75, 14.75],
			"to": [8.75, 7.25, 15.5],
			"faces": {
				"north": {"uv": [7.25, 9.75, 8.75, 10.25], "texture": "#3"},
				"east": {"uv": [0.5, 8.75, 1.25, 9.25], "texture": "#3"},
				"south": {"uv": [7.25, 8.75, 8.75, 9.25], "texture": "#3"},
				"west": {"uv": [14.75, 8.75, 15.5, 9.25], "texture": "#3"},
				"up": {"uv": [7.25, 14.75, 8.75, 15.5], "texture": "#3"},
				"down": {"uv": [7.25, 0.5, 8.75, 1.25], "texture": "#3"}
			}
		},
		{
			"from": [8.75, 7, 14.75],
			"to": [9, 7.25, 15.5],
			"faces": {
				"north": {"uv": [7, 8.75, 7.25, 9], "texture": "#3"},
				"east": {"uv": [0.5, 8.75, 1.25, 9], "texture": "#3"},
				"south": {"uv": [8.75, 8.75, 9, 9], "texture": "#3"},
				"west": {"uv": [14.75, 8.75, 15.5, 9], "texture": "#3"},
				"up": {"uv": [8.75, 14.75, 9, 15.5], "texture": "#3"},
				"down": {"uv": [8.75, 0.5, 9, 1.25], "texture": "#3"}
			}
		},
		{
			"from": [7, 7, 14.75],
			"to": [7.25, 7.25, 15.5],
			"faces": {
				"north": {"uv": [8.75, 8.75, 9, 9], "texture": "#3"},
				"east": {"uv": [0.5, 8.75, 1.25, 9], "texture": "#3"},
				"south": {"uv": [7, 8.75, 7.25, 9], "texture": "#3"},
				"west": {"uv": [14.75, 8.75, 15.5, 9], "texture": "#3"},
				"up": {"uv": [7, 14.75, 7.25, 15.5], "texture": "#3"},
				"down": {"uv": [7, 0.5, 7.25, 1.25], "texture": "#3"}
			}
		}
	],
	"display": {
		"thirdperson_righthand": {
			"rotation": [0, 85, 0],
			"translation": [-5.25, -0.5, -1.25],
			"scale": [0.8, 0.8, 0.8]
		},
		"firstperson_righthand": {
			"rotation": [0, 80, 0],
			"translation": [-3, 0, 0],
			"scale": [0.8, 0.8, 0.8]
		},
		"ground": {
			"translation": [0, 0, -5.5],
			"scale": [0.75, 0.75, 0.75]
		},
		"gui": {
			"rotation": [30, -135, 0],
			"translation": [13.5, -6.75, 0],
			"scale": [2.5, 2.5, 2.5]
		},
		"fixed": {
			"translation": [0, 0, -9.5],
			"scale": [1.2, 1.2, 1.2]
		}
	}
}