{
  "credit": "Thanks Jannis for the Blockbench.",
  "parent": "block/cube",
  "ambientocclusion": false,
	"textures": {
		"0": "rsgauges:blocks/common/darkroughmetal",
		"3": "rsgauges:blocks/common/old_wood",
		"5": "rsgauges:blocks/common/old_iron",
		"particle": "rsgauges:blocks/common/old_iron"
	},
  "display": {
    "gui":    { "rotation": [ 0, 180, 0 ], "translation": [  0.00, -3,   0.00 ], "scale": [ 1.20, 1.20, 1.20 ] },
    "fixed":  { "rotation": [ 0,   0, 0 ], "translation": [  0.00, -3, -11.00 ], "scale": [ 1.20, 1.20, 1.20 ] },
    "ground": { "rotation": [ 0,   0, 0 ], "translation": [  0.00, -3,  -7.00 ], "scale": [ 0.75, 0.75, 0.75 ] }
  },
  "elements": [
		{
			"from": [7, 8.25, 15.75],
			"to": [9, 11.25, 16],
			"faces": {
				"north": {"uv": [0, 6, 14, 15], "texture": "#0"},
				"east": {"uv": [1, 6, 1.25, 9], "texture": "#5"},
				"south": {"uv": [4, 0, 11, 12], "texture": "#5"},
				"west": {"uv": [6.75, 7.25, 7, 10.25], "texture": "#5"},
				"up": {"uv": [3, 6, 16, 7.25], "texture": "#5"},
				"down": {"uv": [6.25, 8.75, 14.25, 9], "texture": "#5"}
			}
		},
		{
			"from": [7.25, 10.75, 15.25],
			"to": [8.75, 11, 15.5],
			"faces": {
				"north": {"uv": [10, 1, 14, 3], "texture": "#5"},
				"east": {"uv": [2, 3, 6, 5], "texture": "#5"},
				"south": {"uv": [2, 3, 6, 5], "texture": "#5"},
				"west": {"uv": [2, 3, 6, 5], "texture": "#5"},
				"up": {"uv": [2, 3, 6, 5], "texture": "#5"},
				"down": {"uv": [2, 3, 6, 5], "texture": "#5"}
			}
		},
		{
			"from": [7.25, 8.5, 15.25],
			"to": [8.75, 8.75, 15.5],
			"faces": {
				"north": {"uv": [2, 7, 6, 9], "texture": "#5"},
				"east": {"uv": [2, 3, 6, 5], "texture": "#5"},
				"south": {"uv": [2, 3, 6, 5], "texture": "#5"},
				"west": {"uv": [2, 3, 6, 5], "texture": "#5"},
				"up": {"uv": [2, 3, 6, 5], "texture": "#5"},
				"down": {"uv": [2, 3, 6, 5], "texture": "#5"}
			}
		},
		{
			"from": [7, 10.5, 15.5],
			"to": [9, 11.25, 15.75],
			"faces": {
				"north": {"uv": [1, 3, 15, 5], "texture": "#5"},
				"east": {"uv": [1, 6, 1.25, 9], "texture": "#5"},
				"south": {"uv": [6.25, 7.25, 14.25, 10.25], "texture": "#5"},
				"west": {"uv": [6.75, 7.25, 7, 10.25], "texture": "#5"},
				"up": {"uv": [0, 4, 16, 5.25], "texture": "#5"},
				"down": {"uv": [6.25, 8.75, 14.25, 9], "texture": "#5"}
			}
		},
		{
			"from": [7, 8.25, 15.5],
			"to": [9, 9, 15.75],
			"faces": {
				"north": {"uv": [2, 3, 6, 5], "texture": "#5"},
				"east": {"uv": [2, 3, 6, 5], "texture": "#5"},
				"south": {"uv": [2, 3, 6, 5], "texture": "#5"},
				"west": {"uv": [2, 3, 6, 5], "texture": "#5"},
				"up": {"uv": [2, 3, 6, 5], "texture": "#5"},
				"down": {"uv": [2, 3, 6, 5], "texture": "#5"}
			}
		},
		{
			"from": [7, 9.5, 15.5],
			"to": [9, 10, 15.75],
			"faces": {
				"north": {"uv": [3, 4, 7, 6], "texture": "#5"},
				"east": {"uv": [2, 3, 6, 5], "texture": "#5"},
				"south": {"uv": [2, 3, 6, 5], "texture": "#5"},
				"west": {"uv": [2, 3, 6, 5], "texture": "#5"},
				"up": {"uv": [2, 3, 6, 5], "texture": "#5"},
				"down": {"uv": [2, 3, 6, 5], "texture": "#5"}
			}
		},
		{
			"from": [6.75, 8.25, 15.5],
			"to": [7, 11.25, 16],
			"faces": {
				"north": {"uv": [1, 3, 2, 12], "texture": "#5"},
				"east": {"uv": [1, 6, 1.25, 9], "texture": "#5"},
				"south": {"uv": [6.25, 7.25, 9.25, 13.25], "texture": "#5"},
				"west": {"uv": [6.75, 7.25, 7, 10.25], "texture": "#5"},
				"up": {"uv": [6.25, 6.75, 7.25, 12], "texture": "#5"},
				"down": {"uv": [10, 4, 11, 7.25], "texture": "#5"}
			}
		},
		{
			"from": [9, 8.25, 15.5],
			"to": [9.25, 11.25, 16],
			"faces": {
				"north": {"uv": [1, 3, 2, 12], "texture": "#5"},
				"east": {"uv": [1, 6, 1.25, 9], "texture": "#5"},
				"south": {"uv": [6.25, 7.25, 8.25, 10.25], "texture": "#5"},
				"west": {"uv": [6.75, 7.25, 7, 10.25], "texture": "#5"},
				"up": {"uv": [6.25, 6.75, 7.25, 12], "texture": "#5"},
				"down": {"uv": [10, 4, 11, 7.25], "texture": "#5"}
			}
		},
		{
			"from": [8, 11.5, 15.75],
			"to": [10, 11.75, 16],
			"faces": {
				"north": {"uv": [1, 1, 3.25, 3.25], "texture": "#5"},
				"east": {"uv": [1, 1, 3.25, 3.25], "texture": "#5"},
				"south": {"uv": [1, 1, 3.25, 3.25], "texture": "#5"},
				"west": {"uv": [1, 1, 3.25, 3.25], "texture": "#5"},
				"up": {"uv": [1, 1, 3.25, 3.25], "texture": "#5"},
				"down": {"uv": [1, 1, 3.25, 3.25], "texture": "#5"}
			}
		},
		{
			"from": [6.75, 11.25, 15.75],
			"to": [9.25, 11.5, 16],
			"faces": {
				"north": {"uv": [2, 3, 6, 5], "texture": "#5"},
				"east": {"uv": [2, 3, 6, 5], "texture": "#5"},
				"south": {"uv": [2, 3, 6, 5], "texture": "#5"},
				"west": {"uv": [2, 3, 6, 5], "texture": "#5"},
				"up": {"uv": [2, 3, 6, 5], "texture": "#5"},
				"down": {"uv": [2, 3, 6, 5], "texture": "#5"}
			}
		},
		{
			"from": [6.75, 8, 15.75],
			"to": [9.25, 8.25, 16],
			"faces": {
				"north": {"uv": [2, 3, 6, 5], "texture": "#5"},
				"east": {"uv": [2, 3, 6, 5], "texture": "#5"},
				"south": {"uv": [2, 3, 6, 5], "texture": "#5"},
				"west": {"uv": [2, 3, 6, 5], "texture": "#5"},
				"up": {"uv": [2, 3, 6, 5], "texture": "#5"},
				"down": {"uv": [2, 3, 6, 5], "texture": "#5"}
			}
		},
		{
			"from": [9.25, 10.25, 15.75],
			"to": [9.5, 11.5, 16],
			"faces": {
				"north": {"uv": [4, 2, 6, 4], "texture": "#5"},
				"east": {"uv": [1, 6, 1.25, 9], "texture": "#5"},
				"south": {"uv": [6, 3, 8, 5], "texture": "#5"},
				"west": {"uv": [6.75, 7.25, 7, 10.25], "texture": "#5"},
				"up": {"uv": [6.25, 6.75, 7.25, 12], "texture": "#5"},
				"down": {"uv": [10, 4, 11, 7.25], "texture": "#5"}
			}
		},
		{
			"from": [9.25, 8, 15.75],
			"to": [9.5, 9.25, 16],
			"faces": {
				"north": {"uv": [4, 2, 6, 4], "texture": "#5"},
				"east": {"uv": [1, 6, 1.25, 9], "texture": "#5"},
				"south": {"uv": [9, 8, 10, 13], "texture": "#5"},
				"west": {"uv": [6.75, 7.25, 7, 10.25], "texture": "#5"},
				"up": {"uv": [6.25, 6.75, 7.25, 12], "texture": "#5"},
				"down": {"uv": [10, 4, 11, 7.25], "texture": "#5"}
			}
		},
		{
			"from": [8, 7.75, 15.75],
			"to": [10, 8, 16],
			"faces": {
				"north": {"uv": [4, 1, 6, 3], "texture": "#5"},
				"east": {"uv": [1, 6, 1.25, 9], "texture": "#5"},
				"south": {"uv": [6.25, 7.25, 14.25, 8.25], "texture": "#5"},
				"west": {"uv": [6.75, 7.25, 7, 10.25], "texture": "#5"},
				"up": {"uv": [6.25, 6.75, 7.25, 12], "texture": "#5"},
				"down": {"uv": [10, 4, 11, 7.25], "texture": "#5"}
			}
		},
		{
			"from": [8.25, 11.75, 15.75],
			"to": [9, 12, 16],
			"faces": {
				"north": {"uv": [1, 1, 3.25, 3.25], "texture": "#5"},
				"east": {"uv": [1, 1, 3.25, 3.25], "texture": "#5"},
				"south": {"uv": [1, 1, 3.25, 3.25], "texture": "#5"},
				"west": {"uv": [1, 1, 3.25, 3.25], "texture": "#5"},
				"up": {"uv": [1, 1, 3.25, 3.25], "texture": "#5"},
				"down": {"uv": [1, 1, 3.25, 3.25], "texture": "#5"}
			}
		},
		{
			"from": [9.5, 10.5, 15.75],
			"to": [9.75, 11.25, 16],
			"faces": {
				"north": {"uv": [4, 2, 6, 4], "texture": "#5"},
				"east": {"uv": [1, 6, 1.25, 9], "texture": "#5"},
				"south": {"uv": [6, 12, 8, 14], "texture": "#5"},
				"west": {"uv": [6.75, 7.25, 7, 10.25], "texture": "#5"},
				"up": {"uv": [6.25, 6.75, 7.25, 12], "texture": "#5"},
				"down": {"uv": [10, 4, 11, 7.25], "texture": "#5"}
			}
		},
		{
			"from": [8.25, 7.5, 15.75],
			"to": [9, 7.75, 16],
			"faces": {
				"north": {"uv": [5, 1, 7, 3], "texture": "#5"},
				"east": {"uv": [1, 6, 1.25, 9], "texture": "#5"},
				"south": {"uv": [2, 3, 6, 5], "texture": "#5"},
				"west": {"uv": [6.75, 7.25, 7, 10.25], "texture": "#5"},
				"up": {"uv": [6.25, 6.75, 7.25, 12], "texture": "#5"},
				"down": {"uv": [10, 4, 11, 7.25], "texture": "#5"}
			}
		},
		{
			"from": [9.75, 10.75, 15.75],
			"to": [10.25, 11, 16],
			"faces": {
				"north": {"uv": [4, 2, 6, 4], "texture": "#5"},
				"east": {"uv": [1, 6, 1.25, 9], "texture": "#5"},
				"south": {"uv": [5, 3, 7, 5], "texture": "#5"},
				"west": {"uv": [6.75, 7.25, 7, 10.25], "texture": "#5"},
				"up": {"uv": [6.25, 6.75, 7.25, 12], "texture": "#5"},
				"down": {"uv": [10, 4, 11, 7.25], "texture": "#5"}
			}
		},
		{
			"from": [9.5, 11.75, 15.75],
			"to": [10.25, 12, 16],
			"faces": {
				"north": {"uv": [1, 1, 3.25, 3.25], "texture": "#5"},
				"east": {"uv": [1, 1, 3.25, 3.25], "texture": "#5"},
				"south": {"uv": [1, 1, 3.25, 3.25], "texture": "#5"},
				"west": {"uv": [1, 1, 3.25, 3.25], "texture": "#5"},
				"up": {"uv": [1, 1, 3.25, 3.25], "texture": "#5"},
				"down": {"uv": [1, 1, 3.25, 3.25], "texture": "#5"}
			}
		},
		{
			"from": [9.75, 11, 15.75],
			"to": [10, 11.25, 16],
			"faces": {
				"north": {"uv": [4, 2, 6, 4], "texture": "#5"},
				"east": {"uv": [1, 6, 1.25, 9], "texture": "#5"},
				"south": {"uv": [3, 4, 4, 6], "texture": "#5"},
				"west": {"uv": [6.75, 7.25, 7, 10.25], "texture": "#5"},
				"up": {"uv": [6.25, 6.75, 7.25, 12], "texture": "#5"},
				"down": {"uv": [10, 4, 11, 7.25], "texture": "#5"}
			}
		},
		{
			"from": [9.5, 8.25, 15.75],
			"to": [9.75, 9, 16],
			"faces": {
				"north": {"uv": [4, 2, 6, 4], "texture": "#5"},
				"east": {"uv": [1, 6, 1.25, 9], "texture": "#5"},
				"south": {"uv": [1, 1, 3, 3], "texture": "#5"},
				"west": {"uv": [6.75, 7.25, 7, 10.25], "texture": "#5"},
				"up": {"uv": [6.25, 6.75, 7.25, 12], "texture": "#5"},
				"down": {"uv": [10, 4, 11, 7.25], "texture": "#5"}
			}
		},
		{
			"from": [9.5, 7.5, 15.75],
			"to": [10.25, 7.75, 16],
			"faces": {
				"north": {"uv": [1, 1, 3.25, 3.25], "texture": "#5"},
				"east": {"uv": [1, 1, 3.25, 3.25], "texture": "#5"},
				"south": {"uv": [1, 1, 3.25, 3.25], "texture": "#5"},
				"west": {"uv": [1, 1, 3.25, 3.25], "texture": "#5"},
				"up": {"uv": [1, 1, 3.25, 3.25], "texture": "#5"},
				"down": {"uv": [1, 1, 3.25, 3.25], "texture": "#5"}
			}
		},
		{
			"from": [9.75, 8.25, 15.75],
			"to": [10, 8.5, 16],
			"faces": {
				"north": {"uv": [4, 2, 6, 4], "texture": "#5"},
				"east": {"uv": [1, 6, 1.25, 9], "texture": "#5"},
				"south": {"uv": [6.25, 7.25, 7.25, 8.25], "texture": "#5"},
				"west": {"uv": [6.75, 7.25, 7, 10.25], "texture": "#5"},
				"up": {"uv": [6.25, 6.75, 7.25, 12], "texture": "#5"},
				"down": {"uv": [10, 4, 11, 7.25], "texture": "#5"}
			}
		},
		{
			"from": [9.75, 8.5, 15.75],
			"to": [10.25, 8.75, 16],
			"faces": {
				"north": {"uv": [4, 2, 6, 4], "texture": "#5"},
				"east": {"uv": [1, 6, 1.25, 9], "texture": "#5"},
				"south": {"uv": [8, 4, 12, 5], "texture": "#5"},
				"west": {"uv": [6.75, 7.25, 7, 10.25], "texture": "#5"},
				"up": {"uv": [6.25, 6.75, 7.25, 12], "texture": "#5"},
				"down": {"uv": [10, 4, 11, 7.25], "texture": "#5"}
			}
		},
		{
			"from": [6.5, 10.25, 15.75],
			"to": [6.75, 11.5, 16],
			"faces": {
				"north": {"uv": [4, 2, 6, 4], "texture": "#5"},
				"east": {"uv": [1, 6, 1.25, 9], "texture": "#5"},
				"south": {"uv": [6.25, 7.25, 8.25, 10.25], "texture": "#5"},
				"west": {"uv": [6.75, 7.25, 7, 10.25], "texture": "#5"},
				"up": {"uv": [6.25, 6.75, 7.25, 12], "texture": "#5"},
				"down": {"uv": [10, 4, 11, 7.25], "texture": "#5"}
			}
		},
		{
			"from": [6.5, 8, 15.75],
			"to": [6.75, 9.25, 16],
			"faces": {
				"north": {"uv": [4, 2, 6, 4], "texture": "#5"},
				"east": {"uv": [1, 6, 1.25, 9], "texture": "#5"},
				"south": {"uv": [10, 2, 13, 5], "texture": "#5"},
				"west": {"uv": [6.75, 7.25, 7, 10.25], "texture": "#5"},
				"up": {"uv": [6.25, 6.75, 7.25, 12], "texture": "#5"},
				"down": {"uv": [10, 4, 11, 7.25], "texture": "#5"}
			}
		},
		{
			"from": [6.25, 8.25, 15.75],
			"to": [6.5, 9, 16],
			"faces": {
				"north": {"uv": [4, 2, 6, 4], "texture": "#5"},
				"east": {"uv": [1, 6, 1.25, 9], "texture": "#5"},
				"south": {"uv": [3, 4, 4, 9], "texture": "#5"},
				"west": {"uv": [6.75, 7.25, 7, 10.25], "texture": "#5"},
				"up": {"uv": [6.25, 6.75, 7.25, 12], "texture": "#5"},
				"down": {"uv": [10, 4, 11, 7.25], "texture": "#5"}
			}
		},
		{
			"from": [6.25, 10.5, 15.75],
			"to": [6.5, 11.25, 16],
			"faces": {
				"north": {"uv": [4, 2, 6, 4], "texture": "#5"},
				"east": {"uv": [1, 6, 1.25, 9], "texture": "#5"},
				"south": {"uv": [6.25, 7.25, 8.25, 10.25], "texture": "#5"},
				"west": {"uv": [6.75, 7.25, 7, 10.25], "texture": "#5"},
				"up": {"uv": [6.25, 6.75, 7.25, 12], "texture": "#5"},
				"down": {"uv": [10, 4, 11, 7.25], "texture": "#5"}
			}
		},
		{
			"from": [6, 11, 15.75],
			"to": [6.25, 11.25, 16],
			"faces": {
				"north": {"uv": [4, 2, 6, 4], "texture": "#5"},
				"east": {"uv": [1, 6, 1.25, 9], "texture": "#5"},
				"south": {"uv": [6.25, 7.25, 8.25, 8.25], "texture": "#5"},
				"west": {"uv": [6.75, 7.25, 7, 10.25], "texture": "#5"},
				"up": {"uv": [6.25, 6.75, 7.25, 12], "texture": "#5"},
				"down": {"uv": [10, 4, 11, 7.25], "texture": "#5"}
			}
		},
		{
			"from": [5.75, 10.75, 15.75],
			"to": [6.25, 11, 16],
			"faces": {
				"north": {"uv": [4, 2, 6, 4], "texture": "#5"},
				"east": {"uv": [1, 6, 1.25, 9], "texture": "#5"},
				"south": {"uv": [3, 6, 6, 8], "texture": "#5"},
				"west": {"uv": [6.75, 7.25, 7, 10.25], "texture": "#5"},
				"up": {"uv": [6.25, 6.75, 7.25, 12], "texture": "#5"},
				"down": {"uv": [10, 4, 11, 7.25], "texture": "#5"}
			}
		},
		{
			"from": [6, 11.5, 15.75],
			"to": [8, 11.75, 16],
			"faces": {
				"north": {"uv": [1, 1, 3.25, 3.25], "texture": "#5"},
				"east": {"uv": [1, 1, 3.25, 3.25], "texture": "#5"},
				"south": {"uv": [1, 1, 3.25, 3.25], "texture": "#5"},
				"west": {"uv": [1, 1, 3.25, 3.25], "texture": "#5"},
				"up": {"uv": [1, 1, 3.25, 3.25], "texture": "#5"},
				"down": {"uv": [1, 1, 3.25, 3.25], "texture": "#5"}
			}
		},
		{
			"from": [5.75, 11.75, 15.75],
			"to": [6.5, 12, 16],
			"faces": {
				"north": {"uv": [1, 1, 3.25, 3.25], "texture": "#5"},
				"east": {"uv": [1, 1, 3.25, 3.25], "texture": "#5"},
				"south": {"uv": [1, 1, 3.25, 3.25], "texture": "#5"},
				"west": {"uv": [1, 1, 3.25, 3.25], "texture": "#5"},
				"up": {"uv": [1, 1, 3.25, 3.25], "texture": "#5"},
				"down": {"uv": [1, 1, 3.25, 3.25], "texture": "#5"}
			}
		},
		{
			"from": [7, 11.75, 15.75],
			"to": [7.75, 12, 16],
			"faces": {
				"north": {"uv": [1, 1, 3.25, 3.25], "texture": "#5"},
				"east": {"uv": [1, 1, 3.25, 3.25], "texture": "#5"},
				"south": {"uv": [1, 1, 3.25, 3.25], "texture": "#5"},
				"west": {"uv": [1, 1, 3.25, 3.25], "texture": "#5"},
				"up": {"uv": [1, 1, 3.25, 3.25], "texture": "#5"},
				"down": {"uv": [1, 1, 3.25, 3.25], "texture": "#5"}
			}
		},
		{
			"from": [6, 8.25, 15.75],
			"to": [6.25, 8.5, 16],
			"faces": {
				"north": {"uv": [4, 2, 6, 4], "texture": "#5"},
				"east": {"uv": [1, 6, 1.25, 9], "texture": "#5"},
				"south": {"uv": [6.25, 7.25, 8.25, 10.25], "texture": "#5"},
				"west": {"uv": [6.75, 7.25, 7, 10.25], "texture": "#5"},
				"up": {"uv": [6.25, 6.75, 7.25, 12], "texture": "#5"},
				"down": {"uv": [10, 4, 11, 7.25], "texture": "#5"}
			}
		},
		{
			"from": [5.75, 8.5, 15.75],
			"to": [6.25, 8.75, 16],
			"faces": {
				"north": {"uv": [4, 2, 6, 4], "texture": "#5"},
				"east": {"uv": [1, 6, 1.25, 9], "texture": "#5"},
				"south": {"uv": [6.25, 7.25, 9.25, 10.25], "texture": "#5"},
				"west": {"uv": [6.75, 7.25, 7, 10.25], "texture": "#5"},
				"up": {"uv": [6.25, 6.75, 7.25, 12], "texture": "#5"},
				"down": {"uv": [10, 4, 11, 7.25], "texture": "#5"}
			}
		},
		{
			"from": [6, 7.75, 15.75],
			"to": [8, 8, 16],
			"faces": {
				"north": {"uv": [4, 1, 6, 3], "texture": "#5"},
				"east": {"uv": [1, 6, 1.25, 9], "texture": "#5"},
				"south": {"uv": [6.25, 7.25, 14.25, 10.25], "texture": "#5"},
				"west": {"uv": [6.75, 7.25, 7, 10.25], "texture": "#5"},
				"up": {"uv": [6.25, 6.75, 7.25, 12], "texture": "#5"},
				"down": {"uv": [10, 4, 11, 7.25], "texture": "#5"}
			}
		},
		{
			"from": [5.75, 7.5, 15.75],
			"to": [6.5, 7.75, 16],
			"faces": {
				"north": {"uv": [1, 1, 3.25, 3.25], "texture": "#5"},
				"east": {"uv": [1, 1, 3.25, 3.25], "texture": "#5"},
				"south": {"uv": [1, 1, 3.25, 3.25], "texture": "#5"},
				"west": {"uv": [1, 1, 3.25, 3.25], "texture": "#5"},
				"up": {"uv": [1, 1, 3.25, 3.25], "texture": "#5"},
				"down": {"uv": [1, 1, 3.25, 3.25], "texture": "#5"}
			}
		},
		{
			"from": [7, 7.5, 15.75],
			"to": [7.75, 7.75, 16],
			"faces": {
				"north": {"uv": [5, 1, 7, 3], "texture": "#5"},
				"east": {"uv": [1, 6, 1.25, 9], "texture": "#5"},
				"south": {"uv": [6.25, 7.25, 11.25, 8.25], "texture": "#5"},
				"west": {"uv": [6.75, 7.25, 7, 10.25], "texture": "#5"},
				"up": {"uv": [6.25, 6.75, 7.25, 12], "texture": "#5"},
				"down": {"uv": [10, 4, 11, 7.25], "texture": "#5"}
			}
		},
		{
			"from": [7.5, 9.5, 13],
			"to": [8.5, 10.5, 14.5],
			"rotation": {"angle": 0, "axis": "x", "origin": [8, 7.375, 13.72917]},
			"faces": {
				"north": {"uv": [7, 3, 10, 6], "texture": "#5", "rotation": 180},
				"east": {"uv": [7, 3, 10, 6], "texture": "#5", "rotation": 180},
				"south": {"uv": [7, 3, 10, 6], "texture": "#5", "rotation": 180},
				"west": {"uv": [7, 3, 10, 6], "texture": "#5", "rotation": 180},
				"up": {"uv": [7, 3, 10, 6], "texture": "#5", "rotation": 180},
				"down": {"uv": [7, 3, 10, 6], "texture": "#5", "rotation": 180}
			}
		},
		{
			"from": [7.25, 9.25, 12.75],
			"to": [8.75, 9.5, 14.25],
			"rotation": {"angle": 0, "axis": "x", "origin": [8, 7.375, 13.72917]},
			"faces": {
				"north": {"uv": [4, 4, 6.5, 5.5], "texture": "#5", "rotation": 90},
				"east": {"uv": [4, 4, 6.5, 5.5], "texture": "#5", "rotation": 90},
				"south": {"uv": [4, 4, 6.5, 5.5], "texture": "#5", "rotation": 90},
				"west": {"uv": [4, 4, 6.5, 5.5], "texture": "#5", "rotation": 90},
				"up": {"uv": [4, 4, 6.5, 5.5], "texture": "#5", "rotation": 90},
				"down": {"uv": [4, 4, 6.5, 5.5], "texture": "#5", "rotation": 90}
			}
		},
		{
			"from": [7.5, 8.25, 13],
			"to": [8.5, 9.25, 14],
			"rotation": {"angle": 0, "axis": "x", "origin": [8, 7.375, 13.72917]},
			"faces": {
				"north": {"uv": [9, 5, 13, 8], "texture": "#3"},
				"east": {"uv": [1, 2, 4, 5], "texture": "#3", "rotation": 270},
				"south": {"uv": [9, 6, 12, 9], "texture": "#3", "rotation": 180},
				"west": {"uv": [12, 2, 15, 6], "texture": "#3", "rotation": 90},
				"up": {"uv": [2, 6, 6, 8], "texture": "#3", "rotation": 180},
				"down": {"uv": [2, 6, 6, 8], "texture": "#3"}
			}
		},
		{
			"from": [7.5, 8, 13],
			"to": [8.5, 8.25, 14],
			"rotation": {"angle": 0, "axis": "x", "origin": [8, 7.375, 13.72917]},
			"faces": {
				"north": {"uv": [10, 5, 11, 5.25], "texture": "#5", "rotation": 180},
				"east": {"uv": [0, 2, 0.25, 3], "texture": "#5", "rotation": 270},
				"south": {"uv": [10, 5, 11, 5.25], "texture": "#5"},
				"west": {"uv": [7, 5, 7.25, 6], "texture": "#5", "rotation": 90},
				"up": {"uv": [8, 5, 9, 6], "texture": "#5", "rotation": 180},
				"down": {"uv": [10, 5, 11, 6], "texture": "#5"}
			}
		},
		{
			"from": [7.5, 7, 13],
			"to": [8.5, 8, 14],
			"rotation": {"angle": 0, "axis": "x", "origin": [8, 7.375, 13.72917]},
			"faces": {
				"north": {"uv": [3, 10, 7, 13], "texture": "#3", "rotation": 180},
				"east": {"uv": [10, 1, 13, 4], "texture": "#3", "rotation": 180},
				"south": {"uv": [4, 10, 7, 13], "texture": "#3", "rotation": 180},
				"west": {"uv": [10, 9, 14, 12], "texture": "#3", "rotation": 180},
				"up": {"uv": [2, 6, 6, 8], "texture": "#3", "rotation": 180},
				"down": {"uv": [2, 6, 6, 8], "texture": "#3", "rotation": 180}
			}
		},
		{
			"from": [7.5, 6.75, 13],
			"to": [8.5, 7, 14],
			"rotation": {"angle": 0, "axis": "x", "origin": [8, 7.375, 13.72917]},
			"faces": {
				"north": {"uv": [10, 5, 11, 5.25], "texture": "#5", "rotation": 180},
				"east": {"uv": [0, 2, 0.25, 3], "texture": "#5", "rotation": 270},
				"south": {"uv": [10, 5, 11, 5.25], "texture": "#5"},
				"west": {"uv": [7, 5, 7.25, 6], "texture": "#5", "rotation": 90},
				"up": {"uv": [8, 5, 9, 6], "texture": "#5", "rotation": 180},
				"down": {"uv": [10, 5, 11, 6], "texture": "#5"}
			}
		},
		{
			"from": [7.5, 5.75, 13],
			"to": [8.5, 6.75, 14],
			"rotation": {"angle": 0, "axis": "x", "origin": [8, 7.375, 13.72917]},
			"faces": {
				"north": {"uv": [6, 2, 10, 5], "texture": "#3"},
				"east": {"uv": [1, 12, 4, 15], "texture": "#3", "rotation": 270},
				"south": {"uv": [0, 1, 3, 4], "texture": "#3", "rotation": 180},
				"west": {"uv": [5, 9, 8, 13], "texture": "#3", "rotation": 90},
				"up": {"uv": [2, 6, 6, 8], "texture": "#3", "rotation": 180},
				"down": {"uv": [2, 6, 6, 8], "texture": "#3"}
			}
		},
		{
			"from": [7.25, 5.5, 12.75],
			"to": [8.75, 5.75, 14.25],
			"rotation": {"angle": 0, "axis": "x", "origin": [8, 7.375, 13.72917]},
			"faces": {
				"north": {"uv": [4, 2, 7.5, 3.25], "texture": "#5"},
				"east": {"uv": [4, 2, 7.5, 3.25], "texture": "#5", "rotation": 270},
				"south": {"uv": [4, 2, 7.5, 3.25], "texture": "#5", "rotation": 180},
				"west": {"uv": [4, 2, 7.5, 3.25], "texture": "#5", "rotation": 90},
				"up": {"uv": [4, 2, 7.5, 3.25], "texture": "#5", "rotation": 180},
				"down": {"uv": [4, 2, 7.5, 3.25], "texture": "#5"}
			}
		},
		{
			"from": [8.25, 5.25, 13.25],
			"to": [8.5, 5.5, 13.75],
			"rotation": {"angle": 0, "axis": "x", "origin": [8, 7.375, 13.72917]},
			"faces": {
				"north": {"uv": [11, 10, 11.25, 10.25], "texture": "#5", "rotation": 90},
				"east": {"uv": [11, 10, 11.25, 10.5], "texture": "#5", "rotation": 90},
				"south": {"uv": [11, 10, 11.25, 10.25], "texture": "#5", "rotation": 90},
				"west": {"uv": [11, 10, 11.25, 10.5], "texture": "#5", "rotation": 90},
				"up": {"uv": [11, 10, 11.5, 10.25], "texture": "#5", "rotation": 90},
				"down": {"uv": [11, 10, 11.5, 10.25], "texture": "#5", "rotation": 90}
			}
		},
		{
			"from": [7.5, 5.25, 13.25],
			"to": [7.75, 5.5, 13.75],
			"rotation": {"angle": 0, "axis": "x", "origin": [8, 7.375, 13.72917]},
			"faces": {
				"north": {"uv": [8, 9, 8.25, 9.25], "texture": "#5", "rotation": 90},
				"east": {"uv": [10, 8, 10.25, 8.5], "texture": "#5", "rotation": 90},
				"south": {"uv": [10, 8, 10.25, 8.25], "texture": "#5", "rotation": 90},
				"west": {"uv": [10, 8, 10.25, 8.5], "texture": "#5", "rotation": 90},
				"up": {"uv": [10, 8, 10.5, 8.25], "texture": "#5", "rotation": 90},
				"down": {"uv": [10, 8, 10.5, 8.25], "texture": "#5", "rotation": 90}
			}
		},
		{
			"from": [7.75, 5, 13.25],
			"to": [8.25, 5.25, 13.75],
			"rotation": {"angle": 0, "axis": "x", "origin": [8, 7.375, 13.72917]},
			"faces": {
				"north": {"uv": [6, 8, 6.25, 8.5], "texture": "#5", "rotation": 90},
				"east": {"uv": [4, 4, 4.25, 4.5], "texture": "#5", "rotation": 90},
				"south": {"uv": [4, 4, 4.25, 4.5], "texture": "#5", "rotation": 90},
				"west": {"uv": [4, 4, 4.25, 4.5], "texture": "#5", "rotation": 90},
				"up": {"uv": [4, 4, 4.5, 4.5], "texture": "#5", "rotation": 90},
				"down": {"uv": [1, 2, 1.5, 2.5], "texture": "#5", "rotation": 90}
			}
		},
		{
			"from": [7.75, 10, 14.25],
			"to": [8.25, 10.25, 15],
			"rotation": {"angle": 0, "axis": "x", "origin": [8, 7.375, 12.72917]},
			"faces": {
				"north": {"uv": [6, 8, 6.25, 8.5], "texture": "#5", "rotation": 90},
				"east": {"uv": [4, 4, 4.25, 5.5], "texture": "#5", "rotation": 90},
				"south": {"uv": [4, 4, 4.25, 4.5], "texture": "#5", "rotation": 90},
				"west": {"uv": [4, 4, 4.25, 5.5], "texture": "#5", "rotation": 90},
				"up": {"uv": [4, 4, 5.5, 4.5], "texture": "#5", "rotation": 90},
				"down": {"uv": [1, 2, 2.5, 2.5], "texture": "#5", "rotation": 90}
			}
		},
		{
			"from": [7.75, 10.5, 13.25],
			"to": [8.25, 10.75, 15.25],
			"faces": {
				"north": {"uv": [7, 3, 10, 6], "texture": "#5", "rotation": 180},
				"east": {"uv": [7, 3, 10, 6], "texture": "#5", "rotation": 180},
				"south": {"uv": [7, 3, 10, 6], "texture": "#5", "rotation": 180},
				"west": {"uv": [7, 3, 10, 6], "texture": "#5", "rotation": 180},
				"up": {"uv": [7, 3, 10, 6], "texture": "#5", "rotation": 180},
				"down": {"uv": [7, 3, 10, 6], "texture": "#5", "rotation": 180}
			}
		},
		{
			"from": [7.75, 10.25, 14.5],
			"to": [8.25, 10.5, 15.25],
			"faces": {
				"north": {"uv": [7, 3, 10, 6], "texture": "#5", "rotation": 180},
				"east": {"uv": [7, 3, 10, 6], "texture": "#5", "rotation": 180},
				"south": {"uv": [7, 3, 10, 6], "texture": "#5", "rotation": 180},
				"west": {"uv": [7, 3, 10, 6], "texture": "#5", "rotation": 180},
				"up": {"uv": [7, 3, 10, 6], "texture": "#5", "rotation": 180},
				"down": {"uv": [7, 3, 10, 6], "texture": "#5", "rotation": 180}
			}
		},
		{
			"from": [7, 9, 15.25],
			"to": [9, 10.5, 15.5],
			"faces": {
				"north": {"uv": [8, 2, 15.5, 5.5], "texture": "#5", "rotation": 180},
				"east": {"uv": [8, 6, 8.25, 7.5], "texture": "#5", "rotation": 180},
				"south": {"uv": [2, 2, 4.5, 3.5], "texture": "#5", "rotation": 180},
				"west": {"uv": [3, 5, 3.25, 6.5], "texture": "#5", "rotation": 180},
				"up": {"uv": [2, 2, 4.5, 2.25], "texture": "#5", "rotation": 180},
				"down": {"uv": [2, 2, 4.5, 2.25], "texture": "#5", "rotation": 180}
			}
		},
		{
			"from": [8.25, 10, 15.5],
			"to": [9, 10.5, 15.75],
			"faces": {
				"north": {"uv": [2, 4, 5.5, 5.5], "texture": "#5", "rotation": 180},
				"east": {"uv": [2, 4, 5.5, 5.5], "texture": "#5", "rotation": 180},
				"south": {"uv": [2, 4, 5.5, 5.5], "texture": "#5", "rotation": 180},
				"west": {"uv": [2, 4, 5.5, 5.5], "texture": "#5", "rotation": 180},
				"up": {"uv": [2, 4, 5.5, 5.5], "texture": "#5", "rotation": 180},
				"down": {"uv": [2, 4, 5.5, 5.5], "texture": "#5", "rotation": 180}
			}
		},
		{
			"from": [8.25, 9, 15.5],
			"to": [9, 9.5, 15.75],
			"faces": {
				"north": {"uv": [2, 4, 5.5, 5.5], "texture": "#5", "rotation": 180},
				"east": {"uv": [2, 4, 5.5, 5.5], "texture": "#5", "rotation": 180},
				"south": {"uv": [2, 4, 5.5, 5.5], "texture": "#5", "rotation": 180},
				"west": {"uv": [2, 4, 5.5, 5.5], "texture": "#5", "rotation": 180},
				"up": {"uv": [2, 4, 5.5, 5.5], "texture": "#5", "rotation": 180},
				"down": {"uv": [2, 4, 5.5, 5.5], "texture": "#5", "rotation": 180}
			}
		},
		{
			"from": [7, 9, 15.5],
			"to": [7.75, 9.5, 15.75],
			"faces": {
				"north": {"uv": [2, 4, 5.5, 5.5], "texture": "#5", "rotation": 180},
				"east": {"uv": [2, 4, 5.5, 5.5], "texture": "#5", "rotation": 180},
				"south": {"uv": [2, 4, 5.5, 5.5], "texture": "#5", "rotation": 180},
				"west": {"uv": [2, 4, 5.5, 5.5], "texture": "#5", "rotation": 180},
				"up": {"uv": [2, 4, 5.5, 5.5], "texture": "#5", "rotation": 180},
				"down": {"uv": [2, 4, 5.5, 5.5], "texture": "#5", "rotation": 180}
			}
		},
		{
			"from": [7, 10, 15.5],
			"to": [7.75, 10.5, 15.75],
			"faces": {
				"north": {"uv": [2, 4, 5.5, 5.5], "texture": "#5", "rotation": 180},
				"east": {"uv": [2, 4, 5.5, 5.5], "texture": "#5", "rotation": 180},
				"south": {"uv": [2, 4, 5.5, 5.5], "texture": "#5", "rotation": 180},
				"west": {"uv": [2, 4, 5.5, 5.5], "texture": "#5", "rotation": 180},
				"up": {"uv": [2, 4, 5.5, 5.5], "texture": "#5", "rotation": 180},
				"down": {"uv": [2, 4, 5.5, 5.5], "texture": "#5", "rotation": 180}
			}
		},
		{
			"from": [7, 9, 15],
			"to": [9, 10.25, 15.25],
			"faces": {
				"north": {"uv": [8, 2, 15.5, 5.5], "texture": "#5", "rotation": 180},
				"east": {"uv": [8, 6, 8.25, 7.5], "texture": "#5", "rotation": 180},
				"south": {"uv": [2, 2, 4.5, 3.5], "texture": "#5", "rotation": 180},
				"west": {"uv": [3, 5, 3.25, 6.5], "texture": "#5", "rotation": 180},
				"up": {"uv": [2, 2, 4.5, 2.25], "texture": "#5", "rotation": 180},
				"down": {"uv": [2, 2, 4.5, 2.25], "texture": "#5", "rotation": 180}
			}
		},
		{
			"from": [7.25, 9, 14.5],
			"to": [8.75, 10, 15],
			"faces": {
				"north": {"uv": [8, 2, 15.5, 5.5], "texture": "#5", "rotation": 180},
				"east": {"uv": [8, 6, 8.25, 7.5], "texture": "#5", "rotation": 180},
				"south": {"uv": [2, 2, 4.5, 3.5], "texture": "#5", "rotation": 180},
				"west": {"uv": [3, 5, 3.25, 6.5], "texture": "#5", "rotation": 180},
				"up": {"uv": [2, 2, 4.5, 2.25], "texture": "#5", "rotation": 180},
				"down": {"uv": [2, 2, 4.5, 2.25], "texture": "#5", "rotation": 180}
			}
		}
	]
}