{
	"parent": "block/cube",
	"ambientocclusion": false,
	"textures": {
		"0": "rsgauges:blocks/common/darkroughmetal",
		"5": "rsgauges:blocks/common/old_iron",
		"particle": "rsgauges:blocks/common/old_iron"
	},
	"elements": [
		{
			"from": [7.25, 13.25, 15.75],
			"to": [8.75, 15, 16],
			"faces": {
				"north": {"uv": [1, 1, 5.25, 7.75], "texture": "#5"},
				"east": {"uv": [2, 5, 3.25, 11.75], "texture": "#5"},
				"south": {"uv": [6, 3, 11.25, 14.75], "texture": "#5"},
				"west": {"uv": [6, 4, 7.25, 9.75], "texture": "#5"},
				"up": {"uv": [8, 5, 14.25, 5.75], "texture": "#5"},
				"down": {"uv": [0, 0, 0.25, 2.75], "texture": "#5"}
			}
		},
		{
			"from": [8.5, 13.5, 15.5],
			"to": [8.75, 14.75, 15.75],
			"faces": {
				"north": {"uv": [10, 7, 11.25, 13.75], "texture": "#5"},
				"east": {"uv": [5, 7, 6.25, 13.75], "texture": "#5"},
				"south": {"uv": [0, 0, 0.25, 2.75], "texture": "#5"},
				"west": {"uv": [0, 0, 0.25, 2.75], "texture": "#5"},
				"up": {"uv": [0, 0, 0.25, 2.75], "texture": "#5"},
				"down": {"uv": [0, 0, 0.25, 2.75], "texture": "#5"}
			}
		},
		{
			"from": [7.25, 13.5, 15.5],
			"to": [7.5, 14.75, 15.75],
			"faces": {
				"north": {"uv": [13, 1, 14.25, 9.75], "texture": "#5"},
				"east": {"uv": [0, 0, 0.25, 2.75], "texture": "#5"},
				"south": {"uv": [0, 0, 0.25, 2.75], "texture": "#5"},
				"west": {"uv": [4, 5, 5.25, 10.75], "texture": "#5"},
				"up": {"uv": [0, 0, 0.25, 2.75], "texture": "#5"},
				"down": {"uv": [0, 0, 0.25, 2.75], "texture": "#5"}
			}
		},
		{
			"from": [7.5, 14.75, 15.5],
			"to": [8.5, 15, 15.75],
			"faces": {
				"north": {"uv": [6, 3, 10.25, 4.25], "texture": "#5"},
				"east": {"uv": [0, 0, 0.25, 0.25], "texture": "#5"},
				"south": {"uv": [0, 0, 0.25, 0.25], "texture": "#5"},
				"west": {"uv": [0, 0, 0.25, 0.25], "texture": "#5"},
				"up": {"uv": [8, 5, 14.25, 5.75], "texture": "#5"},
				"down": {"uv": [0, 0, 0.25, 0.25], "texture": "#5"}
			}
		},
		{
			"from": [7.5, 13.25, 15.5],
			"to": [8.5, 13.5, 15.75],
			"faces": {
				"north": {"uv": [6, 3, 10.25, 4.25], "texture": "#5"},
				"east": {"uv": [0, 0, 0.25, 0.25], "texture": "#5"},
				"south": {"uv": [0, 0, 0.25, 0.25], "texture": "#5"},
				"west": {"uv": [0, 0, 0.25, 0.25], "texture": "#5"},
				"up": {"uv": [0, 0, 0.25, 0.25], "texture": "#5"},
				"down": {"uv": [0, 0, 0.25, 0.25], "texture": "#5"}
			}
		},
		{
			"from": [7, 15, 15.75],
			"to": [7.5, 15.25, 16],
			"faces": {
				"north": {"uv": [1, 1, 4.25, 3.75], "texture": "#5"},
				"east": {"uv": [1, 1, 4.25, 3.75], "texture": "#5"},
				"south": {"uv": [1, 1, 4.25, 3.75], "texture": "#5"},
				"west": {"uv": [1, 1, 4.25, 3.75], "texture": "#5"},
				"up": {"uv": [1, 1, 4.25, 3.75], "texture": "#5"},
				"down": {"uv": [1, 1, 4.25, 3.75], "texture": "#5"}
			}
		},
		{
			"from": [8.5, 13, 15.75],
			"to": [9, 13.25, 16],
			"faces": {
				"north": {"uv": [1, 1, 4.25, 3.75], "texture": "#5"},
				"east": {"uv": [1, 1, 4.25, 3.75], "texture": "#5"},
				"south": {"uv": [1, 1, 4.25, 3.75], "texture": "#5"},
				"west": {"uv": [1, 1, 4.25, 3.75], "texture": "#5"},
				"up": {"uv": [1, 1, 4.25, 3.75], "texture": "#5"},
				"down": {"uv": [1, 1, 4.25, 3.75], "texture": "#5"}
			}
		},
		{
			"from": [7, 13, 15.75],
			"to": [7.5, 13.25, 16],
			"faces": {
				"north": {"uv": [1, 1, 4.25, 3.75], "texture": "#5"},
				"east": {"uv": [1, 1, 4.25, 3.75], "texture": "#5"},
				"south": {"uv": [1, 1, 4.25, 3.75], "texture": "#5"},
				"west": {"uv": [1, 1, 4.25, 3.75], "texture": "#5"},
				"up": {"uv": [1, 1, 4.25, 3.75], "texture": "#5"},
				"down": {"uv": [1, 1, 4.25, 3.75], "texture": "#5"}
			}
		},
		{
			"from": [8.5, 15, 15.75],
			"to": [9, 15.25, 16],
			"faces": {
				"north": {"uv": [1, 1, 4.25, 3.75], "texture": "#5"},
				"east": {"uv": [1, 1, 4.25, 3.75], "texture": "#5"},
				"south": {"uv": [1, 1, 4.25, 3.75], "texture": "#5"},
				"west": {"uv": [1, 1, 4.25, 3.75], "texture": "#5"},
				"up": {"uv": [1, 1, 4.25, 3.75], "texture": "#5"},
				"down": {"uv": [1, 1, 4.25, 3.75], "texture": "#5"}
			}
		},
		{
			"from": [6.75, 14.75, 15.75],
			"to": [7, 15.25, 16],
			"faces": {
				"north": {"uv": [1, 1, 2.25, 3.75], "texture": "#5"},
				"east": {"uv": [1, 1, 2.25, 3.75], "texture": "#5"},
				"south": {"uv": [1, 1, 2.25, 3.75], "texture": "#5"},
				"west": {"uv": [1, 1, 2.25, 3.75], "texture": "#5"},
				"up": {"uv": [1, 1, 2.25, 3.75], "texture": "#5"},
				"down": {"uv": [1, 1, 2.25, 3.75], "texture": "#5"}
			}
		},
		{
			"from": [6.75, 13, 15.75],
			"to": [7, 13.5, 16],
			"faces": {
				"north": {"uv": [1, 1, 2.25, 3.75], "texture": "#5"},
				"east": {"uv": [1, 1, 2.25, 3.75], "texture": "#5"},
				"south": {"uv": [1, 1, 2.25, 3.75], "texture": "#5"},
				"west": {"uv": [1, 1, 2.25, 3.75], "texture": "#5"},
				"up": {"uv": [1, 1, 2.25, 3.75], "texture": "#5"},
				"down": {"uv": [1, 1, 2.25, 3.75], "texture": "#5"}
			}
		},
		{
			"from": [9, 13, 15.75],
			"to": [9.25, 13.5, 16],
			"faces": {
				"north": {"uv": [9, 6, 10.25, 8.75], "texture": "#5"},
				"east": {"uv": [9, 6, 10.25, 8.75], "texture": "#5"},
				"south": {"uv": [9, 6, 10.25, 8.75], "texture": "#5"},
				"west": {"uv": [9, 6, 10.25, 8.75], "texture": "#5"},
				"up": {"uv": [9, 6, 10.25, 8.75], "texture": "#5"},
				"down": {"uv": [9, 6, 10.25, 8.75], "texture": "#5"}
			}
		},
		{
			"from": [9, 14.75, 15.75],
			"to": [9.25, 15.25, 16],
			"faces": {
				"north": {"uv": [2, 4, 3.25, 6.75], "texture": "#5"},
				"east": {"uv": [2, 4, 3.25, 6.75], "texture": "#5"},
				"south": {"uv": [2, 4, 3.25, 6.75], "texture": "#5"},
				"west": {"uv": [2, 4, 3.25, 6.75], "texture": "#5"},
				"up": {"uv": [2, 4, 3.25, 6.75], "texture": "#5"},
				"down": {"uv": [2, 4, 3.25, 6.75], "texture": "#5"}
			}
		},
		{
			"from": [8.75, 13.75, 15.75],
			"to": [9, 14.5, 16],
			"faces": {
				"north": {"uv": [9, 6, 10.25, 8.75], "texture": "#5"},
				"east": {"uv": [9, 6, 10.25, 8.75], "texture": "#5"},
				"south": {"uv": [9, 6, 10.25, 8.75], "texture": "#5"},
				"west": {"uv": [9, 6, 10.25, 8.75], "texture": "#5"},
				"up": {"uv": [9, 6, 10.25, 8.75], "texture": "#5"},
				"down": {"uv": [9, 6, 10.25, 8.75], "texture": "#5"}
			}
		},
		{
			"from": [7, 13.75, 15.75],
			"to": [7.25, 14.5, 16],
			"faces": {
				"north": {"uv": [9, 6, 10.25, 8.75], "texture": "#5"},
				"east": {"uv": [9, 6, 10.25, 8.75], "texture": "#5"},
				"south": {"uv": [9, 6, 10.25, 8.75], "texture": "#5"},
				"west": {"uv": [9, 6, 10.25, 8.75], "texture": "#5"},
				"up": {"uv": [9, 6, 10.25, 8.75], "texture": "#5"},
				"down": {"uv": [9, 6, 10.25, 8.75], "texture": "#5"}
			}
		},
		{
			"from": [7.75, 13.75, 15.25],
			"to": [8.25, 14.5, 15.75],
			"faces": {
				"north": {"uv": [2, 1, 5.25, 3.25], "texture": "#0"},
				"east": {"uv": [2, 1, 5.25, 3.25], "texture": "#0"},
				"south": {"uv": [2, 1, 5.25, 3.25], "texture": "#0"},
				"west": {"uv": [2, 1, 5.25, 3.25], "texture": "#0"},
				"up": {"uv": [2, 1, 5.25, 3.25], "texture": "#0"},
				"down": {"uv": [2, 1, 5.25, 3.25], "texture": "#0"}
			}
		},
		{
			"from": [7.75, 13.75, 13.75],
			"to": [8.25, 14.25, 15.25],
			"faces": {
				"north": {"uv": [2, 1, 5.25, 15.75], "texture": "#0"},
				"east": {"uv": [1, 0.5, 13.75, 15.75], "texture": "#0"},
				"south": {"uv": [2, 1, 5.25, 15.75], "texture": "#0"},
				"west": {"uv": [2, 1, 15.25, 16.25], "texture": "#0"},
				"up": {"uv": [2, 1, 5.25, 15.75], "texture": "#0"},
				"down": {"uv": [2, 1, 5.25, 15.75], "texture": "#0"}
			}
		},
		{
			"from": [7.75, 13.75, 13.5],
			"to": [8.25, 14.75, 13.75],
			"faces": {
				"north": {"uv": [2, 1, 5.25, 15.75], "texture": "#0"},
				"east": {"uv": [1, 0.5, 13.75, 15.75], "texture": "#0"},
				"south": {"uv": [2, 1, 5.25, 15.75], "texture": "#0"},
				"west": {"uv": [2, 1, 15.25, 16.25], "texture": "#0"},
				"up": {"uv": [2, 1, 5.25, 15.75], "texture": "#0"},
				"down": {"uv": [2, 1, 5.25, 15.75], "texture": "#0"}
			}
		},
		{
			"from": [7.75, 14, 13.25],
			"to": [8.25, 14.5, 13.5],
			"faces": {
				"north": {"uv": [8.5, 2.5, 11.75, 9.75], "texture": "#0"},
				"east": {"uv": [8.5, 2.5, 11.75, 9.75], "texture": "#0"},
				"south": {"uv": [8.5, 2.5, 11.75, 9.75], "texture": "#0"},
				"west": {"uv": [8.5, 2.5, 11.75, 9.75], "texture": "#0"},
				"up": {"uv": [8.5, 2.5, 11.75, 9.75], "texture": "#0"},
				"down": {"uv": [8.5, 2.5, 11.75, 9.75], "texture": "#0"}
			}
		},
		{
			"from": [7.75, 14.25, 14],
			"to": [8.25, 14.75, 14.25],
			"faces": {
				"north": {"uv": [5.5, 8.5, 8.75, 14.75], "texture": "#0"},
				"east": {"uv": [5.5, 8.5, 8.75, 14.75], "texture": "#0"},
				"south": {"uv": [5.5, 8.5, 8.75, 14.75], "texture": "#0"},
				"west": {"uv": [5.5, 8.5, 8.75, 14.75], "texture": "#0"},
				"up": {"uv": [5.5, 8.5, 8.75, 14.75], "texture": "#0"},
				"down": {"uv": [5.5, 8.5, 8.75, 14.75], "texture": "#0"}
			}
		},
		{
			"from": [7.75, 14.25, 14.25],
			"to": [8.25, 14.5, 14.5],
			"faces": {
				"north": {"uv": [10.5, 6.5, 13.75, 10.25], "texture": "#0"},
				"east": {"uv": [10.5, 6.5, 13.75, 10.25], "texture": "#0"},
				"south": {"uv": [10.5, 6.5, 13.75, 10.25], "texture": "#0"},
				"west": {"uv": [10.5, 6.5, 13.75, 10.25], "texture": "#0"},
				"up": {"uv": [10.5, 6.5, 13.75, 10.25], "texture": "#0"},
				"down": {"uv": [10.5, 6.5, 13.75, 10.25], "texture": "#0"}
			}
		},
		{
			"from": [7.75, 14.25, 15],
			"to": [8.25, 14.5, 15.25],
			"faces": {
				"north": {"uv": [2, 1, 5.25, 4.75], "texture": "#0"},
				"east": {"uv": [2, 1, 5.25, 4.75], "texture": "#0"},
				"south": {"uv": [2, 1, 5.25, 4.75], "texture": "#0"},
				"west": {"uv": [2, 1, 5.25, 4.75], "texture": "#0"},
				"up": {"uv": [2, 1, 5.25, 4.75], "texture": "#0"},
				"down": {"uv": [2, 1, 5.25, 4.75], "texture": "#0"}
			}
		},
		{
			"from": [7.75, 12.75, 14],
			"to": [8, 13.5, 14.25],
			"faces": {
				"north": {"uv": [2, 1, 5.25, 15.75], "texture": "#0"},
				"east": {"uv": [1, 0.5, 13.75, 15.75], "texture": "#0"},
				"south": {"uv": [2, 1, 5.25, 15.75], "texture": "#0"},
				"west": {"uv": [2, 1, 15.25, 16.25], "texture": "#0"},
				"up": {"uv": [2, 1, 5.25, 15.75], "texture": "#0"},
				"down": {"uv": [2, 1, 5.25, 15.75], "texture": "#0"}
			}
		},
		{
			"from": [8.25, 13.5, 13.75],
			"to": [8.5, 14.25, 14],
			"faces": {
				"north": {"uv": [2, 1, 5.25, 15.75], "texture": "#0"},
				"east": {"uv": [1, 0.5, 13.75, 15.75], "texture": "#0"},
				"south": {"uv": [2, 1, 5.25, 15.75], "texture": "#0"},
				"west": {"uv": [2, 1, 15.25, 16.25], "texture": "#0"},
				"up": {"uv": [2, 1, 5.25, 15.75], "texture": "#0"},
				"down": {"uv": [2, 1, 5.25, 15.75], "texture": "#0"}
			}
		},
		{
			"from": [7.75, 13.25, 13.75],
			"to": [8.25, 13.5, 14],
			"faces": {
				"north": {"uv": [2, 1, 5.25, 15.75], "texture": "#0"},
				"east": {"uv": [1, 0.5, 13.75, 15.75], "texture": "#0"},
				"south": {"uv": [2, 1, 5.25, 15.75], "texture": "#0"},
				"west": {"uv": [2, 1, 15.25, 16.25], "texture": "#0"},
				"up": {"uv": [2, 1, 5.25, 15.75], "texture": "#0"},
				"down": {"uv": [2, 1, 5.25, 15.75], "texture": "#0"}
			}
		},
		{
			"from": [7.75, 12.5, 13.75],
			"to": [8, 12.75, 14.25],
			"faces": {
				"north": {"uv": [2, 1, 5.25, 15.75], "texture": "#0"},
				"east": {"uv": [1, 0.5, 13.75, 15.75], "texture": "#0"},
				"south": {"uv": [2, 1, 5.25, 15.75], "texture": "#0"},
				"west": {"uv": [2, 1, 15.25, 16.25], "texture": "#0"},
				"up": {"uv": [2, 1, 5.25, 15.75], "texture": "#0"},
				"down": {"uv": [2, 1, 5.25, 15.75], "texture": "#0"}
			}
		},
		{
			"from": [7.5, 13.5, 13.75],
			"to": [7.75, 14.25, 14],
			"faces": {
				"north": {"uv": [2, 1, 5.25, 15.75], "texture": "#0"},
				"east": {"uv": [1, 0.5, 13.75, 15.75], "texture": "#0"},
				"south": {"uv": [2, 1, 5.25, 15.75], "texture": "#0"},
				"west": {"uv": [2, 1, 15.25, 16.25], "texture": "#0"},
				"up": {"uv": [2, 1, 5.25, 15.75], "texture": "#0"},
				"down": {"uv": [2, 1, 5.25, 15.75], "texture": "#0"}
			}
		},
		{
			"from": [7.5, 14.25, 13.75],
			"to": [8.5, 14.5, 14],
			"faces": {
				"north": {"uv": [4.5, 2.5, 7.75, 4.75], "texture": "#0"},
				"east": {"uv": [4.5, 2.5, 7.75, 4.75], "texture": "#0"},
				"south": {"uv": [4.5, 2.5, 7.75, 4.75], "texture": "#0"},
				"west": {"uv": [4.5, 2.5, 7.75, 4.75], "texture": "#0"},
				"up": {"uv": [4.5, 2.5, 7.75, 4.75], "texture": "#0"},
				"down": {"uv": [4.5, 2.5, 7.75, 4.75], "texture": "#0"}
			}
		},
		{
			"from": [7.75, 12.75, 13.5],
			"to": [8, 13.5, 13.75],
			"faces": {
				"north": {"uv": [2, 1, 5.25, 15.75], "texture": "#0"},
				"east": {"uv": [1, 0.5, 13.75, 15.75], "texture": "#0"},
				"south": {"uv": [2, 1, 5.25, 15.75], "texture": "#0"},
				"west": {"uv": [2, 1, 15.25, 16.25], "texture": "#0"},
				"up": {"uv": [2, 1, 5.25, 15.75], "texture": "#0"},
				"down": {"uv": [2, 1, 5.25, 15.75], "texture": "#0"}
			}
		},
		{
			"from": [7.75, 13.5, 13.5],
			"to": [8, 13.75, 14],
			"faces": {
				"north": {"uv": [2, 1, 5.25, 15.75], "texture": "#0"},
				"east": {"uv": [1, 0.5, 13.75, 15.75], "texture": "#0"},
				"south": {"uv": [2, 1, 5.25, 15.75], "texture": "#0"},
				"west": {"uv": [2, 1, 15.25, 16.25], "texture": "#0"},
				"up": {"uv": [2, 1, 5.25, 15.75], "texture": "#0"},
				"down": {"uv": [2, 1, 5.25, 15.75], "texture": "#0"}
			}
		},
		{
			"from": [7.75, 12.75, 13.75],
			"to": [8.25, 13, 14],
			"faces": {
				"north": {"uv": [2, 1, 5.25, 15.75], "texture": "#0"},
				"east": {"uv": [1, 0.5, 13.75, 15.75], "texture": "#0"},
				"south": {"uv": [2, 1, 5.25, 15.75], "texture": "#0"},
				"west": {"uv": [2, 1, 15.25, 16.25], "texture": "#0"},
				"up": {"uv": [2, 1, 5.25, 15.75], "texture": "#0"},
				"down": {"uv": [2, 1, 5.25, 15.75], "texture": "#0"}
			}
		},
		{
			"from": [7.75, 12, 13.5],
			"to": [8, 12.25, 14],
			"faces": {
				"north": {"uv": [2, 1, 5.25, 15.75], "texture": "#0"},
				"east": {"uv": [1, 0.5, 13.75, 15.75], "texture": "#0"},
				"south": {"uv": [2, 1, 5.25, 15.75], "texture": "#0"},
				"west": {"uv": [2, 1, 15.25, 16.25], "texture": "#0"},
				"up": {"uv": [2, 1, 5.25, 15.75], "texture": "#0"},
				"down": {"uv": [2, 1, 5.25, 15.75], "texture": "#0"}
			}
		},
		{
			"from": [7.75, 11.25, 13.5],
			"to": [8, 12, 13.75],
			"faces": {
				"north": {"uv": [2, 1, 5.25, 15.75], "texture": "#0"},
				"east": {"uv": [1, 0.5, 13.75, 15.75], "texture": "#0"},
				"south": {"uv": [2, 1, 5.25, 15.75], "texture": "#0"},
				"west": {"uv": [2, 1, 15.25, 16.25], "texture": "#0"},
				"up": {"uv": [2, 1, 5.25, 15.75], "texture": "#0"},
				"down": {"uv": [2, 1, 5.25, 15.75], "texture": "#0"}
			}
		},
		{
			"from": [7.75, 11.25, 14],
			"to": [8, 12, 14.25],
			"faces": {
				"north": {"uv": [2, 1, 5.25, 15.75], "texture": "#0"},
				"east": {"uv": [1, 0.5, 13.75, 15.75], "texture": "#0"},
				"south": {"uv": [2, 1, 5.25, 15.75], "texture": "#0"},
				"west": {"uv": [2, 1, 15.25, 16.25], "texture": "#0"},
				"up": {"uv": [2, 1, 5.25, 15.75], "texture": "#0"},
				"down": {"uv": [2, 1, 5.25, 15.75], "texture": "#0"}
			}
		},
		{
			"from": [7.75, 11, 13.75],
			"to": [8, 11.25, 14.25],
			"faces": {
				"north": {"uv": [2, 1, 5.25, 15.75], "texture": "#0"},
				"east": {"uv": [1, 0.5, 13.75, 15.75], "texture": "#0"},
				"south": {"uv": [2, 1, 5.25, 15.75], "texture": "#0"},
				"west": {"uv": [2, 1, 15.25, 16.25], "texture": "#0"},
				"up": {"uv": [2, 1, 5.25, 15.75], "texture": "#0"},
				"down": {"uv": [2, 1, 5.25, 15.75], "texture": "#0"}
			}
		},
		{
			"from": [7.5, 12, 13.75],
			"to": [7.75, 12.75, 14],
			"faces": {
				"north": {"uv": [2, 1, 5.25, 15.75], "texture": "#0"},
				"east": {"uv": [1, 0.5, 13.75, 15.75], "texture": "#0"},
				"south": {"uv": [2, 1, 5.25, 15.75], "texture": "#0"},
				"west": {"uv": [2, 1, 15.25, 16.25], "texture": "#0"},
				"up": {"uv": [2, 1, 5.25, 15.75], "texture": "#0"},
				"down": {"uv": [2, 1, 5.25, 15.75], "texture": "#0"}
			}
		},
		{
			"from": [8, 12, 13.75],
			"to": [8.25, 12.75, 14],
			"faces": {
				"north": {"uv": [2, 1, 5.25, 15.75], "texture": "#0"},
				"east": {"uv": [1, 0.5, 13.75, 15.75], "texture": "#0"},
				"south": {"uv": [2, 1, 5.25, 15.75], "texture": "#0"},
				"west": {"uv": [2, 1, 15.25, 16.25], "texture": "#0"},
				"up": {"uv": [2, 1, 5.25, 15.75], "texture": "#0"},
				"down": {"uv": [2, 1, 5.25, 15.75], "texture": "#0"}
			}
		},
		{
			"from": [7.5, 11.75, 13.75],
			"to": [8, 12, 14],
			"faces": {
				"north": {"uv": [2, 1, 5.25, 15.75], "texture": "#0"},
				"east": {"uv": [1, 0.5, 13.75, 15.75], "texture": "#0"},
				"south": {"uv": [2, 1, 5.25, 15.75], "texture": "#0"},
				"west": {"uv": [2, 1, 15.25, 16.25], "texture": "#0"},
				"up": {"uv": [2, 1, 5.25, 15.75], "texture": "#0"},
				"down": {"uv": [2, 1, 5.25, 15.75], "texture": "#0"}
			}
		},
		{
			"from": [7.75, 10.5, 13.75],
			"to": [8, 10.75, 14.25],
			"faces": {
				"north": {"uv": [2, 1, 5.25, 15.75], "texture": "#0"},
				"east": {"uv": [1, 0.5, 13.75, 15.75], "texture": "#0"},
				"south": {"uv": [2, 1, 5.25, 15.75], "texture": "#0"},
				"west": {"uv": [2, 1, 15.25, 16.25], "texture": "#0"},
				"up": {"uv": [2, 1, 5.25, 15.75], "texture": "#0"},
				"down": {"uv": [2, 1, 5.25, 15.75], "texture": "#0"}
			}
		},
		{
			"from": [7.75, 10, 13.5],
			"to": [8, 10.5, 13.75],
			"faces": {
				"north": {"uv": [2, 1, 5.25, 15.75], "texture": "#0"},
				"east": {"uv": [1, 0.5, 13.75, 15.75], "texture": "#0"},
				"south": {"uv": [2, 1, 5.25, 15.75], "texture": "#0"},
				"west": {"uv": [2, 1, 15.25, 16.25], "texture": "#0"},
				"up": {"uv": [2, 1, 5.25, 15.75], "texture": "#0"},
				"down": {"uv": [2, 1, 5.25, 15.75], "texture": "#0"}
			}
		},
		{
			"from": [8, 9.75, 14],
			"to": [8, 10.5, 14.25],
			"faces": {
				"north": {"uv": [2, 1, 5.25, 15.75], "texture": "#0"},
				"east": {"uv": [1, 0.5, 13.75, 15.75], "texture": "#0"},
				"south": {"uv": [2, 1, 5.25, 15.75], "texture": "#0"},
				"west": {"uv": [2, 1, 15.25, 16.25], "texture": "#0"},
				"up": {"uv": [2, 1, 5.25, 15.75], "texture": "#0"},
				"down": {"uv": [2, 1, 5.25, 15.75], "texture": "#0"}
			}
		},
		{
			"from": [7.5, 9.75, 13.5],
			"to": [8.25, 10, 14.25],
			"faces": {
				"north": {"uv": [6, 8.5, 9.25, 12.25], "texture": "#0"},
				"east": {"uv": [6, 8.5, 9.25, 12.25], "texture": "#0"},
				"south": {"uv": [7.5, 13, 13.75, 15.25], "texture": "#0"},
				"west": {"uv": [6, 8.5, 9.25, 12.25], "texture": "#0"},
				"up": {"uv": [6, 8.5, 9.25, 12.25], "texture": "#0"},
				"down": {"uv": [6, 8.5, 9.25, 12.25], "texture": "#0"}
			}
		},
		{
			"from": [8, 10.5, 13.75],
			"to": [8.25, 11.25, 14],
			"faces": {
				"north": {"uv": [2, 1, 5.25, 15.75], "texture": "#0"},
				"east": {"uv": [1, 0.5, 13.75, 15.75], "texture": "#0"},
				"south": {"uv": [2, 1, 5.25, 15.75], "texture": "#0"},
				"west": {"uv": [2, 1, 15.25, 16.25], "texture": "#0"},
				"up": {"uv": [2, 1, 5.25, 15.75], "texture": "#0"},
				"down": {"uv": [2, 1, 5.25, 15.75], "texture": "#0"}
			}
		},
		{
			"from": [7.5, 10.5, 13.75],
			"to": [7.75, 11.25, 14],
			"faces": {
				"north": {"uv": [2, 1, 5.25, 15.75], "texture": "#0"},
				"east": {"uv": [1, 0.5, 13.75, 15.75], "texture": "#0"},
				"south": {"uv": [2, 1, 5.25, 15.75], "texture": "#0"},
				"west": {"uv": [2, 1, 15.25, 16.25], "texture": "#0"},
				"up": {"uv": [2, 1, 5.25, 15.75], "texture": "#0"},
				"down": {"uv": [2, 1, 5.25, 15.75], "texture": "#0"}
			}
		},
		{
			"from": [7.5, 10.25, 13.75],
			"to": [8, 10.5, 14],
			"faces": {
				"north": {"uv": [2, 1, 5.25, 15.75], "texture": "#0"},
				"east": {"uv": [1, 0.5, 13.75, 15.75], "texture": "#0"},
				"south": {"uv": [2, 1, 5.25, 15.75], "texture": "#0"},
				"west": {"uv": [2, 1, 15.25, 16.25], "texture": "#0"},
				"up": {"uv": [2, 1, 5.25, 15.75], "texture": "#0"},
				"down": {"uv": [2, 1, 5.25, 15.75], "texture": "#0"}
			}
		},
		{
			"from": [7.75, 11.25, 13.75],
			"to": [8.25, 11.5, 14],
			"faces": {
				"north": {"uv": [2, 1, 5.25, 15.75], "texture": "#0"},
				"east": {"uv": [1, 0.5, 13.75, 15.75], "texture": "#0"},
				"south": {"uv": [2, 1, 5.25, 15.75], "texture": "#0"},
				"west": {"uv": [2, 1, 15.25, 16.25], "texture": "#0"},
				"up": {"uv": [2, 1, 5.25, 15.75], "texture": "#0"},
				"down": {"uv": [2, 1, 5.25, 15.75], "texture": "#0"}
			}
		},
		{
			"from": [8, 9.5, 13.5],
			"to": [8.75, 9.75, 14.25],
			"faces": {
				"north": {"uv": [1.5, 10.5, 7.75, 12.75], "texture": "#0"},
				"east": {"uv": [6, 8.5, 9.25, 12.25], "texture": "#0"},
				"south": {"uv": [6.5, 6.5, 12.75, 8.75], "texture": "#0"},
				"west": {"uv": [6, 8.5, 9.25, 12.25], "texture": "#0"},
				"up": {"uv": [6.5, 10, 11.25, 12.75], "texture": "#0"},
				"down": {"uv": [6, 8.5, 9.25, 12.25], "texture": "#0"}
			}
		},
		{
			"from": [7, 9.5, 13.5],
			"to": [7.75, 9.75, 14.25],
			"faces": {
				"north": {"uv": [6.5, 6.5, 13.75, 8.25], "texture": "#0"},
				"east": {"uv": [6, 8.5, 9.25, 12.25], "texture": "#0"},
				"south": {"uv": [1.5, 13, 6.25, 15.25], "texture": "#0"},
				"west": {"uv": [6, 8.5, 9.25, 12.25], "texture": "#0"},
				"up": {"uv": [1, 0.5, 5.25, 3.25], "texture": "#0"},
				"down": {"uv": [6, 8.5, 9.25, 12.25], "texture": "#0"}
			}
		},
		{
			"from": [8.25, 9.25, 13.5],
			"to": [9.25, 9.5, 14.25],
			"faces": {
				"north": {"uv": [6, 8.5, 12.75, 10.75], "texture": "#0"},
				"east": {"uv": [6, 8.5, 9.25, 12.25], "texture": "#0"},
				"south": {"uv": [1.5, 1, 8.75, 3.25], "texture": "#0"},
				"west": {"uv": [6, 8.5, 9.25, 12.25], "texture": "#0"},
				"up": {"uv": [11.5, 2, 15.75, 4.75], "texture": "#0"},
				"down": {"uv": [6, 8.5, 9.25, 12.25], "texture": "#0"}
			}
		},
		{
			"from": [6.5, 9.25, 13.5],
			"to": [7.5, 9.5, 14.25],
			"faces": {
				"north": {"uv": [0.5, 9.5, 6.25, 11.25], "texture": "#0"},
				"east": {"uv": [6, 8.5, 9.25, 12.25], "texture": "#0"},
				"south": {"uv": [6.5, 4.5, 12.25, 6.25], "texture": "#0"},
				"west": {"uv": [6, 8.5, 9.25, 12.25], "texture": "#0"},
				"up": {"uv": [6, 6, 10.75, 8.75], "texture": "#0"},
				"down": {"uv": [6, 8.5, 9.25, 12.25], "texture": "#0"}
			}
		},
		{
			"from": [6.5, 8.25, 13.5],
			"to": [7, 9.25, 14.25],
			"faces": {
				"north": {"uv": [2.5, 6, 5.75, 13.75], "texture": "#0"},
				"east": {"uv": [2.5, 6, 5.75, 13.75], "texture": "#0"},
				"south": {"uv": [9, 2, 12.25, 7.25], "texture": "#0"},
				"west": {"uv": [2.5, 6, 5.75, 13.75], "texture": "#0"},
				"up": {"uv": [2.5, 6, 5.75, 13.75], "texture": "#0"},
				"down": {"uv": [2.5, 6, 5.75, 13.75], "texture": "#0"}
			}
		},
		{
			"from": [8.75, 8.25, 13.5],
			"to": [9.25, 9.25, 14.25],
			"faces": {
				"north": {"uv": [6, 5, 9.25, 12.25], "texture": "#0"},
				"east": {"uv": [6, 5, 9.25, 12.25], "texture": "#0"},
				"south": {"uv": [0, 10, 3.25, 15.25], "texture": "#0"},
				"west": {"uv": [6, 5, 9.25, 12.25], "texture": "#0"},
				"up": {"uv": [6, 5, 9.25, 12.25], "texture": "#0"},
				"down": {"uv": [6, 5, 9.25, 12.25], "texture": "#0"}
			}
		},
		{
			"from": [8.5, 8, 13.5],
			"to": [9, 8.25, 14.25],
			"faces": {
				"north": {"uv": [10, 9.5, 13.25, 10.75], "texture": "#0"},
				"east": {"uv": [6, 8.5, 9.25, 12.25], "texture": "#0"},
				"south": {"uv": [6, 8.5, 9.25, 12.25], "texture": "#0"},
				"west": {"uv": [6, 8.5, 9.25, 12.25], "texture": "#0"},
				"up": {"uv": [6, 8.5, 9.25, 12.25], "texture": "#0"},
				"down": {"uv": [6, 8.5, 9.25, 12.25], "texture": "#0"}
			}
		},
		{
			"from": [6.75, 8, 13.5],
			"to": [7.25, 8.25, 14.25],
			"faces": {
				"north": {"uv": [8, 11.5, 11.25, 12.75], "texture": "#0"},
				"east": {"uv": [6, 8.5, 9.25, 12.25], "texture": "#0"},
				"south": {"uv": [6, 8.5, 9.25, 12.25], "texture": "#0"},
				"west": {"uv": [6, 8.5, 9.25, 12.25], "texture": "#0"},
				"up": {"uv": [6, 8.5, 9.25, 12.25], "texture": "#0"},
				"down": {"uv": [6, 8.5, 9.25, 12.25], "texture": "#0"}
			}
		},
		{
			"from": [7, 7.75, 13.5],
			"to": [8.75, 8, 14.25],
			"faces": {
				"north": {"uv": [0, 11, 2.75, 14.25], "texture": "#0"},
				"east": {"uv": [6, 8.5, 9.25, 12.25], "texture": "#0"},
				"south": {"uv": [3.5, 8.5, 12.25, 10.75], "texture": "#0"},
				"west": {"uv": [6, 8.5, 9.25, 12.25], "texture": "#0"},
				"up": {"uv": [4, 8.5, 14.25, 11.25], "texture": "#0"},
				"down": {"uv": [6, 8.5, 9.25, 12.25], "texture": "#0"}
			}
		},
		{
			"from": [7.25, 7.5, 13.5],
			"to": [8.5, 7.75, 14.25],
			"faces": {
				"north": {"uv": [8, 7, 11.25, 8.75], "texture": "#0"},
				"east": {"uv": [6, 8.5, 9.25, 12.25], "texture": "#0"},
				"south": {"uv": [5, 2.5, 13.75, 4.25], "texture": "#0"},
				"west": {"uv": [6, 8.5, 9.25, 12.25], "texture": "#0"},
				"up": {"uv": [6, 8.5, 9.25, 12.25], "texture": "#0"},
				"down": {"uv": [6, 8.5, 9.25, 12.25], "texture": "#0"}
			}
		}
	],
	"display": {
		"thirdperson_righthand": {
			"rotation": [69, 7, 12],
			"translation": [0.25, 2.5, -5],
			"scale": [0.6, 0.6, 0.6]
		},
		"firstperson_righthand": {
			"rotation": [0, 57, 0],
			"translation": [-1.5, -0.25, 0],
			"scale": [0.6, 0.6, 0.6]
		},
		"ground": {
			"translation": [0, -3, -4.25],
			"scale": [0.6, 0.6, 0.6]
		},
		"gui": {
			"rotation": [30, -135, 0],
			"translation": [7.5, -8.25, 0],
			"scale": [1.6, 1.6, 1.6]
		},
		"fixed": {
			"translation": [0, -3, -9.5],
			"scale": [1.2, 1.2, 1.2]
		}
	}
}