{
	"parent": "block/cube",
	"ambientocclusion": false,
	"textures": {
		"1": "rsgauges:blocks/common/old_gold",
		"3": "rsgauges:blocks/common/old_wood",
		"5": "rsgauges:blocks/common/old_iron",
		"particle": "rsgauges:blocks/common/old_iron"
	},
	"elements": [
		{
			"from": [8.25, 9.25, 15.25],
			"to": [8.5, 12, 15.5],
			"faces": {
				"north": {"uv": [10, 5, 11.25, 10], "texture": "#5"},
				"east": {"uv": [10, 5, 11.25, 10], "texture": "#5"},
				"south": {"uv": [10, 5, 11.25, 10], "texture": "#5"},
				"west": {"uv": [10, 5, 11.25, 10], "texture": "#5"},
				"up": {"uv": [10, 5, 11.25, 10], "texture": "#5"},
				"down": {"uv": [10, 5, 11.25, 10], "texture": "#5"}
			}
		},
		{
			"from": [7.5, 9, 15.5],
			"to": [8.5, 9.25, 16],
			"faces": {
				"north": {"uv": [7, 7, 16, 8.25], "texture": "#5"},
				"east": {"uv": [8.75, 7, 9.25, 7.25], "texture": "#5"},
				"south": {"uv": [7, 7, 9, 7.25], "texture": "#5"},
				"west": {"uv": [6.75, 7, 7.25, 7.25], "texture": "#5"},
				"up": {"uv": [7, 6.75, 9, 7.25], "texture": "#5"},
				"down": {"uv": [7, 8.75, 9, 9.25], "texture": "#5"}
			}
		},
		{
			"from": [7.5, 12, 15.5],
			"to": [8.5, 12.25, 16],
			"faces": {
				"north": {"uv": [7, 7, 16, 8.25], "texture": "#5"},
				"east": {"uv": [8.75, 7, 9.25, 7.25], "texture": "#5"},
				"south": {"uv": [7, 7, 9, 7.25], "texture": "#5"},
				"west": {"uv": [6.75, 7, 7.25, 7.25], "texture": "#5"},
				"up": {"uv": [7, 6.75, 9, 7.25], "texture": "#5"},
				"down": {"uv": [7, 8.75, 9, 9.25], "texture": "#5"}
			}
		},
		{
			"from": [7.5, 9.25, 15.25],
			"to": [7.75, 12, 15.5],
			"faces": {
				"north": {"uv": [9, 7, 10.25, 11], "texture": "#5"},
				"east": {"uv": [9, 7, 10.25, 11], "texture": "#5"},
				"south": {"uv": [9, 7, 10.25, 11], "texture": "#5"},
				"west": {"uv": [9, 7, 10.25, 11], "texture": "#5"},
				"up": {"uv": [9, 7, 10.25, 11], "texture": "#5"},
				"down": {"uv": [9, 7, 10.25, 11], "texture": "#5"}
			}
		},
		{
			"from": [7.5, 9, 15.25],
			"to": [8.5, 9.25, 15.5],
			"faces": {
				"north": {"uv": [8, 5, 11.25, 8], "texture": "#5"},
				"east": {"uv": [10, 5, 11.25, 10], "texture": "#5"},
				"south": {"uv": [10, 5, 11.25, 10], "texture": "#5"},
				"west": {"uv": [10, 5, 11.25, 10], "texture": "#5"},
				"up": {"uv": [10, 5, 11.25, 10], "texture": "#5"},
				"down": {"uv": [10, 5, 11.25, 10], "texture": "#5"}
			}
		},
		{
			"from": [7.25, 9.25, 15.5],
			"to": [8.75, 12, 16],
			"faces": {
				"north": {"uv": [6.25, 7.25, 13.75, 15.5], "texture": "#5"},
				"east": {"uv": [8.75, 7.25, 9.25, 10.5], "texture": "#5"},
				"south": {"uv": [6.25, 7.25, 9.75, 10.5], "texture": "#5"},
				"west": {"uv": [6.75, 7.25, 7.25, 10.5], "texture": "#5"},
				"up": {"uv": [6.25, 6.75, 9.75, 7.25], "texture": "#5"},
				"down": {"uv": [6.25, 8.75, 9.75, 9.25], "texture": "#5"}
			}
		},
		{
			"from": [7.5, 12, 15.25],
			"to": [8.5, 12.25, 15.5],
			"faces": {
				"north": {"uv": [8, 5, 11.25, 8], "texture": "#5"},
				"east": {"uv": [10, 5, 11.25, 10], "texture": "#5"},
				"south": {"uv": [10, 5, 11.25, 10], "texture": "#5"},
				"west": {"uv": [10, 5, 11.25, 10], "texture": "#5"},
				"up": {"uv": [5, 6, 8.25, 7], "texture": "#5"},
				"down": {"uv": [10, 5, 11.25, 10], "texture": "#5"}
			}
		},
		{
			"from": [7.75, 10.5, 15.25],
			"to": [8.25, 11.25, 15.5],
			"faces": {
				"north": {"uv": [8, 5, 11.25, 8], "texture": "#5"},
				"east": {"uv": [10, 5, 11.25, 10], "texture": "#5"},
				"south": {"uv": [10, 5, 11.25, 10], "texture": "#5"},
				"west": {"uv": [10, 5, 11.25, 10], "texture": "#5"},
				"up": {"uv": [5, 6, 8.25, 7], "texture": "#5"},
				"down": {"uv": [10, 5, 11.25, 10], "texture": "#5"}
			}
		},
		{
			"from": [7.75, 12.25, 14.5],
			"to": [8, 12.5, 14.75],
			"faces": {
				"north": {"uv": [3, 6, 3.25, 6.25], "rotation": 270, "texture": "#1"},
				"east": {"uv": [3, 6, 3.25, 6.25], "rotation": 270, "texture": "#1"},
				"south": {"uv": [3, 6, 3.25, 6.25], "rotation": 270, "texture": "#1"},
				"west": {"uv": [3, 6, 3.25, 6.25], "rotation": 270, "texture": "#1"},
				"up": {"uv": [3, 6, 3.25, 6.25], "rotation": 270, "texture": "#1"},
				"down": {"uv": [3, 6, 3.25, 6.25], "rotation": 270, "texture": "#1"}
			}
		},
		{
			"from": [8, 12, 14.75],
			"to": [8.25, 12.25, 15],
			"faces": {
				"north": {"uv": [3, 6, 3.25, 6.25], "rotation": 270, "texture": "#1"},
				"east": {"uv": [3, 6, 3.25, 6.25], "rotation": 270, "texture": "#1"},
				"south": {"uv": [3, 6, 3.25, 6.25], "rotation": 270, "texture": "#1"},
				"west": {"uv": [3, 6, 3.25, 6.25], "rotation": 270, "texture": "#1"},
				"up": {"uv": [3, 6, 3.25, 6.25], "rotation": 270, "texture": "#1"},
				"down": {"uv": [3, 6, 3.25, 6.25], "rotation": 270, "texture": "#1"}
			}
		},
		{
			"from": [7.75, 11.75, 14.75],
			"to": [8, 12, 15],
			"faces": {
				"north": {"uv": [3, 6, 3.25, 6.25], "rotation": 270, "texture": "#1"},
				"east": {"uv": [3, 6, 3.25, 6.25], "rotation": 270, "texture": "#1"},
				"south": {"uv": [3, 6, 3.25, 6.25], "rotation": 270, "texture": "#1"},
				"west": {"uv": [3, 6, 3.25, 6.25], "rotation": 270, "texture": "#1"},
				"up": {"uv": [3, 6, 3.25, 6.25], "rotation": 270, "texture": "#1"},
				"down": {"uv": [3, 6, 3.25, 6.25], "rotation": 270, "texture": "#1"}
			}
		},
		{
			"from": [8, 11.75, 15],
			"to": [8.25, 12, 15.25],
			"faces": {
				"north": {"uv": [3, 6, 3.25, 6.25], "rotation": 270, "texture": "#1"},
				"east": {"uv": [3, 6, 3.25, 6.25], "rotation": 270, "texture": "#1"},
				"south": {"uv": [3, 6, 3.25, 6.25], "rotation": 270, "texture": "#1"},
				"west": {"uv": [3, 6, 3.25, 6.25], "rotation": 270, "texture": "#1"},
				"up": {"uv": [3, 6, 3.25, 6.25], "rotation": 270, "texture": "#1"},
				"down": {"uv": [3, 6, 3.25, 6.25], "rotation": 270, "texture": "#1"}
			}
		},
		{
			"from": [7.75, 11.5, 15.25],
			"to": [8, 11.75, 15.5],
			"faces": {
				"north": {"uv": [3, 6, 3.25, 6.25], "rotation": 270, "texture": "#1"},
				"east": {"uv": [3, 6, 3.25, 6.25], "rotation": 270, "texture": "#1"},
				"south": {"uv": [3, 6, 3.25, 6.25], "rotation": 270, "texture": "#1"},
				"west": {"uv": [3, 6, 3.25, 6.25], "rotation": 270, "texture": "#1"},
				"up": {"uv": [3, 6, 3.25, 6.25], "rotation": 270, "texture": "#1"},
				"down": {"uv": [3, 6, 3.25, 6.25], "rotation": 270, "texture": "#1"}
			}
		},
		{
			"from": [8, 12.25, 14.5],
			"to": [8.25, 12.5, 14.75],
			"faces": {
				"north": {"uv": [3, 6, 3.25, 6.25], "rotation": 270, "texture": "#1"},
				"east": {"uv": [3, 6, 3.25, 6.25], "rotation": 270, "texture": "#1"},
				"south": {"uv": [3, 6, 3.25, 6.25], "rotation": 270, "texture": "#1"},
				"west": {"uv": [3, 6, 3.25, 6.25], "rotation": 270, "texture": "#1"},
				"up": {"uv": [3, 6, 3.25, 6.25], "rotation": 270, "texture": "#1"},
				"down": {"uv": [3, 6, 3.25, 6.25], "rotation": 270, "texture": "#1"}
			}
		},
		{
			"from": [7.5, 9.25, 12.5],
			"to": [8.5, 9.5, 13.5],
			"rotation": {"angle": 22.5, "axis": "x", "origin": [8, 8.80556, 13.11111]},
			"faces": {
				"north": {"uv": [7.5, 7.25, 11.75, 11.5], "rotation": 90, "texture": "#1"},
				"east": {"uv": [7.5, 7.25, 11.75, 11.5], "rotation": 270, "texture": "#1"},
				"south": {"uv": [7.5, 7.25, 11.75, 11.5], "rotation": 270, "texture": "#1"},
				"west": {"uv": [7.5, 7.25, 11.75, 11.5], "rotation": 270, "texture": "#1"},
				"up": {"uv": [7.5, 7.25, 11.75, 11.5], "rotation": 270, "texture": "#1"},
				"down": {"uv": [7.5, 7.25, 11.75, 11.5], "rotation": 270, "texture": "#1"}
			}
		},
		{
			"from": [7.5, 6.25, 12.75],
			"to": [8.5, 9.25, 13.25],
			"rotation": {"angle": 22.5, "axis": "x", "origin": [8, 8.80556, 13.11111]},
			"faces": {
				"north": {"uv": [4, 6, 11.75, 9.5], "rotation": 90, "texture": "#3"},
				"east": {"uv": [4, 6, 11.75, 9.5], "rotation": 270, "texture": "#3"},
				"south": {"uv": [4, 6, 11.75, 9.5], "rotation": 270, "texture": "#3"},
				"west": {"uv": [4, 6, 11.75, 9.5], "rotation": 270, "texture": "#3"},
				"up": {"uv": [4, 6, 11.75, 9.5], "rotation": 270, "texture": "#3"},
				"down": {"uv": [4, 6, 11.75, 9.5], "rotation": 270, "texture": "#3"}
			}
		},
		{
			"from": [7.75, 6.25, 12.5],
			"to": [8.25, 9.25, 12.75],
			"rotation": {"angle": 22.5, "axis": "x", "origin": [8, 8.80556, 13.11111]},
			"faces": {
				"north": {"uv": [4, 6, 11.75, 9.5], "rotation": 90, "texture": "#3"},
				"east": {"uv": [4, 6, 11.75, 9.5], "rotation": 270, "texture": "#3"},
				"south": {"uv": [4, 6, 11.75, 9.5], "rotation": 270, "texture": "#3"},
				"west": {"uv": [4, 6, 11.75, 9.5], "rotation": 270, "texture": "#3"},
				"up": {"uv": [4, 6, 11.75, 9.5], "rotation": 270, "texture": "#3"},
				"down": {"uv": [4, 6, 11.75, 9.5], "rotation": 270, "texture": "#3"}
			}
		},
		{
			"from": [7.5, 6, 12.5],
			"to": [8.5, 6.25, 13.5],
			"rotation": {"angle": 22.5, "axis": "x", "origin": [8, 8.80556, 13.11111]},
			"faces": {
				"north": {"uv": [2, 6, 8.25, 14.25], "rotation": 180, "texture": "#1"},
				"east": {"uv": [2, 6, 8.25, 14.25], "texture": "#1"},
				"south": {"uv": [2, 6, 8.25, 14.25], "texture": "#1"},
				"west": {"uv": [2, 6, 8.25, 14.25], "texture": "#1"},
				"up": {"uv": [2, 6, 8.25, 14.25], "texture": "#1"},
				"down": {"uv": [2, 6, 8.25, 14.25], "texture": "#1"}
			}
		},
		{
			"from": [7.75, 6.25, 13.25],
			"to": [8.25, 9.25, 13.5],
			"rotation": {"angle": 22.5, "axis": "x", "origin": [8, 8.80556, 13.11111]},
			"faces": {
				"north": {"uv": [4, 6, 11.75, 9.5], "rotation": 90, "texture": "#3"},
				"east": {"uv": [4, 6, 11.75, 9.5], "rotation": 270, "texture": "#3"},
				"south": {"uv": [4, 6, 11.75, 9.5], "rotation": 270, "texture": "#3"},
				"west": {"uv": [4, 6, 11.75, 9.5], "rotation": 270, "texture": "#3"},
				"up": {"uv": [4, 6, 11.75, 9.5], "rotation": 270, "texture": "#3"},
				"down": {"uv": [4, 6, 11.75, 9.5], "rotation": 270, "texture": "#3"}
			}
		},
		{
			"from": [7.75, 5.75, 12.75],
			"to": [8.25, 6, 13.25],
			"rotation": {"angle": 22.5, "axis": "x", "origin": [8, 8.80556, 13.11111]},
			"faces": {
				"north": {"uv": [7.5, 11, 8.25, 11.75], "rotation": 90, "texture": "#5"},
				"east": {"uv": [7, 11, 10.75, 15.25], "rotation": 270, "texture": "#5"},
				"south": {"uv": [7.5, 4.25, 8.25, 5], "rotation": 90, "texture": "#5"},
				"west": {"uv": [7.5, 14.25, 8.25, 14.5], "rotation": 90, "texture": "#5"},
				"up": {"uv": [4.25, 14.25, 5, 14.5], "rotation": 180, "texture": "#5"},
				"down": {"uv": [11, 14.25, 11.75, 14.5], "texture": "#5"}
			}
		},
		{
			"from": [7.75, 9.5, 12.75],
			"to": [8.25, 12.5, 13.25],
			"rotation": {"angle": 22.5, "axis": "x", "origin": [8, 8.80556, 13.11111]},
			"faces": {
				"north": {"uv": [1, 5, 16.25, 8], "rotation": 90, "texture": "#5"},
				"east": {"uv": [1, 5, 16.25, 8], "rotation": 270, "texture": "#5"},
				"south": {"uv": [1, 5, 16.25, 8], "rotation": 270, "texture": "#5"},
				"west": {"uv": [1, 5, 16.25, 8], "rotation": 270, "texture": "#5"},
				"up": {"uv": [1, 5, 16.25, 8], "rotation": 270, "texture": "#5"},
				"down": {"uv": [1, 5, 16.25, 8], "rotation": 270, "texture": "#5"}
			}
		},
		{
			"from": [7.75, 10.75, 13.25],
			"to": [8.25, 11.25, 14.75],
			"rotation": {"angle": 22.5, "axis": "x", "origin": [8, 8.80556, 13.11111]},
			"faces": {
				"north": {"uv": [4, 5, 7.5, 8.5], "rotation": 180, "texture": "#5"},
				"east": {"uv": [4, 5, 7.5, 8.5], "rotation": 180, "texture": "#5"},
				"south": {"uv": [4, 5, 7.5, 8.5], "rotation": 180, "texture": "#5"},
				"west": {"uv": [4, 5, 7.5, 8.5], "rotation": 180, "texture": "#5"},
				"up": {"uv": [4, 5, 7.5, 8.5], "rotation": 180, "texture": "#5"},
				"down": {"uv": [4, 5, 7.5, 8.5], "rotation": 180, "texture": "#5"}
			}
		},
		{
			"from": [7.75, 12.5, 12.75],
			"to": [8.25, 12.75, 13.25],
			"rotation": {"angle": 22.5, "axis": "x", "origin": [8, 8.80556, 13.11111]},
			"faces": {
				"north": {"uv": [2, 6, 8.25, 14.25], "rotation": 180, "texture": "#1"},
				"east": {"uv": [2, 6, 8.25, 14.25], "texture": "#1"},
				"south": {"uv": [2, 6, 8.25, 14.25], "texture": "#1"},
				"west": {"uv": [2, 6, 8.25, 14.25], "texture": "#1"},
				"up": {"uv": [2, 6, 8.25, 14.25], "texture": "#1"},
				"down": {"uv": [2, 6, 8.25, 14.25], "texture": "#1"}
			}
		}
	],
	"display": {
		"thirdperson_righthand": {
			"rotation": [24, 180, -2],
			"translation": [0, -2.25, 4.25]
		},
		"firstperson_righthand": {
			"rotation": [0, 77, 167],
			"translation": [-2.25, 1.25, 0],
			"scale": [0.8, 0.8, 0.8]
		},
		"ground": {
			"translation": [0, -1, -3.25],
			"scale": [0.6, 0.6, 0.6]
		},
		"gui": {
			"rotation": [30, -135, 0],
			"translation": [7.75, -5, 0],
			"scale": [1.7, 1.7, 1.7]
		},
		"fixed": {
			"translation": [0, 0, -9.5],
			"scale": [1.2, 1.2, 1.2]
		}
	}
}