{
	"parent": "block/cube",
	"ambientocclusion": false,
	"textures": {
		"1": "rsgauges:blocks/common/old_gold",
		"3": "rsgauges:blocks/common/old_wood",
		"5": "rsgauges:blocks/common/old_iron",
		"particle": "rsgauges:blocks/common/old_iron"
	},
	"elements": [
		{
			"from": [6.75, 7.25, 15.75],
			"to": [7, 8.75, 16],
			"faces": {
				"north": {"uv": [9, 7.25, 9.25, 8.75], "texture": "#5"},
				"east": {"uv": [0, 7.25, 0.25, 8.75], "texture": "#5"},
				"south": {"uv": [6.75, 7.25, 7, 8.75], "texture": "#5"},
				"west": {"uv": [15.75, 7.25, 16, 8.75], "texture": "#5"},
				"up": {"uv": [6.75, 15.75, 7, 16], "texture": "#5"},
				"down": {"uv": [6.75, 0, 7, 0.25], "texture": "#5"}
			}
		},
		{
			"from": [9, 7.25, 15.75],
			"to": [9.25, 8.75, 16],
			"faces": {
				"north": {"uv": [6.75, 7.25, 7, 8.75], "texture": "#5"},
				"east": {"uv": [0, 7.25, 0.25, 8.75], "texture": "#5"},
				"south": {"uv": [9, 7.25, 9.25, 8.75], "texture": "#5"},
				"west": {"uv": [15.75, 7.25, 16, 8.75], "texture": "#5"},
				"up": {"uv": [9, 15.75, 9.25, 16], "texture": "#5"},
				"down": {"uv": [9, 0, 9.25, 0.25], "texture": "#5"}
			}
		},
		{
			"from": [7, 7, 15.75],
			"to": [9, 9, 16],
			"faces": {
				"north": {"uv": [7, 7, 9, 9], "texture": "#5"},
				"east": {"uv": [0, 7, 0.25, 9], "texture": "#5"},
				"south": {"uv": [7, 7, 9, 9], "texture": "#5"},
				"west": {"uv": [15.75, 7, 16, 9], "texture": "#5"},
				"up": {"uv": [7, 15.75, 9, 16], "texture": "#5"},
				"down": {"uv": [7, 0, 9, 0.25], "texture": "#5"}
			}
		},
		{
			"from": [7.25, 6.75, 15.75],
			"to": [8.75, 7, 16],
			"faces": {
				"north": {"uv": [7.25, 9, 8.75, 9.25], "texture": "#5"},
				"east": {"uv": [0, 9, 0.25, 9.25], "texture": "#5"},
				"south": {"uv": [7.25, 9, 8.75, 9.25], "texture": "#5"},
				"west": {"uv": [15.75, 9, 16, 9.25], "texture": "#5"},
				"up": {"uv": [7.25, 15.75, 8.75, 16], "texture": "#5"},
				"down": {"uv": [7.25, 0, 8.75, 0.25], "texture": "#5"}
			}
		},
		{
			"from": [8.75, 7.25, 15.5],
			"to": [9, 8.75, 15.75],
			"faces": {
				"north": {"uv": [7, 9.25, 8.25, 10.75], "rotation": 270, "texture": "#1"},
				"east": {"uv": [0.25, 7.25, 0.5, 8.75], "rotation": 270, "texture": "#1"},
				"south": {"uv": [8.75, 7.25, 9, 8.75], "rotation": 270, "texture": "#1"},
				"west": {"uv": [15.5, 7.25, 15.75, 8.75], "rotation": 270, "texture": "#1"},
				"up": {"uv": [8.75, 15.5, 9, 15.75], "rotation": 270, "texture": "#1"},
				"down": {"uv": [8.75, 0.25, 9, 0.5], "rotation": 270, "texture": "#1"}
			}
		},
		{
			"from": [7, 7.25, 15.5],
			"to": [7.25, 8.75, 15.75],
			"faces": {
				"north": {"uv": [7.75, 7.25, 9, 9.75], "rotation": 180, "texture": "#1"},
				"east": {"uv": [0.25, 7.25, 0.5, 8.75], "rotation": 270, "texture": "#1"},
				"south": {"uv": [7, 7.25, 7.25, 8.75], "texture": "#1"},
				"west": {"uv": [15.5, 7.25, 15.75, 8.75], "rotation": 90, "texture": "#1"},
				"up": {"uv": [7, 15.5, 7.25, 15.75], "rotation": 180, "texture": "#1"},
				"down": {"uv": [7, 0.25, 7.25, 0.5], "texture": "#1"}
			}
		},
		{
			"from": [7.25, 7, 15.5],
			"to": [8.75, 7.25, 15.75],
			"faces": {
				"north": {"uv": [7.25, 8.75, 8.75, 10], "rotation": 180, "texture": "#1"},
				"east": {"uv": [0.25, 8.75, 0.5, 9], "rotation": 270, "texture": "#1"},
				"south": {"uv": [7.25, 8.75, 8.75, 9], "texture": "#1"},
				"west": {"uv": [15.5, 8.75, 15.75, 9], "rotation": 90, "texture": "#1"},
				"up": {"uv": [7.25, 15.5, 8.75, 15.75], "rotation": 180, "texture": "#1"},
				"down": {"uv": [7.25, 0.25, 8.75, 0.5], "texture": "#1"}
			}
		},
		{
			"from": [7.25, 8.75, 15.5],
			"to": [8.75, 9, 15.75],
			"faces": {
				"north": {"uv": [7.25, 9, 8.75, 9.25], "rotation": 180, "texture": "#1"},
				"east": {"uv": [0.25, 7, 0.5, 7.25], "rotation": 180, "texture": "#1"},
				"south": {"uv": [7.25, 7, 8.75, 7.25], "rotation": 180, "texture": "#1"},
				"west": {"uv": [15.5, 7, 15.75, 7.25], "rotation": 180, "texture": "#1"},
				"up": {"uv": [7.25, 15.5, 8.75, 15.75], "rotation": 180, "texture": "#1"},
				"down": {"uv": [7.25, 0.25, 8.75, 0.5], "rotation": 180, "texture": "#1"}
			}
		},
		{
			"from": [7.25, 9, 15.75],
			"to": [8.75, 9.25, 16],
			"faces": {
				"north": {"uv": [7.25, 6.75, 8.75, 7], "texture": "#5"},
				"east": {"uv": [0, 6.75, 0.25, 7], "texture": "#5"},
				"south": {"uv": [7.25, 6.75, 8.75, 7], "texture": "#5"},
				"west": {"uv": [15.75, 6.75, 16, 7], "texture": "#5"},
				"up": {"uv": [7.25, 15.75, 8.75, 16], "texture": "#5"},
				"down": {"uv": [7.25, 0, 8.75, 0.25], "texture": "#5"}
			}
		},
		{
			"from": [7.25, 7.25, 15.5],
			"to": [7.5, 7.5, 15.75],
			"faces": {
				"north": {"uv": [8.5, 8.5, 9.75, 9.75], "rotation": 180, "texture": "#1"},
				"east": {"uv": [0.25, 8.5, 0.5, 8.75], "rotation": 270, "texture": "#1"},
				"south": {"uv": [7.25, 8.5, 7.5, 8.75], "texture": "#1"},
				"west": {"uv": [15.5, 8.5, 15.75, 8.75], "rotation": 90, "texture": "#1"},
				"up": {"uv": [7.25, 15.5, 7.5, 15.75], "rotation": 180, "texture": "#1"},
				"down": {"uv": [7.25, 0.25, 7.5, 0.5], "texture": "#1"}
			}
		},
		{
			"from": [8.5, 7.25, 15.5],
			"to": [8.75, 7.5, 15.75],
			"faces": {
				"north": {"uv": [7.25, 8.5, 8.5, 9.75], "rotation": 180, "texture": "#1"},
				"east": {"uv": [0.25, 8.5, 0.5, 8.75], "rotation": 270, "texture": "#1"},
				"south": {"uv": [8.5, 8.5, 8.75, 8.75], "texture": "#1"},
				"west": {"uv": [15.5, 8.5, 15.75, 8.75], "rotation": 90, "texture": "#1"},
				"up": {"uv": [8.5, 15.5, 8.75, 15.75], "rotation": 180, "texture": "#1"},
				"down": {"uv": [8.5, 0.25, 8.75, 0.5], "texture": "#1"}
			}
		},
		{
			"from": [8.5, 8.5, 15.5],
			"to": [8.75, 8.75, 15.75],
			"faces": {
				"north": {"uv": [7.25, 7.25, 8.5, 8.5], "rotation": 180, "texture": "#1"},
				"east": {"uv": [0.25, 7.25, 0.5, 7.5], "rotation": 270, "texture": "#1"},
				"south": {"uv": [8.5, 7.25, 8.75, 7.5], "texture": "#1"},
				"west": {"uv": [15.5, 7.25, 15.75, 7.5], "rotation": 90, "texture": "#1"},
				"up": {"uv": [8.5, 15.5, 8.75, 15.75], "rotation": 180, "texture": "#1"},
				"down": {"uv": [8.5, 0.25, 8.75, 0.5], "texture": "#1"}
			}
		},
		{
			"from": [7.25, 8.5, 15.5],
			"to": [7.5, 8.75, 15.75],
			"faces": {
				"north": {"uv": [8.5, 7.25, 8.75, 7.5], "rotation": 180, "texture": "#1"},
				"east": {"uv": [0.25, 7.25, 0.5, 7.5], "rotation": 270, "texture": "#1"},
				"south": {"uv": [7.25, 7.25, 7.5, 7.5], "texture": "#1"},
				"west": {"uv": [15.5, 7.25, 15.75, 7.5], "rotation": 90, "texture": "#1"},
				"up": {"uv": [7.25, 15.5, 7.5, 15.75], "rotation": 180, "texture": "#1"},
				"down": {"uv": [7.25, 0.25, 7.5, 0.5], "texture": "#1"}
			}
		},
		{
			"from": [7.5, 8.5, 15],
			"to": [8.5, 8.75, 15.75],
			"faces": {
				"north": {"uv": [7.5, 7.25, 8.5, 7.5], "rotation": 270, "texture": "#3"},
				"east": {"uv": [0.25, 7.25, 1, 7.5], "rotation": 270, "texture": "#3"},
				"south": {"uv": [7.5, 7.25, 8.5, 7.5], "rotation": 270, "texture": "#3"},
				"west": {"uv": [15, 7.25, 15.75, 7.5], "rotation": 270, "texture": "#3"},
				"up": {"uv": [7.5, 15, 8.5, 15.75], "rotation": 270, "texture": "#3"},
				"down": {"uv": [7.5, 0.25, 8.5, 1], "rotation": 270, "texture": "#3"}
			}
		},
		{
			"from": [7.25, 8.25, 15],
			"to": [8.75, 8.5, 15.75],
			"faces": {
				"north": {"uv": [9, 7, 11.5, 8.25], "rotation": 270, "texture": "#3"},
				"east": {"uv": [0.25, 7.5, 0.5, 7.75], "rotation": 270, "texture": "#3"},
				"south": {"uv": [7.25, 7.5, 8.75, 7.75], "rotation": 270, "texture": "#3"},
				"west": {"uv": [15.5, 7.5, 15.75, 7.75], "rotation": 270, "texture": "#3"},
				"up": {"uv": [7.25, 15.5, 8.75, 15.75], "rotation": 270, "texture": "#3"},
				"down": {"uv": [7.25, 0.25, 8.75, 0.5], "rotation": 270, "texture": "#3"}
			}
		},
		{
			"from": [8.25, 7.75, 15],
			"to": [8.75, 8.25, 15.75],
			"faces": {
				"north": {"uv": [11, 10, 12.5, 11.5], "rotation": 270, "texture": "#3"},
				"east": {"uv": [0.25, 7.75, 0.5, 8.25], "rotation": 270, "texture": "#3"},
				"south": {"uv": [8.25, 7.75, 8.75, 8.25], "rotation": 270, "texture": "#3"},
				"west": {"uv": [15.5, 7.75, 15.75, 8.25], "rotation": 270, "texture": "#3"},
				"up": {"uv": [8.25, 15.5, 8.75, 15.75], "rotation": 270, "texture": "#3"},
				"down": {"uv": [8.25, 0.25, 8.75, 0.5], "rotation": 270, "texture": "#3"}
			}
		},
		{
			"from": [7.75, 7.75, 15],
			"to": [8.25, 8.25, 15.75],
			"faces": {
				"north": {"uv": [7.75, 7.75, 8.25, 8.25], "rotation": 180, "texture": "#5"},
				"east": {"uv": [0.25, 7.75, 1, 8.25], "rotation": 270, "texture": "#5"},
				"south": {"uv": [7.75, 7.75, 8.25, 8.25], "texture": "#5"},
				"west": {"uv": [15, 7.75, 15.75, 8.25], "rotation": 90, "texture": "#5"},
				"up": {"uv": [7.75, 15, 8.25, 15.75], "rotation": 180, "texture": "#5"},
				"down": {"uv": [7.75, 0.25, 8.25, 1], "texture": "#5"}
			}
		},
		{
			"from": [7.25, 7.75, 15],
			"to": [7.75, 8.25, 15.75],
			"faces": {
				"north": {"uv": [8.25, 7.75, 8.75, 8.25], "rotation": 90, "texture": "#3"},
				"east": {"uv": [0.25, 7.75, 1, 8.25], "rotation": 90, "texture": "#3"},
				"south": {"uv": [7.25, 7.75, 7.75, 8.25], "rotation": 90, "texture": "#3"},
				"west": {"uv": [15, 7.75, 15.75, 8.25], "rotation": 90, "texture": "#3"},
				"up": {"uv": [7.25, 15, 7.75, 15.75], "rotation": 90, "texture": "#3"},
				"down": {"uv": [7.25, 0.25, 7.75, 1], "rotation": 90, "texture": "#3"}
			}
		},
		{
			"from": [7.25, 7.5, 15],
			"to": [8.75, 7.75, 15.75],
			"faces": {
				"north": {"uv": [7.25, 8.25, 8.75, 8.5], "rotation": 270, "texture": "#3"},
				"east": {"uv": [0.25, 8.25, 1, 8.5], "rotation": 270, "texture": "#3"},
				"south": {"uv": [7.25, 8.25, 8.75, 8.5], "rotation": 270, "texture": "#3"},
				"west": {"uv": [15, 8.25, 15.75, 8.5], "rotation": 270, "texture": "#3"},
				"up": {"uv": [7.25, 15, 8.75, 15.75], "rotation": 270, "texture": "#3"},
				"down": {"uv": [7.25, 0.25, 8.75, 1], "rotation": 270, "texture": "#3"}
			}
		},
		{
			"from": [7.5, 7.25, 15],
			"to": [8.5, 7.5, 15.75],
			"faces": {
				"north": {"uv": [7.5, 8.5, 8.5, 8.75], "rotation": 270, "texture": "#3"},
				"east": {"uv": [0.25, 8.5, 1, 8.75], "rotation": 270, "texture": "#3"},
				"south": {"uv": [7.5, 8.5, 8.5, 8.75], "rotation": 270, "texture": "#3"},
				"west": {"uv": [15, 8.5, 15.75, 8.75], "rotation": 270, "texture": "#3"},
				"up": {"uv": [7.5, 15, 8.5, 15.75], "rotation": 270, "texture": "#3"},
				"down": {"uv": [7.5, 0.25, 8.5, 1], "rotation": 270, "texture": "#3"}
			}
		}
	],
	"display": {
		"thirdperson_righthand": {
			"rotation": [0, 94, 0],
			"translation": [-7.25, 0, 0]
		},
		"firstperson_righthand": {
			"rotation": [0, 90, 0],
			"translation": [-3.5, 0, 0]
		},
		"ground": {
			"translation": [0, 0, -5.5],
			"scale": [0.75, 0.75, 0.75]
		},
		"gui": {
			"rotation": [30, -135, 0],
			"translation": [17, -7.75, 0],
			"scale": [3, 3, 3]
		},
		"fixed": {
			"translation": [0, 0, -9.5],
			"scale": [1.2, 1.2, 1.2]
		}
	}
}