{
	"credit": "Made with the Blockbench",
  "parent": "block/cube",
  "ambientocclusion": false,
	"textures": {
		"1": "rsgauges:blocks/indicator/indicator_fg_red_on_texture",
		"metal": "rsgauges:blocks/common/old_iron",
		"particle": "rsgauges:blocks/common/old_iron"
	},
	"elements": [
		{
			"from": [0, 0.125, 3.25],
			"to": [4, 0.375, 6.375],
			"faces": {
				"north": {"uv": [0, 0, 14, 0.25], "texture": "#metal"},
				"east": {"uv": [0, 0, 12, 0.25], "texture": "#metal"},
				"south": {"uv": [0, 0, 14, 0.25], "texture": "#metal"},
				"west": {"uv": [0, 15, 12, 15.25], "texture": "#metal"},
				"up": {"uv": [0, 2, 11, 10], "texture": "#metal"},
				"down": {"uv": [2, 4, 16, 16], "texture": "#metal"}
			}
		},
		{
			"from": [0, 0.125, 6.375],
			"to": [4, 0.375, 9.5],
			"faces": {
				"north": {"uv": [0, 0, 14, 0.25], "texture": "#metal"},
				"east": {"uv": [0, 0, 12, 0.25], "texture": "#metal"},
				"south": {"uv": [0, 0, 14, 0.25], "texture": "#metal"},
				"west": {"uv": [4, 11, 16, 11.25], "texture": "#metal"},
				"up": {"uv": [2, 7, 12, 15], "texture": "#metal"},
				"down": {"uv": [2, 2, 16, 14], "texture": "#metal"}
			}
		},
		{
			"from": [0, 0.125, 12.75],
			"to": [4, 0.375, 16],
			"faces": {
				"north": {"uv": [0, 0, 14, 0.25], "texture": "#metal"},
				"east": {"uv": [0, 0, 12, 0.25], "texture": "#metal"},
				"south": {"uv": [0, 5, 14, 5.25], "texture": "#metal"},
				"west": {"uv": [3, 4, 15, 4.25], "texture": "#metal"},
				"up": {"uv": [0, 8, 10, 16], "texture": "#metal"},
				"down": {"uv": [0, 0, 14, 12], "texture": "#metal"}
			}
		},
		{
			"from": [0, 0.125, 0],
			"to": [4, 0.375, 3.25],
			"faces": {
				"north": {"uv": [2, 12, 16, 12.25], "texture": "#metal"},
				"east": {"uv": [0, 0, 12, 0.25], "texture": "#metal"},
				"south": {"uv": [0, 0, 14, 0.25], "texture": "#metal"},
				"west": {"uv": [0, 0, 12, 0.25], "texture": "#metal"},
				"up": {"uv": [0, 0, 10, 8], "texture": "#metal"},
				"down": {"uv": [1, 1, 15, 13], "texture": "#metal"}
			}
		},
		{
			"from": [0, 0, 13],
			"to": [1.125, 0.125, 16],
			"faces": {
				"north": {"uv": [2, 7, 16, 8], "texture": "#metal"},
				"east": {"uv": [2, 7, 16, 8], "texture": "#metal"},
				"south": {"uv": [2, 7, 16, 8], "texture": "#metal"},
				"west": {"uv": [2, 7, 16, 8], "texture": "#metal"},
				"up": {"uv": [2, 3, 8, 12], "texture": "#metal"},
				"down": {"uv": [10, 6, 16, 16], "texture": "#metal"}
			}
		},
		{
			"from": [14.875, 0, 13],
			"to": [16, 0.125, 16],
			"faces": {
				"north": {"uv": [2, 7, 16, 8], "texture": "#metal"},
				"east": {"uv": [2, 7, 16, 8], "texture": "#metal"},
				"south": {"uv": [2, 7, 16, 8], "texture": "#metal"},
				"west": {"uv": [2, 7, 16, 8], "texture": "#metal"},
				"up": {"uv": [2, 3, 8, 12], "texture": "#metal"},
				"down": {"uv": [10, 6, 16, 16], "texture": "#metal"}
			}
		},
		{
			"from": [14.875, 0, 0],
			"to": [16, 0.125, 3],
			"faces": {
				"north": {"uv": [2, 7, 16, 8], "texture": "#metal"},
				"east": {"uv": [2, 7, 16, 8], "texture": "#metal"},
				"south": {"uv": [2, 7, 16, 8], "texture": "#metal"},
				"west": {"uv": [2, 7, 16, 8], "texture": "#metal"},
				"up": {"uv": [2, 3, 8, 12], "texture": "#metal"},
				"down": {"uv": [10, 6, 16, 16], "texture": "#metal"}
			}
		},
		{
			"from": [0, 0, 0],
			"to": [1.125, 0.125, 3],
			"faces": {
				"north": {"uv": [2, 7, 16, 8], "texture": "#metal"},
				"east": {"uv": [2, 7, 16, 8], "texture": "#metal"},
				"south": {"uv": [2, 7, 16, 8], "texture": "#metal"},
				"west": {"uv": [2, 7, 16, 8], "texture": "#metal"},
				"up": {"uv": [2, 3, 8, 12], "texture": "#metal"},
				"down": {"uv": [10, 6, 16, 16], "texture": "#metal"}
			}
		},
		{
			"from": [0, 0.125, 9.5],
			"to": [4, 0.375, 12.75],
			"faces": {
				"north": {"uv": [0, 0, 14, 0.25], "texture": "#metal"},
				"east": {"uv": [0, 0, 12, 0.25], "texture": "#metal"},
				"south": {"uv": [0, 0, 14, 0.25], "texture": "#metal"},
				"west": {"uv": [4, 11, 16, 11.25], "texture": "#metal"},
				"up": {"uv": [3, 6, 13, 14], "texture": "#metal"},
				"down": {"uv": [2, 2, 16, 14], "texture": "#metal"}
			}
		},
		{
			"from": [4, 0.125, 0],
			"to": [8, 0.375, 3.25],
			"faces": {
				"north": {"uv": [2, 12, 16, 12.25], "texture": "#metal"},
				"east": {"uv": [0, 0, 12, 0.25], "texture": "#metal"},
				"south": {"uv": [0, 0, 14, 0.25], "texture": "#metal"},
				"west": {"uv": [0, 0, 12, 0.25], "texture": "#metal"},
				"up": {"uv": [6, 0, 16, 8], "texture": "#metal"},
				"down": {"uv": [1, 1, 15, 13], "texture": "#metal"}
			}
		},
		{
			"from": [4, 0.125, 3.25],
			"to": [8, 0.375, 6.375],
			"faces": {
				"north": {"uv": [0, 0, 14, 0.25], "texture": "#metal"},
				"east": {"uv": [0, 0, 12, 0.25], "texture": "#metal"},
				"south": {"uv": [0, 0, 14, 0.25], "texture": "#metal"},
				"west": {"uv": [0, 15, 12, 15.25], "texture": "#metal"},
				"up": {"uv": [0, 4, 11, 12], "texture": "#metal"},
				"down": {"uv": [2, 4, 16, 16], "texture": "#metal"}
			}
		},
		{
			"from": [4, 0.125, 6.375],
			"to": [8, 0.375, 9.5],
			"faces": {
				"north": {"uv": [0, 0, 14, 0.25], "texture": "#metal"},
				"east": {"uv": [0, 0, 12, 0.25], "texture": "#metal"},
				"south": {"uv": [0, 0, 14, 0.25], "texture": "#metal"},
				"west": {"uv": [4, 11, 16, 11.25], "texture": "#metal"},
				"up": {"uv": [4, 5, 14, 13], "texture": "#metal"},
				"down": {"uv": [2, 2, 16, 14], "texture": "#metal"}
			}
		},
		{
			"from": [4, 0.125, 9.5],
			"to": [8, 0.375, 12.75],
			"faces": {
				"north": {"uv": [0, 0, 14, 0.25], "texture": "#metal"},
				"east": {"uv": [0, 0, 12, 0.25], "texture": "#metal"},
				"south": {"uv": [0, 0, 14, 0.25], "texture": "#metal"},
				"west": {"uv": [4, 11, 16, 11.25], "texture": "#metal"},
				"up": {"uv": [0, 8, 10, 16], "texture": "#metal"},
				"down": {"uv": [2, 2, 16, 14], "texture": "#metal"}
			}
		},
		{
			"from": [4, 0.125, 12.75],
			"to": [8, 0.375, 16],
			"faces": {
				"north": {"uv": [0, 0, 14, 0.25], "texture": "#metal"},
				"east": {"uv": [0, 0, 12, 0.25], "texture": "#metal"},
				"south": {"uv": [0, 5, 14, 5.25], "texture": "#metal"},
				"west": {"uv": [3, 4, 15, 4.25], "texture": "#metal"},
				"up": {"uv": [3, 7, 13, 15], "texture": "#metal"},
				"down": {"uv": [0, 0, 14, 12], "texture": "#metal"}
			}
		},
		{
			"from": [12, 0.125, 0],
			"to": [16, 0.375, 3.25],
			"faces": {
				"north": {"uv": [2, 12, 16, 12.25], "texture": "#metal"},
				"east": {"uv": [0, 0, 12, 0.25], "texture": "#metal"},
				"south": {"uv": [0, 0, 14, 0.25], "texture": "#metal"},
				"west": {"uv": [0, 0, 12, 0.25], "texture": "#metal"},
				"up": {"uv": [2, 0, 12, 8], "texture": "#metal"},
				"down": {"uv": [1, 1, 15, 13], "texture": "#metal"}
			}
		},
		{
			"from": [12, 0.125, 3.25],
			"to": [16, 0.375, 6.375],
			"faces": {
				"north": {"uv": [0, 0, 14, 0.25], "texture": "#metal"},
				"east": {"uv": [0, 0, 12, 0.25], "texture": "#metal"},
				"south": {"uv": [0, 0, 14, 0.25], "texture": "#metal"},
				"west": {"uv": [0, 15, 12, 15.25], "texture": "#metal"},
				"up": {"uv": [0, 3, 11, 11], "texture": "#metal"},
				"down": {"uv": [2, 4, 16, 16], "texture": "#metal"}
			}
		},
		{
			"from": [12, 0.125, 6.375],
			"to": [16, 0.375, 9.5],
			"faces": {
				"north": {"uv": [0, 0, 14, 0.25], "texture": "#metal"},
				"east": {"uv": [0, 0, 12, 0.25], "texture": "#metal"},
				"south": {"uv": [0, 0, 14, 0.25], "texture": "#metal"},
				"west": {"uv": [4, 11, 16, 11.25], "texture": "#metal"},
				"up": {"uv": [4, 4, 14, 12], "texture": "#metal"},
				"down": {"uv": [2, 2, 16, 14], "texture": "#metal"}
			}
		},
		{
			"from": [12, 0.125, 9.5],
			"to": [16, 0.375, 12.75],
			"faces": {
				"north": {"uv": [0, 0, 14, 0.25], "texture": "#metal"},
				"east": {"uv": [0, 0, 12, 0.25], "texture": "#metal"},
				"south": {"uv": [0, 0, 14, 0.25], "texture": "#metal"},
				"west": {"uv": [4, 11, 16, 11.25], "texture": "#metal"},
				"up": {"uv": [3, 5, 13, 13], "texture": "#metal"},
				"down": {"uv": [2, 2, 16, 14], "texture": "#metal"}
			}
		},
		{
			"from": [12, 0.125, 12.75],
			"to": [16, 0.375, 16],
			"faces": {
				"north": {"uv": [0, 0, 14, 0.25], "texture": "#metal"},
				"east": {"uv": [0, 0, 12, 0.25], "texture": "#metal"},
				"south": {"uv": [0, 5, 14, 5.25], "texture": "#metal"},
				"west": {"uv": [3, 4, 15, 4.25], "texture": "#metal"},
				"up": {"uv": [6, 6, 16, 14], "texture": "#metal"},
				"down": {"uv": [0, 0, 14, 12], "texture": "#metal"}
			}
		},
		{
			"from": [8, 0.125, 0],
			"to": [12, 0.375, 3.25],
			"faces": {
				"north": {"uv": [2, 12, 16, 12.25], "texture": "#metal"},
				"east": {"uv": [0, 0, 12, 0.25], "texture": "#metal"},
				"south": {"uv": [0, 0, 14, 0.25], "texture": "#metal"},
				"west": {"uv": [0, 0, 12, 0.25], "texture": "#metal"},
				"up": {"uv": [4, 1, 14, 9], "texture": "#metal"},
				"down": {"uv": [1, 1, 15, 13], "texture": "#metal"}
			}
		},
		{
			"from": [8, 0.125, 3.25],
			"to": [12, 0.375, 6.375],
			"faces": {
				"north": {"uv": [0, 0, 14, 0.25], "texture": "#metal"},
				"east": {"uv": [0, 0, 12, 0.25], "texture": "#metal"},
				"south": {"uv": [0, 0, 14, 0.25], "texture": "#metal"},
				"west": {"uv": [0, 15, 12, 15.25], "texture": "#metal"},
				"up": {"uv": [5, 8, 16, 16], "texture": "#metal"},
				"down": {"uv": [2, 4, 16, 16], "texture": "#metal"}
			}
		},
		{
			"from": [8, 0.25, 6.375],
			"to": [12, 0.375, 9.5],
			"faces": {
				"north": {"uv": [0, 0, 14, 0.25], "texture": "#metal"},
				"east": {"uv": [0, 0, 12, 0.25], "texture": "#metal"},
				"south": {"uv": [0, 0, 14, 0.25], "texture": "#metal"},
				"west": {"uv": [4, 11, 16, 11.25], "texture": "#metal"},
				"up": {"uv": [4, 4, 14, 12], "texture": "#metal"},
				"down": {"uv": [2, 2, 16, 14], "texture": "#metal"}
			}
		},
		{
			"from": [8, 0.125, 9.5],
			"to": [12, 0.375, 12.75],
			"faces": {
				"north": {"uv": [0, 0, 14, 0.25], "texture": "#metal"},
				"east": {"uv": [0, 0, 12, 0.25], "texture": "#metal"},
				"south": {"uv": [0, 0, 14, 0.25], "texture": "#metal"},
				"west": {"uv": [4, 11, 16, 11.25], "texture": "#metal"},
				"up": {"uv": [3, 3, 13, 11], "texture": "#metal"},
				"down": {"uv": [2, 2, 16, 14], "texture": "#metal"}
			}
		},
		{
			"from": [8, 0.125, 12.75],
			"to": [12, 0.375, 16],
			"faces": {
				"north": {"uv": [0, 0, 14, 0.25], "texture": "#metal"},
				"east": {"uv": [0, 0, 12, 0.25], "texture": "#metal"},
				"south": {"uv": [0, 5, 14, 5.25], "texture": "#metal"},
				"west": {"uv": [3, 4, 15, 4.25], "texture": "#metal"},
				"up": {"uv": [6, 8, 16, 16], "texture": "#metal"},
				"down": {"uv": [0, 0, 14, 12], "texture": "#metal"}
			}
		},
		{
			"from": [7.5, 0, 0],
			"to": [8.5, 0.125, 6.5],
			"faces": {
				"north": {"uv": [2, 12, 16, 12.25], "texture": "#1"},
				"east": {"uv": [0, 0, 12, 0.25], "texture": "#1"},
				"south": {"uv": [0, 0, 14, 0.25], "texture": "#1"},
				"west": {"uv": [0, 0, 12, 0.25], "texture": "#1"},
				"up": {"uv": [4, 1, 14, 9], "texture": "#1"},
				"down": {"uv": [1, 0, 16, 4], "texture": "#1"}
			}
		},
		{
			"from": [8.125, 0, 6.5],
			"to": [11.875, 0.25, 9.375],
			"faces": {
				"north": {"uv": [2, 12, 16, 12.25], "texture": "#1"},
				"east": {"uv": [0, 0, 12, 0.25], "texture": "#1"},
				"south": {"uv": [0, 0, 14, 0.25], "texture": "#1"},
				"west": {"uv": [0, 0, 12, 0.25], "texture": "#1"},
				"up": {"uv": [4, 1, 14, 9], "texture": "#1"},
				"down": {"uv": [1, 1, 15, 13], "texture": "#1"}
			}
		},
		{
			"from": [7.5, 0, 6.5],
			"to": [8.125, 0.125, 8.5],
			"faces": {
				"north": {"uv": [2, 12, 16, 12.25], "texture": "#1"},
				"east": {"uv": [0, 0, 12, 0.25], "texture": "#1"},
				"south": {"uv": [0, 0, 14, 0.25], "texture": "#1"},
				"west": {"uv": [0, 0, 12, 0.25], "texture": "#1"},
				"up": {"uv": [4, 1, 14, 9], "texture": "#1"},
				"down": {"uv": [1, 0, 16, 4], "texture": "#1"}
			}
		}
	],
	"display": {
		"gui": {
			"rotation": [30, 30, 0],
			"translation": [0, 4, 0],
			"scale": [0.7, 0.7, 0.7]
		},
		"fixed": {
			"rotation": [0, 0, 0],
			"translation": [0, 0, 0],
			"scale": [0.5, 0.5, 0.5]
		},
		"ground": {
			"rotation": [90, 0, 0],
			"translation": [0, 0, 0],
			"scale": [0.5, 0.5, 0.5]
		}
	}
}