{
	"parent": "block/cube",
	"ambientocclusion": false,
	"textures": {
    "side":  "rsgauges:blocks/common/darkgraymetal",
    "ui": "rsgauges:blocks/contactswitch/contactmat1_ui",
    "led": "rsgauges:blocks/indicator/indicator_fg_green_off_texture"
	},
	"elements": [
		{
			"from": [1, 0, 0.5],
			"to": [15, 0.25, 12.5],
			"faces": {
				"north": {"uv": [0, 0, 14, 0.25], "texture": "#side"},
				"east": {"uv": [0, 0, 12, 0.25], "texture": "#side"},
				"south": {"uv": [0, 0, 14, 0.25], "texture": "#side"},
				"west": {"uv": [0, 0, 12, 0.25], "texture": "#side"},
				"up": {"uv": [0, 0, 14, 12], "texture": "#side"},
				"down": {"uv": [0, 0, 14, 12], "texture": "#side"}
			}
		},
		{
			"from": [1.25, 0.25, 0.5],
			"to": [8.25, 0.5, 1],
			"faces": {
				"north": {"uv": [0, 0, 2.3125, 0.0625], "texture": "#side"},
				"east": {"uv": [0, 0, 0.125, 0.0625], "texture": "#side"},
				"south": {"uv": [0, 0, 2.3125, 0.0625], "texture": "#side"},
				"west": {"uv": [0, 0, 0.125, 0.0625], "texture": "#side"},
				"up": {"uv": [0, 0, 2.3125, 0.125], "texture": "#side"},
				"down": {"uv": [0, 0, 2.3125, 0.125], "texture": "#side"}
			}
		},
		{
			"from": [1.25, 0.25, 1.25],
			"to": [9, 0.5, 1.75],
			"faces": {
				"north": {"uv": [0, 0, 2.5, 0.0625], "texture": "#side"},
				"east": {"uv": [0, 0, 0.125, 0.0625], "texture": "#side"},
				"south": {"uv": [0, 0, 2.5, 0.0625], "texture": "#side"},
				"west": {"uv": [0, 0, 0.125, 0.0625], "texture": "#side"},
				"up": {"uv": [0, 0, 2.5, 0.125], "texture": "#side"},
				"down": {"uv": [0, 0, 2.5, 0.125], "texture": "#side"}
			}
		},
		{
			"from": [1.25, 0.25, 2],
			"to": [9, 0.5, 2.5],
			"faces": {
				"north": {"uv": [0, 0, 2.5, 0.0625], "texture": "#side"},
				"east": {"uv": [0, 0, 0.125, 0.0625], "texture": "#side"},
				"south": {"uv": [0, 0, 2.5, 0.0625], "texture": "#side"},
				"west": {"uv": [0, 0, 0.125, 0.0625], "texture": "#side"},
				"up": {"uv": [0, 0, 2.5, 0.125], "texture": "#side"},
				"down": {"uv": [0, 0, 2.5, 0.125], "texture": "#side"}
			}
		},
		{
			"from": [1.25, 0.25, 2.75],
			"to": [9, 0.5, 3.25],
			"faces": {
				"north": {"uv": [0, 0, 3.375, 0.0625], "texture": "#side"},
				"east": {"uv": [0, 0, 0.125, 0.0625], "texture": "#side"},
				"south": {"uv": [0, 0, 3.375, 0.0625], "texture": "#side"},
				"west": {"uv": [0, 0, 0.125, 0.0625], "texture": "#side"},
				"up": {"uv": [0, 0, 3.375, 0.125], "texture": "#side"},
				"down": {"uv": [0, 0, 3.375, 0.125], "texture": "#side"}
			}
		},
		{
			"from": [1.25, 0.25, 3.5],
			"to": [14.75, 0.5, 4],
			"faces": {
				"north": {"uv": [0, 0, 13.5, 0.25], "texture": "#side"},
				"east": {"uv": [0, 0, 0.5, 0.25], "texture": "#side"},
				"south": {"uv": [0, 0, 13.5, 0.25], "texture": "#side"},
				"west": {"uv": [0, 0, 0.5, 0.25], "texture": "#side"},
				"up": {"uv": [0, 0, 13.5, 0.5], "texture": "#side"},
				"down": {"uv": [0, 0, 13.5, 0.5], "texture": "#side"}
			}
		},
		{
			"from": [1.25, 0.25, 4.25],
			"to": [14.75, 0.5, 4.75],
			"faces": {
				"north": {"uv": [0, 0, 13.5, 0.25], "texture": "#side"},
				"east": {"uv": [0, 0, 0.5, 0.25], "texture": "#side"},
				"south": {"uv": [0, 0, 13.5, 0.25], "texture": "#side"},
				"west": {"uv": [0, 0, 0.5, 0.25], "texture": "#side"},
				"up": {"uv": [0, 0, 13.5, 0.5], "texture": "#side"},
				"down": {"uv": [0, 0, 13.5, 0.5], "texture": "#side"}
			}
		},
		{
			"from": [1.25, 0.25, 5],
			"to": [14.75, 0.5, 5.5],
			"faces": {
				"north": {"uv": [0, 0, 13.5, 0.25], "texture": "#side"},
				"east": {"uv": [0, 0, 0.5, 0.25], "texture": "#side"},
				"south": {"uv": [0, 0, 13.5, 0.25], "texture": "#side"},
				"west": {"uv": [0, 0, 0.5, 0.25], "texture": "#side"},
				"up": {"uv": [0, 0, 13.5, 0.5], "texture": "#side"},
				"down": {"uv": [0, 0, 13.5, 0.5], "texture": "#side"}
			}
		},
		{
			"from": [1.25, 0.25, 6.5],
			"to": [14.75, 0.5, 7],
			"faces": {
				"north": {"uv": [0, 0, 13.5, 0.25], "texture": "#side"},
				"east": {"uv": [0, 0, 0.5, 0.25], "texture": "#side"},
				"south": {"uv": [0, 0, 13.5, 0.25], "texture": "#side"},
				"west": {"uv": [0, 0, 0.5, 0.25], "texture": "#side"},
				"up": {"uv": [0, 0, 13.5, 0.5], "texture": "#side"},
				"down": {"uv": [0, 0, 13.5, 0.5], "texture": "#side"}
			}
		},
		{
			"from": [1.25, 0.25, 5.75],
			"to": [14.75, 0.5, 6.25],
			"faces": {
				"north": {"uv": [0, 0, 13.5, 0.25], "texture": "#side"},
				"east": {"uv": [0, 0, 0.5, 0.25], "texture": "#side"},
				"south": {"uv": [0, 0, 13.5, 0.25], "texture": "#side"},
				"west": {"uv": [0, 0, 0.5, 0.25], "texture": "#side"},
				"up": {"uv": [0, 0, 13.5, 0.5], "texture": "#side"},
				"down": {"uv": [0, 0, 13.5, 0.5], "texture": "#side"}
			}
		},
		{
			"from": [1.25, 0.25, 7.25],
			"to": [14.75, 0.5, 7.75],
			"faces": {
				"north": {"uv": [0, 0, 13.5, 0.25], "texture": "#side"},
				"east": {"uv": [0, 0, 0.5, 0.25], "texture": "#side"},
				"south": {"uv": [0, 0, 13.5, 0.25], "texture": "#side"},
				"west": {"uv": [0, 0, 0.5, 0.25], "texture": "#side"},
				"up": {"uv": [0, 0, 13.5, 0.5], "texture": "#side"},
				"down": {"uv": [0, 0, 13.5, 0.5], "texture": "#side"}
			}
		},
		{
			"from": [1.25, 0.25, 8],
			"to": [14.75, 0.5, 8.5],
			"faces": {
				"north": {"uv": [0, 0, 13.5, 0.25], "texture": "#side"},
				"east": {"uv": [0, 0, 0.5, 0.25], "texture": "#side"},
				"south": {"uv": [0, 0, 13.5, 0.25], "texture": "#side"},
				"west": {"uv": [0, 0, 0.5, 0.25], "texture": "#side"},
				"up": {"uv": [0, 0, 13.5, 0.5], "texture": "#side"},
				"down": {"uv": [0, 0, 13.5, 0.5], "texture": "#side"}
			}
		},
		{
			"from": [1.25, 0.25, 8.75],
			"to": [14.75, 0.5, 9.25],
			"faces": {
				"north": {"uv": [0, 0, 13.5, 0.25], "texture": "#side"},
				"east": {"uv": [0, 0, 0.5, 0.25], "texture": "#side"},
				"south": {"uv": [0, 0, 13.5, 0.25], "texture": "#side"},
				"west": {"uv": [0, 0, 0.5, 0.25], "texture": "#side"},
				"up": {"uv": [0, 0, 13.5, 0.5], "texture": "#side"},
				"down": {"uv": [0, 0, 13.5, 0.5], "texture": "#side"}
			}
		},
		{
			"from": [1.25, 0.25, 9.5],
			"to": [14.75, 0.5, 10],
			"faces": {
				"north": {"uv": [0, 0, 13.5, 0.25], "texture": "#side"},
				"east": {"uv": [0, 0, 0.5, 0.25], "texture": "#side"},
				"south": {"uv": [0, 0, 13.5, 0.25], "texture": "#side"},
				"west": {"uv": [0, 0, 0.5, 0.25], "texture": "#side"},
				"up": {"uv": [0, 0, 13.5, 0.5], "texture": "#side"},
				"down": {"uv": [0, 0, 13.5, 0.5], "texture": "#side"}
			}
		},
		{
			"from": [1.25, 0.25, 10.25],
			"to": [14.75, 0.5, 10.75],
			"faces": {
				"north": {"uv": [0, 0, 13.5, 0.25], "texture": "#side"},
				"east": {"uv": [0, 0, 0.5, 0.25], "texture": "#side"},
				"south": {"uv": [0, 0, 13.5, 0.25], "texture": "#side"},
				"west": {"uv": [0, 0, 0.5, 0.25], "texture": "#side"},
				"up": {"uv": [0, 0, 13.5, 0.5], "texture": "#side"},
				"down": {"uv": [0, 0, 13.5, 0.5], "texture": "#side"}
			}
		},
		{
			"from": [1.25, 0.25, 11],
			"to": [14.75, 0.5, 11.5],
			"faces": {
				"north": {"uv": [0, 0, 13.5, 0.25], "texture": "#side"},
				"east": {"uv": [0, 0, 0.5, 0.25], "texture": "#side"},
				"south": {"uv": [0, 0, 13.5, 0.25], "texture": "#side"},
				"west": {"uv": [0, 0, 0.5, 0.25], "texture": "#side"},
				"up": {"uv": [0, 0, 13.5, 0.5], "texture": "#side"},
				"down": {"uv": [0, 0, 13.5, 0.5], "texture": "#side"}
			}
		},
		{
			"from": [1.25, 0.25, 11.75],
			"to": [14.75, 0.5, 12.25],
			"faces": {
				"north": {"uv": [0, 0, 13.5, 0.25], "texture": "#side"},
				"east": {"uv": [0, 0, 0.5, 0.25], "texture": "#side"},
				"south": {"uv": [0, 0, 13.5, 0.25], "texture": "#side"},
				"west": {"uv": [0, 0, 0.5, 0.25], "texture": "#side"},
				"up": {"uv": [0, 0, 13.5, 0.5], "texture": "#side"},
				"down": {"uv": [0, 0, 13.5, 0.5], "texture": "#side"}
			}
		},
		{
			"from": [1.5, 0, 0],
			"to": [14.5, 0.25, 0.5],
			"faces": {
				"north": {"uv": [0, 0, 13, 0.25], "texture": "#side"},
				"east": {"uv": [0, 0, 0.5, 0.25], "texture": "#side"},
				"south": {"uv": [0, 0, 13, 0.25], "texture": "#side"},
				"west": {"uv": [0, 0, 0.5, 0.25], "texture": "#side"},
				"up": {"uv": [0, 0, 13, 0.5], "texture": "#side"},
				"down": {"uv": [0, 0, 13, 0.5], "texture": "#side"}
			}
		},
		{
			"from": [9.25, 0.25, 0.5],
			"to": [14.75, 0.5, 3.25],
			"faces": {
				"north": {"uv": [1.25, 15.5, 4.5, 15.75], "texture": "#side"},
				"east": {"uv": [13.5, 15.5, 15.5, 15.75], "texture": "#side"},
				"south": {"uv": [11.5, 15.5, 14.75, 15.75], "texture": "#side"},
				"west": {"uv": [0.5, 15.5, 2.5, 15.75], "texture": "#side"},
				"up": {"uv": [1, 4, 15, 12], "texture": "#ui"},
				"down": {"uv": [11.5, 13.5, 14.75, 15.5], "texture": "#side"}
			}
		},
		{
			"from": [8.5, 0.25, 0.5],
			"to": [9, 0.5, 1],
			"faces": {
				"north": {"uv": [0, 0, 0.5, 0.25], "texture": "#led"},
				"east": {"uv": [0, 0, 0.5, 0.25], "texture": "#led"},
				"south": {"uv": [0, 0, 0.5, 0.25], "texture": "#led"},
				"west": {"uv": [0, 0, 0.5, 0.25], "texture": "#led"},
				"up": {"uv": [0, 0, 0.5, 0.5], "texture": "#led"},
				"down": {"uv": [0, 0, 0.5, 0.5], "texture": "#led"}
			}
		}
	],
	"display": {
		"thirdperson_righthand": {
			"rotation": [64, 0, 0],
			"translation": [0, 0.75, 1.5],
			"scale": [0.3, 0.3, 0.3]
		},
		"firstperson_righthand": {
			"rotation": [20, -5, 0],
			"translation": [5.25, 0, -1.5],
			"scale": [0.35, 0.35, 0.35]
		},
		"ground": {
			"translation": [0, -0.75, 0],
			"scale": [0.3, 0.3, 0.3]
		},
		"gui": {
			"rotation": [30, 45, 0],
			"translation": [1.25, 1.5, 0],
			"scale": [0.8, 0.8, 0.8]
		},
		"fixed": {
			"rotation": [-90, 0, 0],
			"translation": [0, 0, -4],
			"scale": [0.5, 0.5, 0.5]
		}
	}
}