{
	"parent": "block/cube",
	"ambientocclusion": false,
	"textures": {
    "side": "rsgauges:blocks/common/darkgraymetal",
    "led": "rsgauges:blocks/indicator/indicator_fg_green_off_texture",
		"particle": "rsgauges:blocks/common/darkgraymetal"
	},
	"elements": [
		{
			"from": [0, 0, 0],
			"to": [15.5, 0.25, 4],
			"faces": {
				"north": {"uv": [0, 0, 2.3125, 0.0625], "texture": "#side"},
				"east": {"uv": [0, 0, 0.125, 0.0625], "texture": "#side"},
				"south": {"uv": [0, 0, 2.3125, 0.0625], "texture": "#side"},
				"west": {"uv": [0, 0, 0.125, 0.0625], "texture": "#side"},
				"up": {"uv": [0, 0, 2.3125, 0.125], "texture": "#side"},
				"down": {"uv": [0, 0, 2.3125, 0.125], "texture": "#side"}
			}
		},
		{
			"from": [15.5, 0, 0.5],
			"to": [16, 0.25, 4],
			"faces": {
				"north": {"uv": [0, 0, 13.5, 0.25], "texture": "#side"},
				"east": {"uv": [0, 0, 0.5, 0.25], "texture": "#side"},
				"south": {"uv": [0, 0, 13.5, 0.25], "texture": "#side"},
				"west": {"uv": [0, 0, 0.5, 0.25], "texture": "#side"},
				"up": {"uv": [0, 0, 13.5, 0.5], "texture": "#side"},
				"down": {"uv": [0, 0, 13.5, 0.5], "texture": "#side"}
			}
		},
		{
			"from": [0, 0, 4],
			"to": [16, 0.25, 16],
			"faces": {
				"north": {"uv": [0, 0, 13.5, 0.25], "texture": "#side"},
				"east": {"uv": [0, 0, 0.5, 0.25], "texture": "#side"},
				"south": {"uv": [0, 0, 13.5, 0.25], "texture": "#side"},
				"west": {"uv": [0, 0, 0.5, 0.25], "texture": "#side"},
				"up": {"uv": [0, 0, 13.5, 0.5], "texture": "#side"},
				"down": {"uv": [0, 0, 13.5, 0.5], "texture": "#side"}
			}
		},
		{
			"from": [15.5, 0, 0],
			"to": [16, 0.25, 0.5],
			"faces": {
				"north": {"uv": [0, 0, 0.5, 0.25], "texture": "#led"},
				"east": {"uv": [0, 0, 0.5, 0.25], "texture": "#led"},
				"south": {"uv": [0, 0, 0.5, 0.25], "texture": "#led"},
				"west": {"uv": [0, 0, 0.5, 0.25], "texture": "#led"},
				"up": {"uv": [0, 0, 0.5, 0.5], "texture": "#led"},
				"down": {"uv": [0, 0, 0.5, 0.5], "texture": "#led"}
			}
		}
	],
	"display": {
		"thirdperson_righthand": {
			"rotation": [57, 0, 0],
			"translation": [0.25, 1, 1],
			"scale": [0.3, 0.3, 0.3]
		},
		"ground": {
			"translation": [0, 0.25, 0],
			"scale": [0.3, 0.3, 0.3]
		},
		"gui": {
			"rotation": [30, 45, 0],
			"translation": [-0.25, -0.25, 0],
			"scale": [0.6, 0.6, 0.6]
		},
		"fixed": {
			"rotation": [-90, 0, 0],
			"translation": [0, 0, -4],
			"scale": [0.5, 0.5, 0.5]
		}
	}
}