{
	"parent": "block/cube",
	"ambientocclusion": false,
	"textures": {
		"0": "rsgauges:blocks/gauge/flatgauge2bg",
		"1": "rsgauges:blocks/common/redstonered",
		"2": "rsgauges:blocks/common/darkmachinemetal",
		"particle": "rsgauges:blocks/common/darkmachinemetal"
	},
	"elements": [
		{
			"from": [6.25, 4, 15.2],
			"to": [8.75, 5.75, 15.325],
			"faces": {
				"north": {"uv": [7.25, 10.25, 9.75, 12], "texture": "#1"},
				"east": {"uv": [0.675, 10.25, 0.8, 12], "texture": "#1"},
				"west": {"uv": [15.2, 10.25, 15.325, 12], "texture": "#1"},
				"up": {"uv": [6.25, 15.2, 8.75, 15.325], "texture": "#1"},
				"down": {"uv": [6.25, 0.675, 8.75, 0.8], "texture": "#1"}
			}
		},
		{
			"from": [4, 2, 15],
			"to": [5, 14, 16],
			"faces": {
				"north": {"uv": [11, 2, 12, 14], "texture": "#2"},
				"east": {"uv": [0, 0, 1, 12], "texture": "#2"},
				"south": {"uv": [4, 2, 5, 14], "texture": "#2"},
				"west": {"uv": [15, 2, 16, 14], "texture": "#2"},
				"up": {"uv": [4, 15, 5, 16], "texture": "#2"},
				"down": {"uv": [4, 0, 5, 1], "texture": "#2"}
			}
		},
		{
			"from": [11, 2, 15],
			"to": [12, 14, 16],
			"faces": {
				"north": {"uv": [4, 2, 5, 14], "texture": "#2"},
				"east": {"uv": [0, 2, 1, 14], "texture": "#2"},
				"south": {"uv": [11, 2, 12, 14], "texture": "#2"},
				"west": {"uv": [0, 0, 1, 12], "texture": "#2"},
				"up": {"uv": [11, 15, 12, 16], "texture": "#2"},
				"down": {"uv": [11, 0, 12, 1], "texture": "#2"}
			}
		},
		{
			"from": [5, 13, 15],
			"to": [11, 14, 16],
			"faces": {
				"north": {"uv": [5, 2, 11, 3], "texture": "#2"},
				"south": {"uv": [5, 2, 11, 3], "texture": "#2"},
				"up": {"uv": [5, 15, 11, 16], "texture": "#2"},
				"down": {"uv": [0, 0, 6, 1], "texture": "#2"}
			}
		},
		{
			"from": [5, 2, 15],
			"to": [11, 3, 16],
			"faces": {
				"north": {"uv": [5, 13, 11, 14], "texture": "#2"},
				"south": {"uv": [5, 13, 11, 14], "texture": "#2"},
				"up": {"uv": [0, 0, 6, 1], "texture": "#2"},
				"down": {"uv": [5, 0, 11, 1], "texture": "#2"}
			}
		},
		{
			"from": [5, 3, 15.25],
			"to": [11, 13, 16],
			"faces": {
				"north": {"uv": [5, 3, 11, 13], "texture": "#0", "tintindex": 0},
				"south": {"uv": [5, 3, 11, 13], "texture": "#2"}
			}
		}
	],
	"display": {
		"ground": {
			"translation": [0, 0, -7],
			"scale": [0.75, 0.75, 0.75]
		},
		"gui": {
			"rotation": [0, 180, 0],
			"translation": [0, 0.5, 0]
		},
		"fixed": {
			"translation": [0, 0, -7]
		}
	}
}